DATE,WEB_NAME,NETWORK,DEVICE_TYPE,OPERATING_SYSTEM,GENDER,AGE_GROUP,KRAJ,IMPRESSIONS,CLICKS,CONVERSIONS,CONVERSION_VALUE,MONEY
2026-07-26,Aktualitky.cz,context,Desktop,ChromeOS,Žena,40 - 59,Hlavní město Praha,87,0,0,0.0,0.93
2026-07-26,Aktualitky.cz,context,Desktop,ChromeOS,Žena,40 - 59,Středočeský kraj,16,0,0,0.0,0.17
2026-07-26,Aktualitky.cz,context,Desktop,ChromeOS,Žena,40 - 59,Jihočeský kraj,57,0,0,0.0,0.61
2026-07-26,Aktualitky.cz,context,Desktop,ChromeOS,Žena,40 - 59,Plzeňský kraj,52,0,0,0.0,0.55
2026-07-26,Aktualitky.cz,context,Desktop,ChromeOS,Žena,40 - 59,Karlovarský kraj,14,0,0,0.0,0.15
2026-07-26,Aktualitky.cz,context,Desktop,ChromeOS,Žena,40 - 59,Ústecký kraj,62,0,0,0.0,0.66
2026-07-26,Aktualitky.cz,context,Desktop,ChromeOS,Žena,40 - 59,Liberecký kraj,63,1,0,0.0,0.67
2026-07-26,Aktualitky.cz,context,Desktop,ChromeOS,Žena,40 - 59,Královéhradecký kraj,67,0,0,0.0,0.71
2026-07-26,Aktualitky.cz,context,Desktop,ChromeOS,Žena,40 - 59,Pardubický kraj,6,0,0,0.0,0.06
2026-07-26,Aktualitky.cz,context,Desktop,ChromeOS,Žena,40 - 59,Kraj Vysočina,9,0,0,0.0,0.1
2026-07-26,Aktualitky.cz,context,Desktop,ChromeOS,Žena,40 - 59,Jihomoravský kraj,30,0,0,0.0,0.32
2026-07-26,Aktualitky.cz,context,Desktop,ChromeOS,Žena,40 - 59,Olomoucký kraj,55,0,0,0.0,0.59
2026-07-26,Aktualitky.cz,context,Desktop,ChromeOS,Žena,40 - 59,Zlínský kraj,114,0,0,0.0,1.21
2026-07-26,Aktualitky.cz,context,Desktop,ChromeOS,Žena,40 - 59,Moravskoslezský kraj,23,0,0,0.0,0.25
2026-07-26,Baráky.cz,context,Desktop,,Žena,Neznámý,Hlavní město Praha,340,0,0,0.0,0.46
2026-07-26,Baráky.cz,context,Desktop,,Žena,Neznámý,Středočeský kraj,96,0,0,0.0,0.13
2026-07-26,Baráky.cz,context,Desktop,,Žena,Neznámý,Jihočeský kraj,1594,0,0,0.0,2.17
2026-07-26,Baráky.cz,context,Desktop,,Žena,Neznámý,Plzeňský kraj,178,0,0,0.0,0.24
2026-07-26,Baráky.cz,context,Desktop,,Žena,Neznámý,Karlovarský kraj,85,0,0,0.0,0.12
2026-07-26,Baráky.cz,context,Desktop,,Žena,Neznámý,Ústecký kraj,496,0,0,0.0,0.68
2026-07-26,Baráky.cz,context,Desktop,,Žena,Neznámý,Liberecký kraj,110,0,0,0.0,0.15
2026-07-26,Baráky.cz,context,Desktop,,Žena,Neznámý,Královéhradecký kraj,60,0,0,0.0,0.08
2026-07-26,Baráky.cz,context,Desktop,,Žena,Neznámý,Pardubický kraj,715,0,0,0.0,0.97
2026-07-26,Baráky.cz,context,Desktop,,Žena,Neznámý,Kraj Vysočina,785,0,0,0.0,1.07
2026-07-26,Baráky.cz,context,Desktop,,Žena,Neznámý,Jihomoravský kraj,466,0,0,0.0,0.64
2026-07-26,Baráky.cz,context,Desktop,,Žena,Neznámý,Olomoucký kraj,51,0,0,0.0,0.07
2026-07-26,Baráky.cz,context,Desktop,,Žena,Neznámý,Zlínský kraj,519,0,0,0.0,0.71
2026-07-26,Baráky.cz,context,Desktop,,Žena,Neznámý,Moravskoslezský kraj,325,1,0,0.0,0.44
2026-07-26,Blogeria.cz,context,Tablet,Android,Muž,40 - 59,Hlavní město Praha,175,0,0,0.0,1.61
2026-07-26,Blogeria.cz,context,Tablet,Android,Muž,40 - 59,Středočeský kraj,1157,1,0,0.0,10.65
2026-07-26,Blogeria.cz,context,Tablet,Android,Muž,40 - 59,Jihočeský kraj,237,1,0,0.0,2.18
2026-07-26,Blogeria.cz,context,Tablet,Android,Muž,40 - 59,Plzeňský kraj,6267,16,1,0.72,57.71
2026-07-26,Blogeria.cz,context,Tablet,Android,Muž,40 - 59,Karlovarský kraj,173,1,0,0.0,1.59
2026-07-26,Blogeria.cz,context,Tablet,Android,Muž,40 - 59,Ústecký kraj,1951,5,2,1.45,17.97
2026-07-26,Blogeria.cz,context,Tablet,Android,Muž,40 - 59,Liberecký kraj,1763,3,1,0.72,16.24
2026-07-26,Blogeria.cz,context,Tablet,Android,Muž,40 - 59,Královéhradecký kraj,1222,2,0,0.0,11.25
2026-07-26,Blogeria.cz,context,Tablet,Android,Muž,40 - 59,Pardubický kraj,7359,15,0,0.0,67.77
2026-07-26,Blogeria.cz,context,Tablet,Android,Muž,40 - 59,Kraj Vysočina,1754,6,0,0.0,16.15
2026-07-26,Blogeria.cz,context,Tablet,Android,Muž,40 - 59,Jihomoravský kraj,2833,3,0,0.0,26.09
2026-07-26,Blogeria.cz,context,Tablet,Android,Muž,40 - 59,Olomoucký kraj,182,0,0,0.0,1.68
2026-07-26,Blogeria.cz,context,Tablet,Android,Muž,40 - 59,Zlínský kraj,491,0,0,0.0,4.52
2026-07-26,Blogeria.cz,context,Tablet,Android,Muž,40 - 59,Moravskoslezský kraj,179,0,0,0.0,1.65
2026-07-26,Drbárna.cz,context,Mobile,,Muž,40 - 59,Hlavní město Praha,13,0,0,0.0,0.0
2026-07-26,Drbárna.cz,context,Mobile,,Muž,40 - 59,Středočeský kraj,1,0,0,0.0,0.0
2026-07-26,Drbárna.cz,context,Mobile,,Muž,40 - 59,Jihočeský kraj,2,0,0,0.0,0.0
2026-07-26,Drbárna.cz,context,Mobile,,Muž,40 - 59,Plzeňský kraj,2,0,0,0.0,0.0
2026-07-26,Drbárna.cz,context,Mobile,,Muž,40 - 59,Karlovarský kraj,2,0,0,0.0,0.0
2026-07-26,Drbárna.cz,context,Mobile,,Muž,40 - 59,Ústecký kraj,3,0,0,0.0,0.0
2026-07-26,Drbárna.cz,context,Mobile,,Muž,40 - 59,Liberecký kraj,1,0,0,0.0,0.0
2026-07-26,Drbárna.cz,context,Mobile,,Muž,40 - 59,Královéhradecký kraj,6,0,0,0.0,0.0
2026-07-26,Drbárna.cz,context,Mobile,,Muž,40 - 59,Pardubický kraj,1,0,0,0.0,0.0
2026-07-26,Drbárna.cz,context,Mobile,,Muž,40 - 59,Kraj Vysočina,1,0,0,0.0,0.0
2026-07-26,Drbárna.cz,context,Mobile,,Muž,40 - 59,Jihomoravský kraj,3,0,0,0.0,0.0
2026-07-26,Drbárna.cz,context,Mobile,,Muž,40 - 59,Olomoucký kraj,1,0,0,0.0,0.0
2026-07-26,Drbárna.cz,context,Mobile,,Muž,40 - 59,Zlínský kraj,5,0,0,0.0,0.0
2026-07-26,Drbárna.cz,context,Mobile,,Muž,40 - 59,Moravskoslezský kraj,1,0,0,0.0,0.0
2026-07-26,Drbárna.cz,context,Desktop,ChromeOS,Žena,60+,Hlavní město Praha,325,1,0,0.0,5.83
2026-07-26,Drbárna.cz,context,Desktop,ChromeOS,Žena,60+,Středočeský kraj,535,4,0,0.0,9.59
2026-07-26,Drbárna.cz,context,Desktop,ChromeOS,Žena,60+,Jihočeský kraj,140,1,0,0.0,2.51
2026-07-26,Drbárna.cz,context,Desktop,ChromeOS,Žena,60+,Plzeňský kraj,24,0,0,0.0,0.43
2026-07-26,Drbárna.cz,context,Desktop,ChromeOS,Žena,60+,Karlovarský kraj,1350,3,0,0.0,24.21
2026-07-26,Drbárna.cz,context,Desktop,ChromeOS,Žena,60+,Ústecký kraj,99,1,0,0.0,1.78
2026-07-26,Drbárna.cz,context,Desktop,ChromeOS,Žena,60+,Liberecký kraj,4,0,0,0.0,0.07
2026-07-26,Drbárna.cz,context,Desktop,ChromeOS,Žena,60+,Královéhradecký kraj,780,5,0,0.0,13.99
2026-07-26,Drbárna.cz,context,Desktop,ChromeOS,Žena,60+,Pardubický kraj,404,0,0,0.0,7.24
2026-07-26,Drbárna.cz,context,Desktop,ChromeOS,Žena,60+,Kraj Vysočina,1220,7,0,0.0,21.88
2026-07-26,Drbárna.cz,context,Desktop,ChromeOS,Žena,60+,Jihomoravský kraj,98,1,0,0.0,1.76
2026-07-26,Drbárna.cz,context,Desktop,ChromeOS,Žena,60+,Olomoucký kraj,168,1,0,0.0,3.01
2026-07-26,Drbárna.cz,context,Desktop,ChromeOS,Žena,60+,Zlínský kraj,303,1,0,0.0,5.43
2026-07-26,Drbárna.cz,context,Desktop,ChromeOS,Žena,60+,Moravskoslezský kraj,403,3,0,0.0,7.23
2026-07-26,Drbárna.cz,context,Desktop,,Žena,40 - 59,Hlavní město Praha,1702,2,0,0.0,39.93
2026-07-26,Drbárna.cz,context,Desktop,,Žena,40 - 59,Středočeský kraj,1072,0,0,0.0,25.15
2026-07-26,Drbárna.cz,context,Desktop,,Žena,40 - 59,Jihočeský kraj,49,0,0,0.0,1.15
2026-07-26,Drbárna.cz,context,Desktop,,Žena,40 - 59,Plzeňský kraj,3733,5,0,0.0,87.59
2026-07-26,Drbárna.cz,context,Desktop,,Žena,40 - 59,Karlovarský kraj,1944,4,0,0.0,45.61
2026-07-26,Drbárna.cz,context,Desktop,,Žena,40 - 59,Ústecký kraj,294,1,0,0.0,6.9
2026-07-26,Drbárna.cz,context,Desktop,,Žena,40 - 59,Liberecký kraj,1467,2,0,0.0,34.42
2026-07-26,Drbárna.cz,context,Desktop,,Žena,40 - 59,Královéhradecký kraj,51,0,0,0.0,1.2
2026-07-26,Drbárna.cz,context,Desktop,,Žena,40 - 59,Pardubický kraj,534,0,0,0.0,12.53
2026-07-26,Drbárna.cz,context,Desktop,,Žena,40 - 59,Kraj Vysočina,3159,7,0,0.0,74.12
2026-07-26,Drbárna.cz,context,Desktop,,Žena,40 - 59,Jihomoravský kraj,5824,9,1,0.0,136.65
2026-07-26,Drbárna.cz,context,Desktop,,Žena,40 - 59,Olomoucký kraj,2050,5,0,0.0,48.1
2026-07-26,Drbárna.cz,context,Desktop,,Žena,40 - 59,Zlínský kraj,868,1,0,0.0,20.37
2026-07-26,Drbárna.cz,context,Desktop,,Žena,40 - 59,Moravskoslezský kraj,808,2,0,0.0,18.96
2026-07-26,Kliknito.cz,context,SmartPhone,,Žena,18 - 24,Hlavní město Praha,19,0,0,0.0,0.18
2026-07-26,Kliknito.cz,context,SmartPhone,,Žena,18 - 24,Středočeský kraj,7,0,0,0.0,0.07
2026-07-26,Kliknito.cz,context,SmartPhone,,Žena,18 - 24,Jihočeský kraj,8,0,0,0.0,0.07
2026-07-26,Kliknito.cz,context,SmartPhone,,Žena,18 - 24,Plzeňský kraj,2,0,0,0.0,0.02
2026-07-26,Kliknito.cz,context,SmartPhone,,Žena,18 - 24,Karlovarský kraj,1,0,0,0.0,0.01
2026-07-26,Kliknito.cz,context,SmartPhone,,Žena,18 - 24,Ústecký kraj,1,0,0,0.0,0.01
2026-07-26,Kliknito.cz,context,SmartPhone,,Žena,18 - 24,Liberecký kraj,3,0,0,0.0,0.03
2026-07-26,Kliknito.cz,context,SmartPhone,,Žena,18 - 24,Královéhradecký kraj,8,0,0,0.0,0.07
2026-07-26,Kliknito.cz,context,SmartPhone,,Žena,18 - 24,Pardubický kraj,11,0,0,0.0,0.1
2026-07-26,Kliknito.cz,context,SmartPhone,,Žena,18 - 24,Kraj Vysočina,12,1,0,0.0,0.11
2026-07-26,Kliknito.cz,context,SmartPhone,,Žena,18 - 24,Jihomoravský kraj,9,0,0,0.0,0.08
2026-07-26,Kliknito.cz,context,SmartPhone,,Žena,18 - 24,Olomoucký kraj,24,0,0,0.0,0.22
2026-07-26,Kliknito.cz,context,SmartPhone,,Žena,18 - 24,Zlínský kraj,2,0,0,0.0,0.02
2026-07-26,Kliknito.cz,context,SmartPhone,,Žena,18 - 24,Moravskoslezský kraj,2,0,0,0.0,0.02
2026-07-26,Kliknito.cz,context,MediaHub,Android,Žena,40 - 59,Hlavní město Praha,7,0,0,0.0,0.0
2026-07-26,Kliknito.cz,context,MediaHub,Android,Žena,40 - 59,Středočeský kraj,1,0,0,0.0,0.0
2026-07-26,Kliknito.cz,context,MediaHub,Android,Žena,40 - 59,Jihočeský kraj,1,0,0,0.0,0.0
2026-07-26,Kliknito.cz,context,MediaHub,Android,Žena,40 - 59,Plzeňský kraj,2,0,0,0.0,0.0
2026-07-26,Kliknito.cz,context,MediaHub,Android,Žena,40 - 59,Karlovarský kraj,11,0,0,0.0,0.0
2026-07-26,Kliknito.cz,context,MediaHub,Android,Žena,40 - 59,Ústecký kraj,1,0,0,0.0,0.0
2026-07-26,Kliknito.cz,context,MediaHub,Android,Žena,40 - 59,Liberecký kraj,1,0,0,0.0,0.0
2026-07-26,Kliknito.cz,context,MediaHub,Android,Žena,40 - 59,Královéhradecký kraj,3,0,0,0.0,0.0
2026-07-26,Kliknito.cz,context,MediaHub,Android,Žena,40 - 59,Pardubický kraj,1,0,0,0.0,0.0
2026-07-26,Kliknito.cz,context,MediaHub,Android,Žena,40 - 59,Kraj Vysočina,1,0,0,0.0,0.0
2026-07-26,Kliknito.cz,context,MediaHub,Android,Žena,40 - 59,Jihomoravský kraj,3,0,0,0.0,0.0
2026-07-26,Kliknito.cz,context,MediaHub,Android,Žena,40 - 59,Olomoucký kraj,4,0,0,0.0,0.0
2026-07-26,Kliknito.cz,context,MediaHub,Android,Žena,40 - 59,Zlínský kraj,3,0,0,0.0,0.0
2026-07-26,Kliknito.cz,context,MediaHub,Android,Žena,40 - 59,Moravskoslezský kraj,1,0,0,0.0,0.0
2026-07-26,Kliknito.cz,context,Desktop,,Žena,25 - 39,Hlavní město Praha,226,0,0,0.0,7.91
2026-07-26,Kliknito.cz,context,Desktop,,Žena,25 - 39,Středočeský kraj,169,1,0,0.0,5.92
2026-07-26,Kliknito.cz,context,Desktop,,Žena,25 - 39,Jihočeský kraj,634,2,1,9906.45,22.19
2026-07-26,Kliknito.cz,context,Desktop,,Žena,25 - 39,Plzeňský kraj,200,1,0,0.0,7.0
2026-07-26,Kliknito.cz,context,Desktop,,Žena,25 - 39,Karlovarský kraj,456,0,0,0.0,15.96
2026-07-26,Kliknito.cz,context,Desktop,,Žena,25 - 39,Ústecký kraj,137,1,0,0.0,4.8
2026-07-26,Kliknito.cz,context,Desktop,,Žena,25 - 39,Liberecký kraj,78,1,0,0.0,2.73
2026-07-26,Kliknito.cz,context,Desktop,,Žena,25 - 39,Královéhradecký kraj,157,1,0,0.0,5.5
2026-07-26,Kliknito.cz,context,Desktop,,Žena,25 - 39,Pardubický kraj,679,0,0,0.0,23.77
2026-07-26,Kliknito.cz,context,Desktop,,Žena,25 - 39,Kraj Vysočina,3470,8,0,0.0,121.47
2026-07-26,Kliknito.cz,context,Desktop,,Žena,25 - 39,Jihomoravský kraj,1441,5,1,9906.45,50.44
2026-07-26,Kliknito.cz,context,Desktop,,Žena,25 - 39,Olomoucký kraj,435,0,0,0.0,15.23
2026-07-26,Kliknito.cz,context,Desktop,,Žena,25 - 39,Zlínský kraj,2141,4,0,0.0,74.95
2026-07-26,Kliknito.cz,context,Desktop,,Žena,25 - 39,Moravskoslezský kraj,647,2,0,0.0,22.65
2026-07-26,Kliknito.cz,context,Desktop,macOS,Žena,18 - 24,Hlavní město Praha,321,0,0,0.0,4.73
2026-07-26,Kliknito.cz,context,Desktop,macOS,Žena,18 - 24,Středočeský kraj,277,0,0,0.0,4.08
2026-07-26,Kliknito.cz,context,Desktop,macOS,Žena,18 - 24,Jihočeský kraj,29,0,0,0.0,0.43
2026-07-26,Kliknito.cz,context,Desktop,macOS,Žena,18 - 24,Plzeňský kraj,369,2,0,0.0,5.44
2026-07-26,Kliknito.cz,context,Desktop,macOS,Žena,18 - 24,Karlovarský kraj,486,2,0,0.0,7.17
2026-07-26,Kliknito.cz,context,Desktop,macOS,Žena,18 - 24,Ústecký kraj,131,0,0,0.0,1.93
2026-07-26,Kliknito.cz,context,Desktop,macOS,Žena,18 - 24,Liberecký kraj,80,0,0,0.0,1.18
2026-07-26,Kliknito.cz,context,Desktop,macOS,Žena,18 - 24,Královéhradecký kraj,1042,2,0,0.0,15.36
2026-07-26,Kliknito.cz,context,Desktop,macOS,Žena,18 - 24,Pardubický kraj,750,0,0,0.0,11.06
2026-07-26,Kliknito.cz,context,Desktop,macOS,Žena,18 - 24,Kraj Vysočina,15,0,0,0.0,0.22
2026-07-26,Kliknito.cz,context,Desktop,macOS,Žena,18 - 24,Jihomoravský kraj,196,2,0,0.0,2.89
2026-07-26,Kliknito.cz,context,Desktop,macOS,Žena,18 - 24,Olomoucký kraj,1185,4,0,0.0,17.47
2026-07-26,Kliknito.cz,context,Desktop,macOS,Žena,18 - 24,Zlínský kraj,360,0,0,0.0,5.31
2026-07-26,Kliknito.cz,context,Desktop,macOS,Žena,18 - 24,Moravskoslezský kraj,138,1,0,0.0,2.03
2026-07-26,Kopačka.cz,context,Tv,,Muž,40 - 59,Hlavní město Praha,464,1,1,0.0,2.56
2026-07-26,Kopačka.cz,context,Tv,,Muž,40 - 59,Středočeský kraj,358,1,1,0.0,1.97
2026-07-26,Kopačka.cz,context,Tv,,Muž,40 - 59,Jihočeský kraj,66,0,0,0.0,0.36
2026-07-26,Kopačka.cz,context,Tv,,Muž,40 - 59,Plzeňský kraj,138,0,0,0.0,0.76
2026-07-26,Kopačka.cz,context,Tv,,Muž,40 - 59,Karlovarský kraj,191,0,0,0.0,1.05
2026-07-26,Kopačka.cz,context,Tv,,Muž,40 - 59,Ústecký kraj,95,0,0,0.0,0.52
2026-07-26,Kopačka.cz,context,Tv,,Muž,40 - 59,Liberecký kraj,109,1,1,0.0,0.6
2026-07-26,Kopačka.cz,context,Tv,,Muž,40 - 59,Královéhradecký kraj,55,0,0,0.0,0.3
2026-07-26,Kopačka.cz,context,Tv,,Muž,40 - 59,Pardubický kraj,302,0,0,0.0,1.66
2026-07-26,Kopačka.cz,context,Tv,,Muž,40 - 59,Kraj Vysočina,374,0,0,0.0,2.06
2026-07-26,Kopačka.cz,context,Tv,,Muž,40 - 59,Jihomoravský kraj,69,0,0,0.0,0.38
2026-07-26,Kopačka.cz,context,Tv,,Muž,40 - 59,Olomoucký kraj,38,0,0,0.0,0.21
2026-07-26,Kopačka.cz,context,Tv,,Muž,40 - 59,Zlínský kraj,19,0,0,0.0,0.1
2026-07-26,Kopačka.cz,context,Tv,,Muž,40 - 59,Moravskoslezský kraj,7,0,0,0.0,0.04
2026-07-26,Kopačka.cz,context,Desktop,Windows,Žena,18 - 24,Hlavní město Praha,230,0,0,0.0,2.09
2026-07-26,Kopačka.cz,context,Desktop,Windows,Žena,18 - 24,Středočeský kraj,535,1,0,0.0,4.87
2026-07-26,Kopačka.cz,context,Desktop,Windows,Žena,18 - 24,Jihočeský kraj,546,0,0,0.0,4.97
2026-07-26,Kopačka.cz,context,Desktop,Windows,Žena,18 - 24,Plzeňský kraj,429,1,0,0.0,3.9
2026-07-26,Kopačka.cz,context,Desktop,Windows,Žena,18 - 24,Karlovarský kraj,535,1,0,0.0,4.87
2026-07-26,Kopačka.cz,context,Desktop,Windows,Žena,18 - 24,Ústecký kraj,375,2,0,0.0,3.41
2026-07-26,Kopačka.cz,context,Desktop,Windows,Žena,18 - 24,Liberecký kraj,115,0,0,0.0,1.05
2026-07-26,Kopačka.cz,context,Desktop,Windows,Žena,18 - 24,Královéhradecký kraj,246,1,0,0.0,2.24
2026-07-26,Kopačka.cz,context,Desktop,Windows,Žena,18 - 24,Pardubický kraj,77,0,0,0.0,0.7
2026-07-26,Kopačka.cz,context,Desktop,Windows,Žena,18 - 24,Kraj Vysočina,98,0,0,0.0,0.89
2026-07-26,Kopačka.cz,context,Desktop,Windows,Žena,18 - 24,Jihomoravský kraj,113,0,0,0.0,1.03
2026-07-26,Kopačka.cz,context,Desktop,Windows,Žena,18 - 24,Olomoucký kraj,113,0,0,0.0,1.03
2026-07-26,Kopačka.cz,context,Desktop,Windows,Žena,18 - 24,Zlínský kraj,34,0,0,0.0,0.31
2026-07-26,Kopačka.cz,context,Desktop,Windows,Žena,18 - 24,Moravskoslezský kraj,221,0,0,0.0,2.01
2026-07-26,Kámoši.net,context,Tv,Tizen,Žena,40 - 59,Hlavní město Praha,1,0,0,0.0,0.0
2026-07-26,Kámoši.net,context,Tv,Tizen,Žena,40 - 59,Středočeský kraj,1,0,0,0.0,0.0
2026-07-26,Kámoši.net,context,Tv,Tizen,Žena,40 - 59,Jihočeský kraj,1,0,0,0.0,0.0
2026-07-26,Kámoši.net,context,Tv,Tizen,Žena,40 - 59,Plzeňský kraj,1,0,0,0.0,0.0
2026-07-26,Kámoši.net,context,Tv,Tizen,Žena,40 - 59,Karlovarský kraj,1,0,0,0.0,0.0
2026-07-26,Kámoši.net,context,Tv,Tizen,Žena,40 - 59,Ústecký kraj,1,0,0,0.0,0.0
2026-07-26,Kámoši.net,context,Tv,Tizen,Žena,40 - 59,Liberecký kraj,1,0,0,0.0,0.0
2026-07-26,Kámoši.net,context,Tv,Tizen,Žena,40 - 59,Královéhradecký kraj,1,0,0,0.0,0.0
2026-07-26,Kámoši.net,context,Tv,Tizen,Žena,40 - 59,Pardubický kraj,2,0,0,0.0,0.0
2026-07-26,Kámoši.net,context,Tv,Tizen,Žena,40 - 59,Kraj Vysočina,1,0,0,0.0,0.0
2026-07-26,Kámoši.net,context,Tv,Tizen,Žena,40 - 59,Jihomoravský kraj,1,0,0,0.0,0.0
2026-07-26,Kámoši.net,context,Tv,Tizen,Žena,40 - 59,Olomoucký kraj,1,0,0,0.0,0.0
2026-07-26,Kámoši.net,context,Tv,Tizen,Žena,40 - 59,Zlínský kraj,1,0,0,0.0,0.0
2026-07-26,Kámoši.net,context,Tv,Tizen,Žena,40 - 59,Moravskoslezský kraj,1,0,0,0.0,0.0
2026-07-26,Kámoši.net,context,Tv,,Muž,60+,Hlavní město Praha,69,0,0,0.0,0.59
2026-07-26,Kámoši.net,context,Tv,,Muž,60+,Středočeský kraj,275,0,0,0.0,2.34
2026-07-26,Kámoši.net,context,Tv,,Muž,60+,Jihočeský kraj,58,0,0,0.0,0.49
2026-07-26,Kámoši.net,context,Tv,,Muž,60+,Plzeňský kraj,57,0,0,0.0,0.49
2026-07-26,Kámoši.net,context,Tv,,Muž,60+,Karlovarský kraj,120,0,0,0.0,1.02
2026-07-26,Kámoši.net,context,Tv,,Muž,60+,Ústecký kraj,177,1,0,0.0,1.51
2026-07-26,Kámoši.net,context,Tv,,Muž,60+,Liberecký kraj,8,0,0,0.0,0.07
2026-07-26,Kámoši.net,context,Tv,,Muž,60+,Královéhradecký kraj,35,1,0,0.0,0.3
2026-07-26,Kámoši.net,context,Tv,,Muž,60+,Pardubický kraj,24,0,0,0.0,0.2
2026-07-26,Kámoši.net,context,Tv,,Muž,60+,Kraj Vysočina,1,0,0,0.0,0.01
2026-07-26,Kámoši.net,context,Tv,,Muž,60+,Jihomoravský kraj,83,1,0,0.0,0.71
2026-07-26,Kámoši.net,context,Tv,,Muž,60+,Olomoucký kraj,49,0,0,0.0,0.42
2026-07-26,Kámoši.net,context,Tv,,Muž,60+,Zlínský kraj,23,0,0,0.0,0.2
2026-07-26,Kámoši.net,context,Tv,,Muž,60+,Moravskoslezský kraj,14,0,0,0.0,0.12
2026-07-26,Pozdní Zprávy,context,SmartPhone,,Muž,Neznámý,Hlavní město Praha,33,0,0,0.0,0.25
2026-07-26,Pozdní Zprávy,context,SmartPhone,,Muž,Neznámý,Středočeský kraj,91,0,0,0.0,0.68
2026-07-26,Pozdní Zprávy,context,SmartPhone,,Muž,Neznámý,Jihočeský kraj,71,0,0,0.0,0.53
2026-07-26,Pozdní Zprávy,context,SmartPhone,,Muž,Neznámý,Plzeňský kraj,500,0,0,0.0,3.74
2026-07-26,Pozdní Zprávy,context,SmartPhone,,Muž,Neznámý,Karlovarský kraj,4,0,0,0.0,0.03
2026-07-26,Pozdní Zprávy,context,SmartPhone,,Muž,Neznámý,Ústecký kraj,13,0,0,0.0,0.1
2026-07-26,Pozdní Zprávy,context,SmartPhone,,Muž,Neznámý,Liberecký kraj,20,0,0,0.0,0.15
2026-07-26,Pozdní Zprávy,context,SmartPhone,,Muž,Neznámý,Královéhradecký kraj,76,0,0,0.0,0.57
2026-07-26,Pozdní Zprávy,context,SmartPhone,,Muž,Neznámý,Pardubický kraj,287,0,0,0.0,2.14
2026-07-26,Pozdní Zprávy,context,SmartPhone,,Muž,Neznámý,Kraj Vysočina,54,0,0,0.0,0.4
2026-07-26,Pozdní Zprávy,context,SmartPhone,,Muž,Neznámý,Jihomoravský kraj,3,0,0,0.0,0.02
2026-07-26,Pozdní Zprávy,context,SmartPhone,,Muž,Neznámý,Olomoucký kraj,87,0,0,0.0,0.65
2026-07-26,Pozdní Zprávy,context,SmartPhone,,Muž,Neznámý,Zlínský kraj,41,0,0,0.0,0.31
2026-07-26,Pozdní Zprávy,context,SmartPhone,,Muž,Neznámý,Moravskoslezský kraj,75,1,0,0.0,0.56
2026-07-26,Pozdní Zprávy,context,Desktop,ChromeOS,Žena,60+,Hlavní město Praha,1079,3,0,0.0,21.48
2026-07-26,Pozdní Zprávy,context,Desktop,ChromeOS,Žena,60+,Středočeský kraj,250,1,0,0.0,4.98
2026-07-26,Pozdní Zprávy,context,Desktop,ChromeOS,Žena,60+,Jihočeský kraj,467,2,0,0.0,9.3
2026-07-26,Pozdní Zprávy,context,Desktop,ChromeOS,Žena,60+,Plzeňský kraj,345,1,0,0.0,6.87
2026-07-26,Pozdní Zprávy,context,Desktop,ChromeOS,Žena,60+,Karlovarský kraj,503,2,0,0.0,10.01
2026-07-26,Pozdní Zprávy,context,Desktop,ChromeOS,Žena,60+,Ústecký kraj,299,0,0,0.0,5.95
2026-07-26,Pozdní Zprávy,context,Desktop,ChromeOS,Žena,60+,Liberecký kraj,2,0,0,0.0,0.04
2026-07-26,Pozdní Zprávy,context,Desktop,ChromeOS,Žena,60+,Královéhradecký kraj,17,0,0,0.0,0.34
2026-07-26,Pozdní Zprávy,context,Desktop,ChromeOS,Žena,60+,Pardubický kraj,752,3,0,0.0,14.97
2026-07-26,Pozdní Zprávy,context,Desktop,ChromeOS,Žena,60+,Kraj Vysočina,1101,2,0,0.0,21.92
2026-07-26,Pozdní Zprávy,context,Desktop,ChromeOS,Žena,60+,Jihomoravský kraj,1030,1,0,0.0,20.51
2026-07-26,Pozdní Zprávy,context,Desktop,ChromeOS,Žena,60+,Olomoucký kraj,1631,9,0,0.0,32.47
2026-07-26,Pozdní Zprávy,context,Desktop,ChromeOS,Žena,60+,Zlínský kraj,263,3,0,0.0,5.24
2026-07-26,Pozdní Zprávy,context,Desktop,ChromeOS,Žena,60+,Moravskoslezský kraj,12,0,0,0.0,0.24
2026-07-26,Pozdní Zprávy,context,,,Žena,25 - 39,Hlavní město Praha,1,0,0,0.0,0.0
2026-07-26,Pozdní Zprávy,context,,,Žena,25 - 39,Středočeský kraj,1,0,0,0.0,0.0
2026-07-26,Pozdní Zprávy,context,,,Žena,25 - 39,Jihočeský kraj,1,0,0,0.0,0.0
2026-07-26,Pozdní Zprávy,context,,,Žena,25 - 39,Plzeňský kraj,1,0,0,0.0,0.0
2026-07-26,Pozdní Zprávy,context,,,Žena,25 - 39,Karlovarský kraj,1,0,0,0.0,0.0
2026-07-26,Pozdní Zprávy,context,,,Žena,25 - 39,Ústecký kraj,1,0,0,0.0,0.0
2026-07-26,Pozdní Zprávy,context,,,Žena,25 - 39,Liberecký kraj,1,0,0,0.0,0.0
2026-07-26,Pozdní Zprávy,context,,,Žena,25 - 39,Královéhradecký kraj,1,0,0,0.0,0.0
2026-07-26,Pozdní Zprávy,context,,,Žena,25 - 39,Pardubický kraj,1,0,0,0.0,0.0
2026-07-26,Pozdní Zprávy,context,,,Žena,25 - 39,Kraj Vysočina,1,0,0,0.0,0.0
2026-07-26,Pozdní Zprávy,context,,,Žena,25 - 39,Jihomoravský kraj,1,0,0,0.0,0.0
2026-07-26,Pozdní Zprávy,context,,,Žena,25 - 39,Olomoucký kraj,1,0,0,0.0,0.0
2026-07-26,Pozdní Zprávy,context,,,Žena,25 - 39,Zlínský kraj,1,0,0,0.0,0.0
2026-07-26,Pozdní Zprávy,context,,,Žena,25 - 39,Moravskoslezský kraj,1,0,0,0.0,0.0
2026-07-26,Pozdní Zprávy,context,Tv,,Muž,18 - 24,Hlavní město Praha,3,0,0,0.0,0.0
2026-07-26,Pozdní Zprávy,context,Tv,,Muž,18 - 24,Středočeský kraj,6,0,0,0.0,0.0
2026-07-26,Pozdní Zprávy,context,Tv,,Muž,18 - 24,Jihočeský kraj,8,0,0,0.0,0.0
2026-07-26,Pozdní Zprávy,context,Tv,,Muž,18 - 24,Plzeňský kraj,5,0,0,0.0,0.0
2026-07-26,Pozdní Zprávy,context,Tv,,Muž,18 - 24,Karlovarský kraj,3,0,0,0.0,0.0
2026-07-26,Pozdní Zprávy,context,Tv,,Muž,18 - 24,Ústecký kraj,3,0,0,0.0,0.0
2026-07-26,Pozdní Zprávy,context,Tv,,Muž,18 - 24,Liberecký kraj,1,0,0,0.0,0.0
2026-07-26,Pozdní Zprávy,context,Tv,,Muž,18 - 24,Královéhradecký kraj,5,0,0,0.0,0.0
2026-07-26,Pozdní Zprávy,context,Tv,,Muž,18 - 24,Pardubický kraj,3,0,0,0.0,0.0
2026-07-26,Pozdní Zprávy,context,Tv,,Muž,18 - 24,Kraj Vysočina,7,0,0,0.0,0.0
2026-07-26,Pozdní Zprávy,context,Tv,,Muž,18 - 24,Jihomoravský kraj,3,0,0,0.0,0.0
2026-07-26,Pozdní Zprávy,context,Tv,,Muž,18 - 24,Olomoucký kraj,2,0,0,0.0,0.0
2026-07-26,Pozdní Zprávy,context,Tv,,Muž,18 - 24,Zlínský kraj,2,0,0,0.0,0.0
2026-07-26,Pozdní Zprávy,context,Tv,,Muž,18 - 24,Moravskoslezský kraj,3,0,0,0.0,0.0
2026-07-26,Pozdní Zprávy,context,Tv,,Muž,25 - 39,Hlavní město Praha,2,0,0,0.0,0.01
2026-07-26,Pozdní Zprávy,context,Tv,,Muž,25 - 39,Středočeský kraj,1,0,0,0.0,0.01
2026-07-26,Pozdní Zprávy,context,Tv,,Muž,25 - 39,Jihočeský kraj,9,0,0,0.0,0.05
2026-07-26,Pozdní Zprávy,context,Tv,,Muž,25 - 39,Plzeňský kraj,1,0,0,0.0,0.01
2026-07-26,Pozdní Zprávy,context,Tv,,Muž,25 - 39,Karlovarský kraj,8,0,0,0.0,0.04
2026-07-26,Pozdní Zprávy,context,Tv,,Muž,25 - 39,Ústecký kraj,4,0,0,0.0,0.02
2026-07-26,Pozdní Zprávy,context,Tv,,Muž,25 - 39,Liberecký kraj,5,0,0,0.0,0.03
2026-07-26,Pozdní Zprávy,context,Tv,,Muž,25 - 39,Královéhradecký kraj,2,0,0,0.0,0.01
2026-07-26,Pozdní Zprávy,context,Tv,,Muž,25 - 39,Pardubický kraj,7,0,0,0.0,0.04
2026-07-26,Pozdní Zprávy,context,Tv,,Muž,25 - 39,Kraj Vysočina,4,0,0,0.0,0.02
2026-07-26,Pozdní Zprávy,context,Tv,,Muž,25 - 39,Jihomoravský kraj,31,0,0,0.0,0.16
2026-07-26,Pozdní Zprávy,context,Tv,,Muž,25 - 39,Olomoucký kraj,10,0,0,0.0,0.05
2026-07-26,Pozdní Zprávy,context,Tv,,Muž,25 - 39,Zlínský kraj,2,0,0,0.0,0.01
2026-07-26,Pozdní Zprávy,context,Tv,,Muž,25 - 39,Moravskoslezský kraj,1,0,0,0.0,0.01
2026-07-26,ProTety.cz,context,Desktop,Android,Žena,60+,Hlavní město Praha,1,0,0,0.0,1.25
2026-07-26,ProTety.cz,context,Desktop,Android,Žena,60+,Středočeský kraj,1,0,0,0.0,1.25
2026-07-26,ProTety.cz,context,Desktop,Android,Žena,60+,Jihočeský kraj,1,0,0,0.0,1.25
2026-07-26,ProTety.cz,context,Desktop,Android,Žena,60+,Plzeňský kraj,1,0,0,0.0,1.25
2026-07-26,ProTety.cz,context,Desktop,Android,Žena,60+,Karlovarský kraj,1,0,0,0.0,1.25
2026-07-26,ProTety.cz,context,Desktop,Android,Žena,60+,Ústecký kraj,1,0,0,0.0,1.25
2026-07-26,ProTety.cz,context,Desktop,Android,Žena,60+,Liberecký kraj,1,0,0,0.0,1.25
2026-07-26,ProTety.cz,context,Desktop,Android,Žena,60+,Královéhradecký kraj,1,1,0,0.0,1.25
2026-07-26,ProTety.cz,context,Desktop,Android,Žena,60+,Pardubický kraj,1,0,0,0.0,1.25
2026-07-26,ProTety.cz,context,Desktop,Android,Žena,60+,Kraj Vysočina,1,0,0,0.0,1.25
2026-07-26,ProTety.cz,context,Desktop,Android,Žena,60+,Jihomoravský kraj,1,0,0,0.0,1.25
2026-07-26,ProTety.cz,context,Desktop,Android,Žena,60+,Olomoucký kraj,1,0,0,0.0,1.25
2026-07-26,ProTety.cz,context,Desktop,Android,Žena,60+,Zlínský kraj,1,0,0,0.0,1.25
2026-07-26,ProTety.cz,context,Desktop,Android,Žena,60+,Moravskoslezský kraj,1,0,0,0.0,1.25
2026-07-26,ProTety.cz,context,Tablet,iPadOS,Muž,18 - 24,Hlavní město Praha,1,0,0,0.0,0.0
2026-07-26,ProTety.cz,context,Tablet,iPadOS,Muž,18 - 24,Středočeský kraj,1,0,0,0.0,0.0
2026-07-26,ProTety.cz,context,Tablet,iPadOS,Muž,18 - 24,Jihočeský kraj,1,0,0,0.0,0.0
2026-07-26,ProTety.cz,context,Tablet,iPadOS,Muž,18 - 24,Plzeňský kraj,1,0,0,0.0,0.0
2026-07-26,ProTety.cz,context,Tablet,iPadOS,Muž,18 - 24,Karlovarský kraj,1,0,0,0.0,0.0
2026-07-26,ProTety.cz,context,Tablet,iPadOS,Muž,18 - 24,Ústecký kraj,1,0,0,0.0,0.0
2026-07-26,ProTety.cz,context,Tablet,iPadOS,Muž,18 - 24,Liberecký kraj,1,0,0,0.0,0.0
2026-07-26,ProTety.cz,context,Tablet,iPadOS,Muž,18 - 24,Královéhradecký kraj,1,0,0,0.0,0.0
2026-07-26,ProTety.cz,context,Tablet,iPadOS,Muž,18 - 24,Pardubický kraj,1,0,0,0.0,0.0
2026-07-26,ProTety.cz,context,Tablet,iPadOS,Muž,18 - 24,Kraj Vysočina,1,0,0,0.0,0.0
2026-07-26,ProTety.cz,context,Tablet,iPadOS,Muž,18 - 24,Jihomoravský kraj,1,0,0,0.0,0.0
2026-07-26,ProTety.cz,context,Tablet,iPadOS,Muž,18 - 24,Olomoucký kraj,1,0,0,0.0,0.0
2026-07-26,ProTety.cz,context,Tablet,iPadOS,Muž,18 - 24,Zlínský kraj,1,0,0,0.0,0.0
2026-07-26,ProTety.cz,context,Tablet,iPadOS,Muž,18 - 24,Moravskoslezský kraj,1,0,0,0.0,0.0
2026-07-26,ProTety.cz,context,Desktop,,Neznámý,40 - 59,Hlavní město Praha,1,0,0,0.0,0.0
2026-07-26,ProTety.cz,context,Desktop,,Neznámý,40 - 59,Středočeský kraj,1,0,0,0.0,0.0
2026-07-26,ProTety.cz,context,Desktop,,Neznámý,40 - 59,Jihočeský kraj,1,0,0,0.0,0.0
2026-07-26,ProTety.cz,context,Desktop,,Neznámý,40 - 59,Plzeňský kraj,1,0,0,0.0,0.0
2026-07-26,ProTety.cz,context,Desktop,,Neznámý,40 - 59,Karlovarský kraj,1,0,0,0.0,0.0
2026-07-26,ProTety.cz,context,Desktop,,Neznámý,40 - 59,Ústecký kraj,1,0,0,0.0,0.0
2026-07-26,ProTety.cz,context,Desktop,,Neznámý,40 - 59,Liberecký kraj,1,0,0,0.0,0.0
2026-07-26,ProTety.cz,context,Desktop,,Neznámý,40 - 59,Královéhradecký kraj,1,0,0,0.0,0.0
2026-07-26,ProTety.cz,context,Desktop,,Neznámý,40 - 59,Pardubický kraj,1,0,0,0.0,0.0
2026-07-26,ProTety.cz,context,Desktop,,Neznámý,40 - 59,Kraj Vysočina,1,0,0,0.0,0.0
2026-07-26,ProTety.cz,context,Desktop,,Neznámý,40 - 59,Jihomoravský kraj,1,0,0,0.0,0.0
2026-07-26,ProTety.cz,context,Desktop,,Neznámý,40 - 59,Olomoucký kraj,1,0,0,0.0,0.0
2026-07-26,ProTety.cz,context,Desktop,,Neznámý,40 - 59,Zlínský kraj,1,0,0,0.0,0.0
2026-07-26,ProTety.cz,context,Desktop,,Neznámý,40 - 59,Moravskoslezský kraj,1,0,0,0.0,0.0
2026-07-27,Aktualitky.cz,context,,,Žena,40 - 59,Hlavní město Praha,1,0,0,0.0,0.0
2026-07-27,Aktualitky.cz,context,,,Žena,40 - 59,Středočeský kraj,1,0,0,0.0,0.0
2026-07-27,Aktualitky.cz,context,,,Žena,40 - 59,Jihočeský kraj,1,0,0,0.0,0.0
2026-07-27,Aktualitky.cz,context,,,Žena,40 - 59,Plzeňský kraj,1,0,0,0.0,0.0
2026-07-27,Aktualitky.cz,context,,,Žena,40 - 59,Karlovarský kraj,1,0,0,0.0,0.0
2026-07-27,Aktualitky.cz,context,,,Žena,40 - 59,Ústecký kraj,1,0,0,0.0,0.0
2026-07-27,Aktualitky.cz,context,,,Žena,40 - 59,Liberecký kraj,1,0,0,0.0,0.0
2026-07-27,Aktualitky.cz,context,,,Žena,40 - 59,Královéhradecký kraj,1,0,0,0.0,0.0
2026-07-27,Aktualitky.cz,context,,,Žena,40 - 59,Pardubický kraj,1,0,0,0.0,0.0
2026-07-27,Aktualitky.cz,context,,,Žena,40 - 59,Kraj Vysočina,1,0,0,0.0,0.0
2026-07-27,Aktualitky.cz,context,,,Žena,40 - 59,Jihomoravský kraj,1,0,0,0.0,0.0
2026-07-27,Aktualitky.cz,context,,,Žena,40 - 59,Olomoucký kraj,1,0,0,0.0,0.0
2026-07-27,Aktualitky.cz,context,,,Žena,40 - 59,Zlínský kraj,1,0,0,0.0,0.0
2026-07-27,Aktualitky.cz,context,,,Žena,40 - 59,Moravskoslezský kraj,1,0,0,0.0,0.0
2026-07-27,Aktualitky.cz,context,Desktop,Windows,Muž,40 - 59,Hlavní město Praha,178552,388,42,6082.91,2095.41
2026-07-27,Aktualitky.cz,context,Desktop,Windows,Muž,40 - 59,Středočeský kraj,5450,13,2,289.66,63.96
2026-07-27,Aktualitky.cz,context,Desktop,Windows,Muž,40 - 59,Jihočeský kraj,25470,50,3,434.49,298.9
2026-07-27,Aktualitky.cz,context,Desktop,Windows,Muž,40 - 59,Plzeňský kraj,13866,27,3,434.49,162.73
2026-07-27,Aktualitky.cz,context,Desktop,Windows,Muž,40 - 59,Karlovarský kraj,184135,389,32,4634.6,2160.93
2026-07-27,Aktualitky.cz,context,Desktop,Windows,Muž,40 - 59,Ústecký kraj,205292,476,51,7386.39,2409.22
2026-07-27,Aktualitky.cz,context,Desktop,Windows,Muž,40 - 59,Liberecký kraj,114934,244,29,4200.1,1348.82
2026-07-27,Aktualitky.cz,context,Desktop,Windows,Muž,40 - 59,Královéhradecký kraj,4145,14,2,289.66,48.64
2026-07-27,Aktualitky.cz,context,Desktop,Windows,Muž,40 - 59,Pardubický kraj,2393,7,2,289.66,28.08
2026-07-27,Aktualitky.cz,context,Desktop,Windows,Muž,40 - 59,Kraj Vysočina,6855,15,2,289.66,80.45
2026-07-27,Aktualitky.cz,context,Desktop,Windows,Muž,40 - 59,Jihomoravský kraj,3757,13,2,289.66,44.09
2026-07-27,Aktualitky.cz,context,Desktop,Windows,Muž,40 - 59,Olomoucký kraj,180020,390,44,6372.57,2112.64
2026-07-27,Aktualitky.cz,context,Desktop,Windows,Muž,40 - 59,Zlínský kraj,82902,177,23,3331.12,972.9
2026-07-27,Aktualitky.cz,context,Desktop,Windows,Muž,40 - 59,Moravskoslezský kraj,106999,243,30,4344.93,1255.69
2026-07-27,Baráky.cz,context,Tablet,Android,Neznámý,Neznámý,Hlavní město Praha,53,0,0,0.0,0.63
2026-07-27,Baráky.cz,context,Tablet,Android,Neznámý,Neznámý,Středočeský kraj,3,0,0,0.0,0.04
2026-07-27,Baráky.cz,context,Tablet,Android,Neznámý,Neznámý,Jihočeský kraj,2,0,0,0.0,0.02
2026-07-27,Baráky.cz,context,Tablet,Android,Neznámý,Neznámý,Plzeňský kraj,88,1,0,0.0,1.04
2026-07-27,Baráky.cz,context,Tablet,Android,Neznámý,Neznámý,Karlovarský kraj,15,0,0,0.0,0.18
2026-07-27,Baráky.cz,context,Tablet,Android,Neznámý,Neznámý,Ústecký kraj,12,0,0,0.0,0.14
2026-07-27,Baráky.cz,context,Tablet,Android,Neznámý,Neznámý,Liberecký kraj,37,0,0,0.0,0.44
2026-07-27,Baráky.cz,context,Tablet,Android,Neznámý,Neznámý,Královéhradecký kraj,3,0,0,0.0,0.04
2026-07-27,Baráky.cz,context,Tablet,Android,Neznámý,Neznámý,Pardubický kraj,85,0,0,0.0,1.01
2026-07-27,Baráky.cz,context,Tablet,Android,Neznámý,Neznámý,Kraj Vysočina,43,0,0,0.0,0.51
2026-07-27,Baráky.cz,context,Tablet,Android,Neznámý,Neznámý,Jihomoravský kraj,4,0,0,0.0,0.05
2026-07-27,Baráky.cz,context,Tablet,Android,Neznámý,Neznámý,Olomoucký kraj,21,0,0,0.0,0.25
2026-07-27,Baráky.cz,context,Tablet,Android,Neznámý,Neznámý,Zlínský kraj,82,1,0,0.0,0.97
2026-07-27,Baráky.cz,context,Tablet,Android,Neznámý,Neznámý,Moravskoslezský kraj,7,0,0,0.0,0.08
2026-07-27,Baráky.cz,context,SmartPhone,,Muž,18 - 24,Hlavní město Praha,6,0,0,0.0,0.0
2026-07-27,Baráky.cz,context,SmartPhone,,Muž,18 - 24,Středočeský kraj,1,0,0,0.0,0.0
2026-07-27,Baráky.cz,context,SmartPhone,,Muž,18 - 24,Jihočeský kraj,1,0,0,0.0,0.0
2026-07-27,Baráky.cz,context,SmartPhone,,Muž,18 - 24,Plzeňský kraj,1,0,0,0.0,0.0
2026-07-27,Baráky.cz,context,SmartPhone,,Muž,18 - 24,Karlovarský kraj,1,0,0,0.0,0.0
2026-07-27,Baráky.cz,context,SmartPhone,,Muž,18 - 24,Ústecký kraj,5,0,0,0.0,0.0
2026-07-27,Baráky.cz,context,SmartPhone,,Muž,18 - 24,Liberecký kraj,1,0,0,0.0,0.0
2026-07-27,Baráky.cz,context,SmartPhone,,Muž,18 - 24,Královéhradecký kraj,2,0,0,0.0,0.0
2026-07-27,Baráky.cz,context,SmartPhone,,Muž,18 - 24,Pardubický kraj,1,0,0,0.0,0.0
2026-07-27,Baráky.cz,context,SmartPhone,,Muž,18 - 24,Kraj Vysočina,1,0,0,0.0,0.0
2026-07-27,Baráky.cz,context,SmartPhone,,Muž,18 - 24,Jihomoravský kraj,3,0,0,0.0,0.0
2026-07-27,Baráky.cz,context,SmartPhone,,Muž,18 - 24,Olomoucký kraj,1,0,0,0.0,0.0
2026-07-27,Baráky.cz,context,SmartPhone,,Muž,18 - 24,Zlínský kraj,5,0,0,0.0,0.0
2026-07-27,Baráky.cz,context,SmartPhone,,Muž,18 - 24,Moravskoslezský kraj,1,0,0,0.0,0.0
2026-07-27,Baráky.cz,context,,,Žena,25 - 39,Hlavní město Praha,1,0,0,0.0,0.0
2026-07-27,Baráky.cz,context,,,Žena,25 - 39,Středočeský kraj,1,0,0,0.0,0.0
2026-07-27,Baráky.cz,context,,,Žena,25 - 39,Jihočeský kraj,1,0,0,0.0,0.0
2026-07-27,Baráky.cz,context,,,Žena,25 - 39,Plzeňský kraj,1,0,0,0.0,0.0
2026-07-27,Baráky.cz,context,,,Žena,25 - 39,Karlovarský kraj,1,0,0,0.0,0.0
2026-07-27,Baráky.cz,context,,,Žena,25 - 39,Ústecký kraj,1,0,0,0.0,0.0
2026-07-27,Baráky.cz,context,,,Žena,25 - 39,Liberecký kraj,1,0,0,0.0,0.0
2026-07-27,Baráky.cz,context,,,Žena,25 - 39,Královéhradecký kraj,1,0,0,0.0,0.0
2026-07-27,Baráky.cz,context,,,Žena,25 - 39,Pardubický kraj,1,0,0,0.0,0.0
2026-07-27,Baráky.cz,context,,,Žena,25 - 39,Kraj Vysočina,1,0,0,0.0,0.0
2026-07-27,Baráky.cz,context,,,Žena,25 - 39,Jihomoravský kraj,1,0,0,0.0,0.0
2026-07-27,Baráky.cz,context,,,Žena,25 - 39,Olomoucký kraj,1,0,0,0.0,0.0
2026-07-27,Baráky.cz,context,,,Žena,25 - 39,Zlínský kraj,1,0,0,0.0,0.0
2026-07-27,Baráky.cz,context,,,Žena,25 - 39,Moravskoslezský kraj,1,0,0,0.0,0.0
2026-07-27,Blogeria.cz,context,Tv,,Muž,40 - 59,Hlavní město Praha,7,0,0,0.0,0.01
2026-07-27,Blogeria.cz,context,Tv,,Muž,40 - 59,Středočeský kraj,5,0,0,0.0,0.0
2026-07-27,Blogeria.cz,context,Tv,,Muž,40 - 59,Jihočeský kraj,7,0,0,0.0,0.01
2026-07-27,Blogeria.cz,context,Tv,,Muž,40 - 59,Plzeňský kraj,4,0,0,0.0,0.0
2026-07-27,Blogeria.cz,context,Tv,,Muž,40 - 59,Karlovarský kraj,10,0,0,0.0,0.01
2026-07-27,Blogeria.cz,context,Tv,,Muž,40 - 59,Ústecký kraj,1,0,0,0.0,0.0
2026-07-27,Blogeria.cz,context,Tv,,Muž,40 - 59,Liberecký kraj,8,0,0,0.0,0.01
2026-07-27,Blogeria.cz,context,Tv,,Muž,40 - 59,Královéhradecký kraj,3,0,0,0.0,0.0
2026-07-27,Blogeria.cz,context,Tv,,Muž,40 - 59,Pardubický kraj,1,0,0,0.0,0.0
2026-07-27,Blogeria.cz,context,Tv,,Muž,40 - 59,Kraj Vysočina,1,0,0,0.0,0.0
2026-07-27,Blogeria.cz,context,Tv,,Muž,40 - 59,Jihomoravský kraj,3,0,0,0.0,0.0
2026-07-27,Blogeria.cz,context,Tv,,Muž,40 - 59,Olomoucký kraj,24,0,0,0.0,0.02
2026-07-27,Blogeria.cz,context,Tv,,Muž,40 - 59,Zlínský kraj,7,0,0,0.0,0.01
2026-07-27,Blogeria.cz,context,Tv,,Muž,40 - 59,Moravskoslezský kraj,3,0,0,0.0,0.0
2026-07-27,Blogeria.cz,context,Desktop,Windows,Muž,40 - 59,Hlavní město Praha,28142,42,4,778.63,234.9
2026-07-27,Blogeria.cz,context,Desktop,Windows,Muž,40 - 59,Středočeský kraj,6015,12,1,194.66,50.21
2026-07-27,Blogeria.cz,context,Desktop,Windows,Muž,40 - 59,Jihočeský kraj,30241,49,4,778.63,252.42
2026-07-27,Blogeria.cz,context,Desktop,Windows,Muž,40 - 59,Plzeňský kraj,102068,156,8,1557.26,851.94
2026-07-27,Blogeria.cz,context,Desktop,Windows,Muž,40 - 59,Karlovarský kraj,23934,32,1,194.66,199.77
2026-07-27,Blogeria.cz,context,Desktop,Windows,Muž,40 - 59,Ústecký kraj,4972,5,1,194.66,41.5
2026-07-27,Blogeria.cz,context,Desktop,Windows,Muž,40 - 59,Liberecký kraj,26956,36,3,583.97,225.0
2026-07-27,Blogeria.cz,context,Desktop,Windows,Muž,40 - 59,Královéhradecký kraj,14416,25,1,194.66,120.33
2026-07-27,Blogeria.cz,context,Desktop,Windows,Muž,40 - 59,Pardubický kraj,9549,19,2,389.31,79.7
2026-07-27,Blogeria.cz,context,Desktop,Windows,Muž,40 - 59,Kraj Vysočina,33452,50,4,778.63,279.22
2026-07-27,Blogeria.cz,context,Desktop,Windows,Muž,40 - 59,Jihomoravský kraj,8904,16,1,194.66,74.32
2026-07-27,Blogeria.cz,context,Desktop,Windows,Muž,40 - 59,Olomoucký kraj,9299,22,2,389.31,77.62
2026-07-27,Blogeria.cz,context,Desktop,Windows,Muž,40 - 59,Zlínský kraj,31565,48,8,1557.26,263.47
2026-07-27,Blogeria.cz,context,Desktop,Windows,Muž,40 - 59,Moravskoslezský kraj,10864,10,0,0.0,90.68
2026-07-27,Drbárna.cz,context,Desktop,ChromeOS,Žena,40 - 59,Hlavní město Praha,55,0,0,0.0,0.17
2026-07-27,Drbárna.cz,context,Desktop,ChromeOS,Žena,40 - 59,Středočeský kraj,209,0,0,0.0,0.63
2026-07-27,Drbárna.cz,context,Desktop,ChromeOS,Žena,40 - 59,Jihočeský kraj,149,0,0,0.0,0.45
2026-07-27,Drbárna.cz,context,Desktop,ChromeOS,Žena,40 - 59,Plzeňský kraj,186,0,0,0.0,0.56
2026-07-27,Drbárna.cz,context,Desktop,ChromeOS,Žena,40 - 59,Karlovarský kraj,354,0,0,0.0,1.07
2026-07-27,Drbárna.cz,context,Desktop,ChromeOS,Žena,40 - 59,Ústecký kraj,17,0,0,0.0,0.05
2026-07-27,Drbárna.cz,context,Desktop,ChromeOS,Žena,40 - 59,Liberecký kraj,141,1,0,0.0,0.42
2026-07-27,Drbárna.cz,context,Desktop,ChromeOS,Žena,40 - 59,Královéhradecký kraj,276,0,0,0.0,0.83
2026-07-27,Drbárna.cz,context,Desktop,ChromeOS,Žena,40 - 59,Pardubický kraj,79,0,0,0.0,0.24
2026-07-27,Drbárna.cz,context,Desktop,ChromeOS,Žena,40 - 59,Kraj Vysočina,21,0,0,0.0,0.06
2026-07-27,Drbárna.cz,context,Desktop,ChromeOS,Žena,40 - 59,Jihomoravský kraj,23,0,0,0.0,0.07
2026-07-27,Drbárna.cz,context,Desktop,ChromeOS,Žena,40 - 59,Olomoucký kraj,12,0,0,0.0,0.04
2026-07-27,Drbárna.cz,context,Desktop,ChromeOS,Žena,40 - 59,Zlínský kraj,14,0,0,0.0,0.04
2026-07-27,Drbárna.cz,context,Desktop,ChromeOS,Žena,40 - 59,Moravskoslezský kraj,64,0,0,0.0,0.19
2026-07-27,Drbárna.cz,context,SmartPhone,Android,Žena,60+,Hlavní město Praha,66594,246,8,1571.05,1090.75
2026-07-27,Drbárna.cz,context,SmartPhone,Android,Žena,60+,Středočeský kraj,242761,935,15,2945.72,3976.21
2026-07-27,Drbárna.cz,context,SmartPhone,Android,Žena,60+,Jihočeský kraj,140784,566,15,2945.72,2305.92
2026-07-27,Drbárna.cz,context,SmartPhone,Android,Žena,60+,Plzeňský kraj,9832,30,0,0.0,161.04
2026-07-27,Drbárna.cz,context,SmartPhone,Android,Žena,60+,Karlovarský kraj,57618,222,7,1374.67,943.73
2026-07-27,Drbárna.cz,context,SmartPhone,Android,Žena,60+,Ústecký kraj,33034,134,5,981.91,541.07
2026-07-27,Drbárna.cz,context,SmartPhone,Android,Žena,60+,Liberecký kraj,87054,336,7,1374.67,1425.87
2026-07-27,Drbárna.cz,context,SmartPhone,Android,Žena,60+,Královéhradecký kraj,52829,218,5,981.91,865.29
2026-07-27,Drbárna.cz,context,SmartPhone,Android,Žena,60+,Pardubický kraj,45441,190,3,589.14,744.28
2026-07-27,Drbárna.cz,context,SmartPhone,Android,Žena,60+,Kraj Vysočina,46413,194,7,1374.67,760.2
2026-07-27,Drbárna.cz,context,SmartPhone,Android,Žena,60+,Jihomoravský kraj,80234,305,5,981.91,1314.16
2026-07-27,Drbárna.cz,context,SmartPhone,Android,Žena,60+,Olomoucký kraj,15148,62,2,392.76,248.11
2026-07-27,Drbárna.cz,context,SmartPhone,Android,Žena,60+,Zlínský kraj,159630,627,9,1767.43,2614.6
2026-07-27,Drbárna.cz,context,SmartPhone,Android,Žena,60+,Moravskoslezský kraj,280350,1108,24,4713.16,4591.89
2026-07-27,Kliknito.cz,context,Desktop,,Neznámý,60+,Hlavní město Praha,3,0,0,0.0,0.0
2026-07-27,Kliknito.cz,context,Desktop,,Neznámý,60+,Středočeský kraj,1,0,0,0.0,0.0
2026-07-27,Kliknito.cz,context,Desktop,,Neznámý,60+,Jihočeský kraj,2,0,0,0.0,0.0
2026-07-27,Kliknito.cz,context,Desktop,,Neznámý,60+,Plzeňský kraj,4,0,0,0.0,0.0
2026-07-27,Kliknito.cz,context,Desktop,,Neznámý,60+,Karlovarský kraj,2,0,0,0.0,0.0
2026-07-27,Kliknito.cz,context,Desktop,,Neznámý,60+,Ústecký kraj,2,0,0,0.0,0.0
2026-07-27,Kliknito.cz,context,Desktop,,Neznámý,60+,Liberecký kraj,3,0,0,0.0,0.0
2026-07-27,Kliknito.cz,context,Desktop,,Neznámý,60+,Královéhradecký kraj,1,0,0,0.0,0.0
2026-07-27,Kliknito.cz,context,Desktop,,Neznámý,60+,Pardubický kraj,3,0,0,0.0,0.0
2026-07-27,Kliknito.cz,context,Desktop,,Neznámý,60+,Kraj Vysočina,1,0,0,0.0,0.0
2026-07-27,Kliknito.cz,context,Desktop,,Neznámý,60+,Jihomoravský kraj,1,0,0,0.0,0.0
2026-07-27,Kliknito.cz,context,Desktop,,Neznámý,60+,Olomoucký kraj,3,0,0,0.0,0.0
2026-07-27,Kliknito.cz,context,Desktop,,Neznámý,60+,Zlínský kraj,2,0,0,0.0,0.0
2026-07-27,Kliknito.cz,context,Desktop,,Neznámý,60+,Moravskoslezský kraj,1,0,0,0.0,0.0
2026-07-27,Kliknito.cz,context,SmallScreen,Android,Žena,40 - 59,Hlavní město Praha,3,0,0,0.0,0.13
2026-07-27,Kliknito.cz,context,SmallScreen,Android,Žena,40 - 59,Středočeský kraj,6,0,0,0.0,0.27
2026-07-27,Kliknito.cz,context,SmallScreen,Android,Žena,40 - 59,Jihočeský kraj,34,1,0,0.0,1.51
2026-07-27,Kliknito.cz,context,SmallScreen,Android,Žena,40 - 59,Plzeňský kraj,2,0,0,0.0,0.09
2026-07-27,Kliknito.cz,context,SmallScreen,Android,Žena,40 - 59,Karlovarský kraj,3,0,0,0.0,0.13
2026-07-27,Kliknito.cz,context,SmallScreen,Android,Žena,40 - 59,Ústecký kraj,3,0,0,0.0,0.13
2026-07-27,Kliknito.cz,context,SmallScreen,Android,Žena,40 - 59,Liberecký kraj,3,0,0,0.0,0.13
2026-07-27,Kliknito.cz,context,SmallScreen,Android,Žena,40 - 59,Královéhradecký kraj,1,0,0,0.0,0.04
2026-07-27,Kliknito.cz,context,SmallScreen,Android,Žena,40 - 59,Pardubický kraj,1,0,0,0.0,0.04
2026-07-27,Kliknito.cz,context,SmallScreen,Android,Žena,40 - 59,Kraj Vysočina,13,0,0,0.0,0.58
2026-07-27,Kliknito.cz,context,SmallScreen,Android,Žena,40 - 59,Jihomoravský kraj,6,0,0,0.0,0.27
2026-07-27,Kliknito.cz,context,SmallScreen,Android,Žena,40 - 59,Olomoucký kraj,3,0,0,0.0,0.13
2026-07-27,Kliknito.cz,context,SmallScreen,Android,Žena,40 - 59,Zlínský kraj,3,0,0,0.0,0.13
2026-07-27,Kliknito.cz,context,SmallScreen,Android,Žena,40 - 59,Moravskoslezský kraj,8,0,0,0.0,0.36
2026-07-27,Kliknito.cz,context,,,Žena,60+,Hlavní město Praha,1,0,0,0.0,0.0
2026-07-27,Kliknito.cz,context,,,Žena,60+,Středočeský kraj,5,0,0,0.0,0.0
2026-07-27,Kliknito.cz,context,,,Žena,60+,Jihočeský kraj,63,0,0,0.0,0.0
2026-07-27,Kliknito.cz,context,,,Žena,60+,Plzeňský kraj,2,0,0,0.0,0.0
2026-07-27,Kliknito.cz,context,,,Žena,60+,Karlovarský kraj,14,0,0,0.0,0.0
2026-07-27,Kliknito.cz,context,,,Žena,60+,Ústecký kraj,2,0,0,0.0,0.0
2026-07-27,Kliknito.cz,context,,,Žena,60+,Liberecký kraj,1,0,0,0.0,0.0
2026-07-27,Kliknito.cz,context,,,Žena,60+,Královéhradecký kraj,6,0,0,0.0,0.0
2026-07-27,Kliknito.cz,context,,,Žena,60+,Pardubický kraj,3,0,0,0.0,0.0
2026-07-27,Kliknito.cz,context,,,Žena,60+,Kraj Vysočina,3,0,0,0.0,0.0
2026-07-27,Kliknito.cz,context,,,Žena,60+,Jihomoravský kraj,8,0,0,0.0,0.0
2026-07-27,Kliknito.cz,context,,,Žena,60+,Olomoucký kraj,11,0,0,0.0,0.0
2026-07-27,Kliknito.cz,context,,,Žena,60+,Zlínský kraj,9,0,0,0.0,0.0
2026-07-27,Kliknito.cz,context,,,Žena,60+,Moravskoslezský kraj,7,0,0,0.0,0.0
2026-07-27,Kliknito.cz,context,Desktop,macOS,Muž,60+,Hlavní město Praha,34414,108,11,196.68,673.97
2026-07-27,Kliknito.cz,context,Desktop,macOS,Muž,60+,Středočeský kraj,3827,15,0,0.0,74.95
2026-07-27,Kliknito.cz,context,Desktop,macOS,Muž,60+,Jihočeský kraj,10010,43,2,35.76,196.04
2026-07-27,Kliknito.cz,context,Desktop,macOS,Muž,60+,Plzeňský kraj,50002,187,8,143.04,979.25
2026-07-27,Kliknito.cz,context,Desktop,macOS,Muž,60+,Karlovarský kraj,21266,81,4,71.52,416.48
2026-07-27,Kliknito.cz,context,Desktop,macOS,Muž,60+,Ústecký kraj,20721,66,3,53.64,405.8
2026-07-27,Kliknito.cz,context,Desktop,macOS,Muž,60+,Liberecký kraj,25864,73,9,160.92,506.52
2026-07-27,Kliknito.cz,context,Desktop,macOS,Muž,60+,Královéhradecký kraj,25430,91,4,71.52,498.02
2026-07-27,Kliknito.cz,context,Desktop,macOS,Muž,60+,Pardubický kraj,29448,88,6,107.28,576.71
2026-07-27,Kliknito.cz,context,Desktop,macOS,Muž,60+,Kraj Vysočina,27640,101,11,196.68,541.31
2026-07-27,Kliknito.cz,context,Desktop,macOS,Muž,60+,Jihomoravský kraj,10437,37,4,71.52,204.4
2026-07-27,Kliknito.cz,context,Desktop,macOS,Muž,60+,Olomoucký kraj,52817,190,16,286.09,1034.38
2026-07-27,Kliknito.cz,context,Desktop,macOS,Muž,60+,Zlínský kraj,64325,232,20,357.61,1259.75
2026-07-27,Kliknito.cz,context,Desktop,macOS,Muž,60+,Moravskoslezský kraj,14752,43,2,35.76,288.91
2026-07-27,Kopačka.cz,context,Desktop,macOS,Neznámý,60+,Hlavní město Praha,1,0,0,0.0,0.0
2026-07-27,Kopačka.cz,context,Desktop,macOS,Neznámý,60+,Středočeský kraj,1,0,0,0.0,0.0
2026-07-27,Kopačka.cz,context,Desktop,macOS,Neznámý,60+,Jihočeský kraj,1,0,0,0.0,0.0
2026-07-27,Kopačka.cz,context,Desktop,macOS,Neznámý,60+,Plzeňský kraj,1,0,0,0.0,0.0
2026-07-27,Kopačka.cz,context,Desktop,macOS,Neznámý,60+,Karlovarský kraj,1,0,0,0.0,0.0
2026-07-27,Kopačka.cz,context,Desktop,macOS,Neznámý,60+,Ústecký kraj,1,0,0,0.0,0.0
2026-07-27,Kopačka.cz,context,Desktop,macOS,Neznámý,60+,Liberecký kraj,1,0,0,0.0,0.0
2026-07-27,Kopačka.cz,context,Desktop,macOS,Neznámý,60+,Královéhradecký kraj,1,0,0,0.0,0.0
2026-07-27,Kopačka.cz,context,Desktop,macOS,Neznámý,60+,Pardubický kraj,1,0,0,0.0,0.0
2026-07-27,Kopačka.cz,context,Desktop,macOS,Neznámý,60+,Kraj Vysočina,1,0,0,0.0,0.0
2026-07-27,Kopačka.cz,context,Desktop,macOS,Neznámý,60+,Jihomoravský kraj,1,0,0,0.0,0.0
2026-07-27,Kopačka.cz,context,Desktop,macOS,Neznámý,60+,Olomoucký kraj,1,0,0,0.0,0.0
2026-07-27,Kopačka.cz,context,Desktop,macOS,Neznámý,60+,Zlínský kraj,1,0,0,0.0,0.0
2026-07-27,Kopačka.cz,context,Desktop,macOS,Neznámý,60+,Moravskoslezský kraj,1,0,0,0.0,0.0
2026-07-27,Kámoši.net,context,Console,Windows,Muž,25 - 39,Hlavní město Praha,1,0,0,0.0,0.0
2026-07-27,Kámoši.net,context,Console,Windows,Muž,25 - 39,Středočeský kraj,1,0,0,0.0,0.0
2026-07-27,Kámoši.net,context,Console,Windows,Muž,25 - 39,Jihočeský kraj,1,0,0,0.0,0.0
2026-07-27,Kámoši.net,context,Console,Windows,Muž,25 - 39,Plzeňský kraj,1,0,0,0.0,0.0
2026-07-27,Kámoši.net,context,Console,Windows,Muž,25 - 39,Karlovarský kraj,1,0,0,0.0,0.0
2026-07-27,Kámoši.net,context,Console,Windows,Muž,25 - 39,Ústecký kraj,1,0,0,0.0,0.0
2026-07-27,Kámoši.net,context,Console,Windows,Muž,25 - 39,Liberecký kraj,1,0,0,0.0,0.0
2026-07-27,Kámoši.net,context,Console,Windows,Muž,25 - 39,Královéhradecký kraj,1,0,0,0.0,0.0
2026-07-27,Kámoši.net,context,Console,Windows,Muž,25 - 39,Pardubický kraj,1,0,0,0.0,0.0
2026-07-27,Kámoši.net,context,Console,Windows,Muž,25 - 39,Kraj Vysočina,1,0,0,0.0,0.0
2026-07-27,Kámoši.net,context,Console,Windows,Muž,25 - 39,Jihomoravský kraj,1,0,0,0.0,0.0
2026-07-27,Kámoši.net,context,Console,Windows,Muž,25 - 39,Olomoucký kraj,1,0,0,0.0,0.0
2026-07-27,Kámoši.net,context,Console,Windows,Muž,25 - 39,Zlínský kraj,1,0,0,0.0,0.0
2026-07-27,Kámoši.net,context,Console,Windows,Muž,25 - 39,Moravskoslezský kraj,1,0,0,0.0,0.0
2026-07-27,Kámoši.net,context,Tv,,Muž,18 - 24,Hlavní město Praha,1,0,0,0.0,0.0
2026-07-27,Kámoši.net,context,Tv,,Muž,18 - 24,Středočeský kraj,1,0,0,0.0,0.0
2026-07-27,Kámoši.net,context,Tv,,Muž,18 - 24,Jihočeský kraj,1,0,0,0.0,0.0
2026-07-27,Kámoši.net,context,Tv,,Muž,18 - 24,Plzeňský kraj,1,0,0,0.0,0.0
2026-07-27,Kámoši.net,context,Tv,,Muž,18 - 24,Karlovarský kraj,1,0,0,0.0,0.0
2026-07-27,Kámoši.net,context,Tv,,Muž,18 - 24,Ústecký kraj,1,0,0,0.0,0.0
2026-07-27,Kámoši.net,context,Tv,,Muž,18 - 24,Liberecký kraj,1,0,0,0.0,0.0
2026-07-27,Kámoši.net,context,Tv,,Muž,18 - 24,Královéhradecký kraj,1,0,0,0.0,0.0
2026-07-27,Kámoši.net,context,Tv,,Muž,18 - 24,Pardubický kraj,1,0,0,0.0,0.0
2026-07-27,Kámoši.net,context,Tv,,Muž,18 - 24,Kraj Vysočina,1,0,0,0.0,0.0
2026-07-27,Kámoši.net,context,Tv,,Muž,18 - 24,Jihomoravský kraj,1,0,0,0.0,0.0
2026-07-27,Kámoši.net,context,Tv,,Muž,18 - 24,Olomoucký kraj,1,0,0,0.0,0.0
2026-07-27,Kámoši.net,context,Tv,,Muž,18 - 24,Zlínský kraj,1,0,0,0.0,0.0
2026-07-27,Kámoši.net,context,Tv,,Muž,18 - 24,Moravskoslezský kraj,1,0,0,0.0,0.0
2026-07-27,Kámoši.net,context,SmallScreen,Android,Muž,25 - 39,Hlavní město Praha,1,0,0,0.0,0.0
2026-07-27,Kámoši.net,context,SmallScreen,Android,Muž,25 - 39,Středočeský kraj,1,0,0,0.0,0.0
2026-07-27,Kámoši.net,context,SmallScreen,Android,Muž,25 - 39,Jihočeský kraj,1,0,0,0.0,0.0
2026-07-27,Kámoši.net,context,SmallScreen,Android,Muž,25 - 39,Plzeňský kraj,1,0,0,0.0,0.0
2026-07-27,Kámoši.net,context,SmallScreen,Android,Muž,25 - 39,Karlovarský kraj,1,0,0,0.0,0.0
2026-07-27,Kámoši.net,context,SmallScreen,Android,Muž,25 - 39,Ústecký kraj,1,0,0,0.0,0.0
2026-07-27,Kámoši.net,context,SmallScreen,Android,Muž,25 - 39,Liberecký kraj,1,0,0,0.0,0.0
2026-07-27,Kámoši.net,context,SmallScreen,Android,Muž,25 - 39,Královéhradecký kraj,1,0,0,0.0,0.0
2026-07-27,Kámoši.net,context,SmallScreen,Android,Muž,25 - 39,Pardubický kraj,1,0,0,0.0,0.0
2026-07-27,Kámoši.net,context,SmallScreen,Android,Muž,25 - 39,Kraj Vysočina,1,0,0,0.0,0.0
2026-07-27,Kámoši.net,context,SmallScreen,Android,Muž,25 - 39,Jihomoravský kraj,1,0,0,0.0,0.0
2026-07-27,Kámoši.net,context,SmallScreen,Android,Muž,25 - 39,Olomoucký kraj,1,0,0,0.0,0.0
2026-07-27,Kámoši.net,context,SmallScreen,Android,Muž,25 - 39,Zlínský kraj,1,0,0,0.0,0.0
2026-07-27,Kámoši.net,context,SmallScreen,Android,Muž,25 - 39,Moravskoslezský kraj,1,0,0,0.0,0.0
2026-07-27,Kámoši.net,context,SmartPhone,iOS,Muž,18 - 24,Hlavní město Praha,85,0,0,0.0,0.52
2026-07-27,Kámoši.net,context,SmartPhone,iOS,Muž,18 - 24,Středočeský kraj,124,0,0,0.0,0.76
2026-07-27,Kámoši.net,context,SmartPhone,iOS,Muž,18 - 24,Jihočeský kraj,207,0,0,0.0,1.27
2026-07-27,Kámoši.net,context,SmartPhone,iOS,Muž,18 - 24,Plzeňský kraj,303,1,0,0.0,1.86
2026-07-27,Kámoši.net,context,SmartPhone,iOS,Muž,18 - 24,Karlovarský kraj,565,2,0,0.0,3.46
2026-07-27,Kámoši.net,context,SmartPhone,iOS,Muž,18 - 24,Ústecký kraj,20,0,0,0.0,0.12
2026-07-27,Kámoši.net,context,SmartPhone,iOS,Muž,18 - 24,Liberecký kraj,112,0,0,0.0,0.69
2026-07-27,Kámoši.net,context,SmartPhone,iOS,Muž,18 - 24,Královéhradecký kraj,32,0,0,0.0,0.2
2026-07-27,Kámoši.net,context,SmartPhone,iOS,Muž,18 - 24,Pardubický kraj,68,0,0,0.0,0.42
2026-07-27,Kámoši.net,context,SmartPhone,iOS,Muž,18 - 24,Kraj Vysočina,56,0,0,0.0,0.34
2026-07-27,Kámoši.net,context,SmartPhone,iOS,Muž,18 - 24,Jihomoravský kraj,244,0,0,0.0,1.5
2026-07-27,Kámoši.net,context,SmartPhone,iOS,Muž,18 - 24,Olomoucký kraj,53,0,0,0.0,0.32
2026-07-27,Kámoši.net,context,SmartPhone,iOS,Muž,18 - 24,Zlínský kraj,268,0,0,0.0,1.64
2026-07-27,Kámoši.net,context,SmartPhone,iOS,Muž,18 - 24,Moravskoslezský kraj,136,0,0,0.0,0.83
2026-07-27,Pozdní Zprávy,context,Tablet,Android,Neznámý,Neznámý,Hlavní město Praha,5510,8,0,0.0,38.04
2026-07-27,Pozdní Zprávy,context,Tablet,Android,Neznámý,Neznámý,Středočeský kraj,490,0,0,0.0,3.38
2026-07-27,Pozdní Zprávy,context,Tablet,Android,Neznámý,Neznámý,Jihočeský kraj,2187,5,0,0.0,15.1
2026-07-27,Pozdní Zprávy,context,Tablet,Android,Neznámý,Neznámý,Plzeňský kraj,5068,13,0,0.0,34.99
2026-07-27,Pozdní Zprávy,context,Tablet,Android,Neznámý,Neznámý,Karlovarský kraj,1039,1,0,0.0,7.17
2026-07-27,Pozdní Zprávy,context,Tablet,Android,Neznámý,Neznámý,Ústecký kraj,4454,13,0,0.0,30.75
2026-07-27,Pozdní Zprávy,context,Tablet,Android,Neznámý,Neznámý,Liberecký kraj,1506,3,0,0.0,10.4
2026-07-27,Pozdní Zprávy,context,Tablet,Android,Neznámý,Neznámý,Královéhradecký kraj,1704,5,0,0.0,11.77
2026-07-27,Pozdní Zprávy,context,Tablet,Android,Neznámý,Neznámý,Pardubický kraj,2777,5,0,0.0,19.17
2026-07-27,Pozdní Zprávy,context,Tablet,Android,Neznámý,Neznámý,Kraj Vysočina,5188,10,0,0.0,35.82
2026-07-27,Pozdní Zprávy,context,Tablet,Android,Neznámý,Neznámý,Jihomoravský kraj,2904,3,0,0.0,20.05
2026-07-27,Pozdní Zprávy,context,Tablet,Android,Neznámý,Neznámý,Olomoucký kraj,7054,11,0,0.0,48.7
2026-07-27,Pozdní Zprávy,context,Tablet,Android,Neznámý,Neznámý,Zlínský kraj,5341,5,0,0.0,36.88
2026-07-27,Pozdní Zprávy,context,Tablet,Android,Neznámý,Neznámý,Moravskoslezský kraj,1655,5,0,0.0,11.43
2026-07-27,Pozdní Zprávy,context,Tablet,iPadOS,Žena,Neznámý,Hlavní město Praha,43,0,0,0.0,0.23
2026-07-27,Pozdní Zprávy,context,Tablet,iPadOS,Žena,Neznámý,Středočeský kraj,30,0,0,0.0,0.16
2026-07-27,Pozdní Zprávy,context,Tablet,iPadOS,Žena,Neznámý,Jihočeský kraj,31,0,0,0.0,0.17
2026-07-27,Pozdní Zprávy,context,Tablet,iPadOS,Žena,Neznámý,Plzeňský kraj,222,0,0,0.0,1.21
2026-07-27,Pozdní Zprávy,context,Tablet,iPadOS,Žena,Neznámý,Karlovarský kraj,93,1,0,0.0,0.51
2026-07-27,Pozdní Zprávy,context,Tablet,iPadOS,Žena,Neznámý,Ústecký kraj,246,0,0,0.0,1.34
2026-07-27,Pozdní Zprávy,context,Tablet,iPadOS,Žena,Neznámý,Liberecký kraj,21,0,0,0.0,0.11
2026-07-27,Pozdní Zprávy,context,Tablet,iPadOS,Žena,Neznámý,Královéhradecký kraj,21,0,0,0.0,0.11
2026-07-27,Pozdní Zprávy,context,Tablet,iPadOS,Žena,Neznámý,Pardubický kraj,91,0,0,0.0,0.5
2026-07-27,Pozdní Zprávy,context,Tablet,iPadOS,Žena,Neznámý,Kraj Vysočina,278,2,0,0.0,1.52
2026-07-27,Pozdní Zprávy,context,Tablet,iPadOS,Žena,Neznámý,Jihomoravský kraj,38,0,0,0.0,0.21
2026-07-27,Pozdní Zprávy,context,Tablet,iPadOS,Žena,Neznámý,Olomoucký kraj,13,0,0,0.0,0.07
2026-07-27,Pozdní Zprávy,context,Tablet,iPadOS,Žena,Neznámý,Zlínský kraj,82,1,0,0.0,0.45
2026-07-27,Pozdní Zprávy,context,Tablet,iPadOS,Žena,Neznámý,Moravskoslezský kraj,51,0,0,0.0,0.28
2026-07-27,Poštovna.cz,context,Tablet,iPadOS,Muž,40 - 59,Hlavní město Praha,59,0,0,0.0,0.61
2026-07-27,Poštovna.cz,context,Tablet,iPadOS,Muž,40 - 59,Středočeský kraj,63,0,0,0.0,0.65
2026-07-27,Poštovna.cz,context,Tablet,iPadOS,Muž,40 - 59,Jihočeský kraj,305,1,1,0.0,3.13
2026-07-27,Poštovna.cz,context,Tablet,iPadOS,Muž,40 - 59,Plzeňský kraj,337,0,0,0.0,3.46
2026-07-27,Poštovna.cz,context,Tablet,iPadOS,Muž,40 - 59,Karlovarský kraj,421,1,1,0.0,4.32
2026-07-27,Poštovna.cz,context,Tablet,iPadOS,Muž,40 - 59,Ústecký kraj,17,0,0,0.0,0.17
2026-07-27,Poštovna.cz,context,Tablet,iPadOS,Muž,40 - 59,Liberecký kraj,2,0,0,0.0,0.02
2026-07-27,Poštovna.cz,context,Tablet,iPadOS,Muž,40 - 59,Královéhradecký kraj,722,0,0,0.0,7.42
2026-07-27,Poštovna.cz,context,Tablet,iPadOS,Muž,40 - 59,Pardubický kraj,231,0,0,0.0,2.37
2026-07-27,Poštovna.cz,context,Tablet,iPadOS,Muž,40 - 59,Kraj Vysočina,20,0,0,0.0,0.21
2026-07-27,Poštovna.cz,context,Tablet,iPadOS,Muž,40 - 59,Jihomoravský kraj,200,0,0,0.0,2.05
2026-07-27,Poštovna.cz,context,Tablet,iPadOS,Muž,40 - 59,Olomoucký kraj,124,0,0,0.0,1.27
2026-07-27,Poštovna.cz,context,Tablet,iPadOS,Muž,40 - 59,Zlínský kraj,159,1,1,0.0,1.63
2026-07-27,Poštovna.cz,context,Tablet,iPadOS,Muž,40 - 59,Moravskoslezský kraj,1,0,0,0.0,0.01
2026-07-27,Poštovna.cz,context,SmartPhone,,Žena,18 - 24,Hlavní město Praha,1,0,0,0.0,0.0
2026-07-27,Poštovna.cz,context,SmartPhone,,Žena,18 - 24,Středočeský kraj,1,0,0,0.0,0.0
2026-07-27,Poštovna.cz,context,SmartPhone,,Žena,18 - 24,Jihočeský kraj,2,0,0,0.0,0.0
2026-07-27,Poštovna.cz,context,SmartPhone,,Žena,18 - 24,Plzeňský kraj,6,0,0,0.0,0.0
2026-07-27,Poštovna.cz,context,SmartPhone,,Žena,18 - 24,Karlovarský kraj,1,0,0,0.0,0.0
2026-07-27,Poštovna.cz,context,SmartPhone,,Žena,18 - 24,Ústecký kraj,1,0,0,0.0,0.0
2026-07-27,Poštovna.cz,context,SmartPhone,,Žena,18 - 24,Liberecký kraj,4,0,0,0.0,0.0
2026-07-27,Poštovna.cz,context,SmartPhone,,Žena,18 - 24,Královéhradecký kraj,1,0,0,0.0,0.0
2026-07-27,Poštovna.cz,context,SmartPhone,,Žena,18 - 24,Pardubický kraj,1,0,0,0.0,0.0
2026-07-27,Poštovna.cz,context,SmartPhone,,Žena,18 - 24,Kraj Vysočina,3,0,0,0.0,0.0
2026-07-27,Poštovna.cz,context,SmartPhone,,Žena,18 - 24,Jihomoravský kraj,1,0,0,0.0,0.0
2026-07-27,Poštovna.cz,context,SmartPhone,,Žena,18 - 24,Olomoucký kraj,1,0,0,0.0,0.0
2026-07-27,Poštovna.cz,context,SmartPhone,,Žena,18 - 24,Zlínský kraj,2,0,0,0.0,0.0
2026-07-27,Poštovna.cz,context,SmartPhone,,Žena,18 - 24,Moravskoslezský kraj,3,0,0,0.0,0.0
2026-07-27,Poštovna.cz,context,Tv,,Muž,Neznámý,Hlavní město Praha,1,0,0,0.0,0.0
2026-07-27,Poštovna.cz,context,Tv,,Muž,Neznámý,Středočeský kraj,1,0,0,0.0,0.0
2026-07-27,Poštovna.cz,context,Tv,,Muž,Neznámý,Jihočeský kraj,1,0,0,0.0,0.0
2026-07-27,Poštovna.cz,context,Tv,,Muž,Neznámý,Plzeňský kraj,1,0,0,0.0,0.0
2026-07-27,Poštovna.cz,context,Tv,,Muž,Neznámý,Karlovarský kraj,1,0,0,0.0,0.0
2026-07-27,Poštovna.cz,context,Tv,,Muž,Neznámý,Ústecký kraj,1,0,0,0.0,0.0
2026-07-27,Poštovna.cz,context,Tv,,Muž,Neznámý,Liberecký kraj,1,0,0,0.0,0.0
2026-07-27,Poštovna.cz,context,Tv,,Muž,Neznámý,Královéhradecký kraj,1,0,0,0.0,0.0
2026-07-27,Poštovna.cz,context,Tv,,Muž,Neznámý,Pardubický kraj,1,0,0,0.0,0.0
2026-07-27,Poštovna.cz,context,Tv,,Muž,Neznámý,Kraj Vysočina,1,0,0,0.0,0.0
2026-07-27,Poštovna.cz,context,Tv,,Muž,Neznámý,Jihomoravský kraj,1,0,0,0.0,0.0
2026-07-27,Poštovna.cz,context,Tv,,Muž,Neznámý,Olomoucký kraj,1,0,0,0.0,0.0
2026-07-27,Poštovna.cz,context,Tv,,Muž,Neznámý,Zlínský kraj,1,0,0,0.0,0.0
2026-07-27,Poštovna.cz,context,Tv,,Muž,Neznámý,Moravskoslezský kraj,1,0,0,0.0,0.0
2026-07-27,Poštovna.cz,context,Console,Android,Žena,25 - 39,Hlavní město Praha,1,0,0,0.0,0.0
2026-07-27,Poštovna.cz,context,Console,Android,Žena,25 - 39,Středočeský kraj,1,0,0,0.0,0.0
2026-07-27,Poštovna.cz,context,Console,Android,Žena,25 - 39,Jihočeský kraj,1,0,0,0.0,0.0
2026-07-27,Poštovna.cz,context,Console,Android,Žena,25 - 39,Plzeňský kraj,1,0,0,0.0,0.0
2026-07-27,Poštovna.cz,context,Console,Android,Žena,25 - 39,Karlovarský kraj,1,0,0,0.0,0.0
2026-07-27,Poštovna.cz,context,Console,Android,Žena,25 - 39,Ústecký kraj,1,0,0,0.0,0.0
2026-07-27,Poštovna.cz,context,Console,Android,Žena,25 - 39,Liberecký kraj,1,0,0,0.0,0.0
2026-07-27,Poštovna.cz,context,Console,Android,Žena,25 - 39,Královéhradecký kraj,1,0,0,0.0,0.0
2026-07-27,Poštovna.cz,context,Console,Android,Žena,25 - 39,Pardubický kraj,1,0,0,0.0,0.0
2026-07-27,Poštovna.cz,context,Console,Android,Žena,25 - 39,Kraj Vysočina,1,0,0,0.0,0.0
2026-07-27,Poštovna.cz,context,Console,Android,Žena,25 - 39,Jihomoravský kraj,1,0,0,0.0,0.0
2026-07-27,Poštovna.cz,context,Console,Android,Žena,25 - 39,Olomoucký kraj,1,0,0,0.0,0.0
2026-07-27,Poštovna.cz,context,Console,Android,Žena,25 - 39,Zlínský kraj,1,0,0,0.0,0.0
2026-07-27,Poštovna.cz,context,Console,Android,Žena,25 - 39,Moravskoslezský kraj,1,0,0,0.0,0.0
2026-07-27,Poštovna.cz,context,Desktop,Windows,Muž,40 - 59,Hlavní město Praha,18553,31,0,0.0,229.97
2026-07-27,Poštovna.cz,context,Desktop,Windows,Muž,40 - 59,Středočeský kraj,19603,30,2,3978.09,242.99
2026-07-27,Poštovna.cz,context,Desktop,Windows,Muž,40 - 59,Jihočeský kraj,9745,17,1,1989.05,120.79
2026-07-27,Poštovna.cz,context,Desktop,Windows,Muž,40 - 59,Plzeňský kraj,93041,136,11,21879.5,1153.3
2026-07-27,Poštovna.cz,context,Desktop,Windows,Muž,40 - 59,Karlovarský kraj,42021,82,3,5967.14,520.87
2026-07-27,Poštovna.cz,context,Desktop,Windows,Muž,40 - 59,Ústecký kraj,19831,20,2,3978.09,245.82
2026-07-27,Poštovna.cz,context,Desktop,Windows,Muž,40 - 59,Liberecký kraj,4839,7,0,0.0,59.98
2026-07-27,Poštovna.cz,context,Desktop,Windows,Muž,40 - 59,Královéhradecký kraj,63058,98,5,9945.23,781.64
2026-07-27,Poštovna.cz,context,Desktop,Windows,Muž,40 - 59,Pardubický kraj,53493,62,4,7956.18,663.08
2026-07-27,Poštovna.cz,context,Desktop,Windows,Muž,40 - 59,Kraj Vysočina,35195,57,6,11934.27,436.26
2026-07-27,Poštovna.cz,context,Desktop,Windows,Muž,40 - 59,Jihomoravský kraj,9635,16,1,1989.05,119.43
2026-07-27,Poštovna.cz,context,Desktop,Windows,Muž,40 - 59,Olomoucký kraj,44433,70,5,9945.23,550.77
2026-07-27,Poštovna.cz,context,Desktop,Windows,Muž,40 - 59,Zlínský kraj,61937,96,7,13923.32,767.74
2026-07-27,Poštovna.cz,context,Desktop,Windows,Muž,40 - 59,Moravskoslezský kraj,107681,177,10,19890.45,1334.77
2026-07-27,Poštovna.cz,context,Mobile,,Neznámý,Neznámý,Hlavní město Praha,1,0,0,0.0,0.0
2026-07-27,Poštovna.cz,context,Mobile,,Neznámý,Neznámý,Středočeský kraj,1,0,0,0.0,0.0
2026-07-27,Poštovna.cz,context,Mobile,,Neznámý,Neznámý,Jihočeský kraj,1,0,0,0.0,0.0
2026-07-27,Poštovna.cz,context,Mobile,,Neznámý,Neznámý,Plzeňský kraj,1,0,0,0.0,0.0
2026-07-27,Poštovna.cz,context,Mobile,,Neznámý,Neznámý,Karlovarský kraj,1,0,0,0.0,0.0
2026-07-27,Poštovna.cz,context,Mobile,,Neznámý,Neznámý,Ústecký kraj,1,0,0,0.0,0.0
2026-07-27,Poštovna.cz,context,Mobile,,Neznámý,Neznámý,Liberecký kraj,1,0,0,0.0,0.0
2026-07-27,Poštovna.cz,context,Mobile,,Neznámý,Neznámý,Královéhradecký kraj,1,0,0,0.0,0.0
2026-07-27,Poštovna.cz,context,Mobile,,Neznámý,Neznámý,Pardubický kraj,1,0,0,0.0,0.0
2026-07-27,Poštovna.cz,context,Mobile,,Neznámý,Neznámý,Kraj Vysočina,1,0,0,0.0,0.0
2026-07-27,Poštovna.cz,context,Mobile,,Neznámý,Neznámý,Jihomoravský kraj,1,0,0,0.0,0.0
2026-07-27,Poštovna.cz,context,Mobile,,Neznámý,Neznámý,Olomoucký kraj,1,0,0,0.0,0.0
2026-07-27,Poštovna.cz,context,Mobile,,Neznámý,Neznámý,Zlínský kraj,1,0,0,0.0,0.0
2026-07-27,Poštovna.cz,context,Mobile,,Neznámý,Neznámý,Moravskoslezský kraj,1,0,0,0.0,0.0
2026-07-27,ProTety.cz,context,Desktop,Windows,Muž,60+,Hlavní město Praha,47035,243,25,2425.12,1086.85
2026-07-27,ProTety.cz,context,Desktop,Windows,Muž,60+,Středočeský kraj,19342,78,5,485.02,446.94
2026-07-27,ProTety.cz,context,Desktop,Windows,Muž,60+,Jihočeský kraj,3278,16,1,97.0,75.75
2026-07-27,ProTety.cz,context,Desktop,Windows,Muž,60+,Plzeňský kraj,11686,64,5,485.02,270.03
2026-07-27,ProTety.cz,context,Desktop,Windows,Muž,60+,Karlovarský kraj,50178,251,13,1261.06,1159.48
2026-07-27,ProTety.cz,context,Desktop,Windows,Muž,60+,Ústecký kraj,53871,277,14,1358.07,1244.81
2026-07-27,ProTety.cz,context,Desktop,Windows,Muž,60+,Liberecký kraj,2793,11,1,97.0,64.54
2026-07-27,ProTety.cz,context,Desktop,Windows,Muž,60+,Královéhradecký kraj,527,1,1,97.0,12.18
2026-07-27,ProTety.cz,context,Desktop,Windows,Muž,60+,Pardubický kraj,20581,106,7,679.03,475.57
2026-07-27,ProTety.cz,context,Desktop,Windows,Muž,60+,Kraj Vysočina,5922,24,0,0.0,136.84
2026-07-27,ProTety.cz,context,Desktop,Windows,Muž,60+,Jihomoravský kraj,4271,22,0,0.0,98.69
2026-07-27,ProTety.cz,context,Desktop,Windows,Muž,60+,Olomoucký kraj,22331,105,8,776.04,516.01
2026-07-27,ProTety.cz,context,Desktop,Windows,Muž,60+,Zlínský kraj,4284,29,2,194.01,98.99
2026-07-27,ProTety.cz,context,Desktop,Windows,Muž,60+,Moravskoslezský kraj,44185,223,11,1067.05,1021.0
2026-07-27,ProTety.cz,context,SmartPhone,iOS,Žena,18 - 24,Hlavní město Praha,26,0,0,0.0,0.47
2026-07-27,ProTety.cz,context,SmartPhone,iOS,Žena,18 - 24,Středočeský kraj,34,0,0,0.0,0.62
2026-07-27,ProTety.cz,context,SmartPhone,iOS,Žena,18 - 24,Jihočeský kraj,31,0,0,0.0,0.56
2026-07-27,ProTety.cz,context,SmartPhone,iOS,Žena,18 - 24,Plzeňský kraj,48,0,0,0.0,0.87
2026-07-27,ProTety.cz,context,SmartPhone,iOS,Žena,18 - 24,Karlovarský kraj,136,0,0,0.0,2.47
2026-07-27,ProTety.cz,context,SmartPhone,iOS,Žena,18 - 24,Ústecký kraj,35,0,0,0.0,0.64
2026-07-27,ProTety.cz,context,SmartPhone,iOS,Žena,18 - 24,Liberecký kraj,222,1,0,0.0,4.03
2026-07-27,ProTety.cz,context,SmartPhone,iOS,Žena,18 - 24,Královéhradecký kraj,42,0,0,0.0,0.76
2026-07-27,ProTety.cz,context,SmartPhone,iOS,Žena,18 - 24,Pardubický kraj,134,0,0,0.0,2.44
2026-07-27,ProTety.cz,context,SmartPhone,iOS,Žena,18 - 24,Kraj Vysočina,161,1,0,0.0,2.93
2026-07-27,ProTety.cz,context,SmartPhone,iOS,Žena,18 - 24,Jihomoravský kraj,45,0,0,0.0,0.82
2026-07-27,ProTety.cz,context,SmartPhone,iOS,Žena,18 - 24,Olomoucký kraj,177,0,0,0.0,3.22
2026-07-27,ProTety.cz,context,SmartPhone,iOS,Žena,18 - 24,Zlínský kraj,26,0,0,0.0,0.47
2026-07-27,ProTety.cz,context,SmartPhone,iOS,Žena,18 - 24,Moravskoslezský kraj,75,0,0,0.0,1.36
2026-07-27,ProTety.cz,context,Tv,Android,Žena,Neznámý,Hlavní město Praha,1,0,0,0.0,0.0
2026-07-27,ProTety.cz,context,Tv,Android,Žena,Neznámý,Středočeský kraj,1,0,0,0.0,0.0
2026-07-27,ProTety.cz,context,Tv,Android,Žena,Neznámý,Jihočeský kraj,1,0,0,0.0,0.0
2026-07-27,ProTety.cz,context,Tv,Android,Žena,Neznámý,Plzeňský kraj,1,0,0,0.0,0.0
2026-07-27,ProTety.cz,context,Tv,Android,Žena,Neznámý,Karlovarský kraj,1,0,0,0.0,0.0
2026-07-27,ProTety.cz,context,Tv,Android,Žena,Neznámý,Ústecký kraj,1,0,0,0.0,0.0
2026-07-27,ProTety.cz,context,Tv,Android,Žena,Neznámý,Liberecký kraj,1,0,0,0.0,0.0
2026-07-27,ProTety.cz,context,Tv,Android,Žena,Neznámý,Královéhradecký kraj,1,0,0,0.0,0.0
2026-07-27,ProTety.cz,context,Tv,Android,Žena,Neznámý,Pardubický kraj,1,0,0,0.0,0.0
2026-07-27,ProTety.cz,context,Tv,Android,Žena,Neznámý,Kraj Vysočina,1,0,0,0.0,0.0
2026-07-27,ProTety.cz,context,Tv,Android,Žena,Neznámý,Jihomoravský kraj,1,0,0,0.0,0.0
2026-07-27,ProTety.cz,context,Tv,Android,Žena,Neznámý,Olomoucký kraj,1,0,0,0.0,0.0
2026-07-27,ProTety.cz,context,Tv,Android,Žena,Neznámý,Zlínský kraj,1,0,0,0.0,0.0
2026-07-27,ProTety.cz,context,Tv,Android,Žena,Neznámý,Moravskoslezský kraj,1,0,0,0.0,0.0
2026-07-28,Aktualitky.cz,context,SmallScreen,Android,Muž,40 - 59,Hlavní město Praha,16,0,0,0.0,0.04
2026-07-28,Aktualitky.cz,context,SmallScreen,Android,Muž,40 - 59,Středočeský kraj,24,0,0,0.0,0.05
2026-07-28,Aktualitky.cz,context,SmallScreen,Android,Muž,40 - 59,Jihočeský kraj,20,0,0,0.0,0.04
2026-07-28,Aktualitky.cz,context,SmallScreen,Android,Muž,40 - 59,Plzeňský kraj,11,0,0,0.0,0.02
2026-07-28,Aktualitky.cz,context,SmallScreen,Android,Muž,40 - 59,Karlovarský kraj,12,0,0,0.0,0.03
2026-07-28,Aktualitky.cz,context,SmallScreen,Android,Muž,40 - 59,Ústecký kraj,28,0,0,0.0,0.06
2026-07-28,Aktualitky.cz,context,SmallScreen,Android,Muž,40 - 59,Liberecký kraj,29,0,0,0.0,0.06
2026-07-28,Aktualitky.cz,context,SmallScreen,Android,Muž,40 - 59,Královéhradecký kraj,28,0,0,0.0,0.06
2026-07-28,Aktualitky.cz,context,SmallScreen,Android,Muž,40 - 59,Pardubický kraj,51,0,0,0.0,0.11
2026-07-28,Aktualitky.cz,context,SmallScreen,Android,Muž,40 - 59,Kraj Vysočina,6,0,0,0.0,0.01
2026-07-28,Aktualitky.cz,context,SmallScreen,Android,Muž,40 - 59,Jihomoravský kraj,12,0,0,0.0,0.03
2026-07-28,Aktualitky.cz,context,SmallScreen,Android,Muž,40 - 59,Olomoucký kraj,45,0,0,0.0,0.1
2026-07-28,Aktualitky.cz,context,SmallScreen,Android,Muž,40 - 59,Zlínský kraj,11,0,0,0.0,0.02
2026-07-28,Aktualitky.cz,context,SmallScreen,Android,Muž,40 - 59,Moravskoslezský kraj,18,0,0,0.0,0.04
2026-07-28,Aktualitky.cz,context,Desktop,Windows,Žena,Neznámý,Hlavní město Praha,2151,3,0,0.0,24.84
2026-07-28,Aktualitky.cz,context,Desktop,Windows,Žena,Neznámý,Středočeský kraj,543,1,0,0.0,6.27
2026-07-28,Aktualitky.cz,context,Desktop,Windows,Žena,Neznámý,Jihočeský kraj,77,0,0,0.0,0.89
2026-07-28,Aktualitky.cz,context,Desktop,Windows,Žena,Neznámý,Plzeňský kraj,4846,10,2,1364.99,55.97
2026-07-28,Aktualitky.cz,context,Desktop,Windows,Žena,Neznámý,Karlovarský kraj,433,1,0,0.0,5.0
2026-07-28,Aktualitky.cz,context,Desktop,Windows,Žena,Neznámý,Ústecký kraj,524,0,0,0.0,6.05
2026-07-28,Aktualitky.cz,context,Desktop,Windows,Žena,Neznámý,Liberecký kraj,522,0,0,0.0,6.03
2026-07-28,Aktualitky.cz,context,Desktop,Windows,Žena,Neznámý,Královéhradecký kraj,13222,27,1,682.49,152.72
2026-07-28,Aktualitky.cz,context,Desktop,Windows,Žena,Neznámý,Pardubický kraj,14101,24,0,0.0,162.87
2026-07-28,Aktualitky.cz,context,Desktop,Windows,Žena,Neznámý,Kraj Vysočina,1299,0,0,0.0,15.0
2026-07-28,Aktualitky.cz,context,Desktop,Windows,Žena,Neznámý,Jihomoravský kraj,2952,5,0,0.0,34.1
2026-07-28,Aktualitky.cz,context,Desktop,Windows,Žena,Neznámý,Olomoucký kraj,8355,22,2,1364.99,96.5
2026-07-28,Aktualitky.cz,context,Desktop,Windows,Žena,Neznámý,Zlínský kraj,10797,28,1,682.49,124.71
2026-07-28,Aktualitky.cz,context,Desktop,Windows,Žena,Neznámý,Moravskoslezský kraj,2986,5,0,0.0,34.49
2026-07-28,Baráky.cz,context,SmartPhone,,Muž,40 - 59,Hlavní město Praha,81,0,0,0.0,0.14
2026-07-28,Baráky.cz,context,SmartPhone,,Muž,40 - 59,Středočeský kraj,273,1,0,0.0,0.48
2026-07-28,Baráky.cz,context,SmartPhone,,Muž,40 - 59,Jihočeský kraj,108,0,0,0.0,0.19
2026-07-28,Baráky.cz,context,SmartPhone,,Muž,40 - 59,Plzeňský kraj,49,0,0,0.0,0.09
2026-07-28,Baráky.cz,context,SmartPhone,,Muž,40 - 59,Karlovarský kraj,225,0,0,0.0,0.4
2026-07-28,Baráky.cz,context,SmartPhone,,Muž,40 - 59,Ústecký kraj,35,0,0,0.0,0.06
2026-07-28,Baráky.cz,context,SmartPhone,,Muž,40 - 59,Liberecký kraj,116,0,0,0.0,0.21
2026-07-28,Baráky.cz,context,SmartPhone,,Muž,40 - 59,Královéhradecký kraj,49,0,0,0.0,0.09
2026-07-28,Baráky.cz,context,SmartPhone,,Muž,40 - 59,Pardubický kraj,232,0,0,0.0,0.41
2026-07-28,Baráky.cz,context,SmartPhone,,Muž,40 - 59,Kraj Vysočina,126,0,0,0.0,0.22
2026-07-28,Baráky.cz,context,SmartPhone,,Muž,40 - 59,Jihomoravský kraj,405,0,0,0.0,0.72
2026-07-28,Baráky.cz,context,SmartPhone,,Muž,40 - 59,Olomoucký kraj,46,0,0,0.0,0.08
2026-07-28,Baráky.cz,context,SmartPhone,,Muž,40 - 59,Zlínský kraj,262,0,0,0.0,0.46
2026-07-28,Baráky.cz,context,SmartPhone,,Muž,40 - 59,Moravskoslezský kraj,115,0,0,0.0,0.2
2026-07-28,Blogeria.cz,context,Desktop,ChromeOS,Žena,Neznámý,Hlavní město Praha,3,0,0,0.0,0.18
2026-07-28,Blogeria.cz,context,Desktop,ChromeOS,Žena,Neznámý,Středočeský kraj,27,1,0,0.0,1.62
2026-07-28,Blogeria.cz,context,Desktop,ChromeOS,Žena,Neznámý,Jihočeský kraj,2,0,0,0.0,0.12
2026-07-28,Blogeria.cz,context,Desktop,ChromeOS,Žena,Neznámý,Plzeňský kraj,12,0,0,0.0,0.72
2026-07-28,Blogeria.cz,context,Desktop,ChromeOS,Žena,Neznámý,Karlovarský kraj,17,1,0,0.0,1.02
2026-07-28,Blogeria.cz,context,Desktop,ChromeOS,Žena,Neznámý,Ústecký kraj,6,0,0,0.0,0.36
2026-07-28,Blogeria.cz,context,Desktop,ChromeOS,Žena,Neznámý,Liberecký kraj,7,0,0,0.0,0.42
2026-07-28,Blogeria.cz,context,Desktop,ChromeOS,Žena,Neznámý,Královéhradecký kraj,3,0,0,0.0,0.18
2026-07-28,Blogeria.cz,context,Desktop,ChromeOS,Žena,Neznámý,Pardubický kraj,1,0,0,0.0,0.06
2026-07-28,Blogeria.cz,context,Desktop,ChromeOS,Žena,Neznámý,Kraj Vysočina,3,0,0,0.0,0.18
2026-07-28,Blogeria.cz,context,Desktop,ChromeOS,Žena,Neznámý,Jihomoravský kraj,2,0,0,0.0,0.12
2026-07-28,Blogeria.cz,context,Desktop,ChromeOS,Žena,Neznámý,Olomoucký kraj,1,0,0,0.0,0.06
2026-07-28,Blogeria.cz,context,Desktop,ChromeOS,Žena,Neznámý,Zlínský kraj,2,0,0,0.0,0.12
2026-07-28,Blogeria.cz,context,Desktop,ChromeOS,Žena,Neznámý,Moravskoslezský kraj,4,0,0,0.0,0.24
2026-07-28,Drbárna.cz,context,MediaHub,Android,Žena,25 - 39,Hlavní město Praha,3,0,0,0.0,0.01
2026-07-28,Drbárna.cz,context,MediaHub,Android,Žena,25 - 39,Středočeský kraj,7,0,0,0.0,0.02
2026-07-28,Drbárna.cz,context,MediaHub,Android,Žena,25 - 39,Jihočeský kraj,1,0,0,0.0,0.0
2026-07-28,Drbárna.cz,context,MediaHub,Android,Žena,25 - 39,Plzeňský kraj,1,0,0,0.0,0.0
2026-07-28,Drbárna.cz,context,MediaHub,Android,Žena,25 - 39,Karlovarský kraj,3,0,0,0.0,0.01
2026-07-28,Drbárna.cz,context,MediaHub,Android,Žena,25 - 39,Ústecký kraj,2,0,0,0.0,0.01
2026-07-28,Drbárna.cz,context,MediaHub,Android,Žena,25 - 39,Liberecký kraj,3,0,0,0.0,0.01
2026-07-28,Drbárna.cz,context,MediaHub,Android,Žena,25 - 39,Královéhradecký kraj,2,0,0,0.0,0.01
2026-07-28,Drbárna.cz,context,MediaHub,Android,Žena,25 - 39,Pardubický kraj,5,0,0,0.0,0.02
2026-07-28,Drbárna.cz,context,MediaHub,Android,Žena,25 - 39,Kraj Vysočina,2,0,0,0.0,0.01
2026-07-28,Drbárna.cz,context,MediaHub,Android,Žena,25 - 39,Jihomoravský kraj,3,0,0,0.0,0.01
2026-07-28,Drbárna.cz,context,MediaHub,Android,Žena,25 - 39,Olomoucký kraj,1,0,0,0.0,0.0
2026-07-28,Drbárna.cz,context,MediaHub,Android,Žena,25 - 39,Zlínský kraj,2,0,0,0.0,0.01
2026-07-28,Drbárna.cz,context,MediaHub,Android,Žena,25 - 39,Moravskoslezský kraj,3,0,0,0.0,0.01
2026-07-28,Drbárna.cz,context,Desktop,macOS,Muž,40 - 59,Hlavní město Praha,6182,7,1,2546.47,49.67
2026-07-28,Drbárna.cz,context,Desktop,macOS,Muž,40 - 59,Středočeský kraj,13588,19,0,0.0,109.17
2026-07-28,Drbárna.cz,context,Desktop,macOS,Muž,40 - 59,Jihočeský kraj,914,0,0,0.0,7.34
2026-07-28,Drbárna.cz,context,Desktop,macOS,Muž,40 - 59,Plzeňský kraj,10225,12,0,0.0,82.15
2026-07-28,Drbárna.cz,context,Desktop,macOS,Muž,40 - 59,Karlovarský kraj,869,1,0,0.0,6.98
2026-07-28,Drbárna.cz,context,Desktop,macOS,Muž,40 - 59,Ústecký kraj,40859,36,3,7639.4,328.28
2026-07-28,Drbárna.cz,context,Desktop,macOS,Muž,40 - 59,Liberecký kraj,4605,1,0,0.0,37.0
2026-07-28,Drbárna.cz,context,Desktop,macOS,Muž,40 - 59,Královéhradecký kraj,28948,48,4,10185.87,232.58
2026-07-28,Drbárna.cz,context,Desktop,macOS,Muž,40 - 59,Pardubický kraj,1715,2,0,0.0,13.78
2026-07-28,Drbárna.cz,context,Desktop,macOS,Muž,40 - 59,Kraj Vysočina,1810,4,0,0.0,14.54
2026-07-28,Drbárna.cz,context,Desktop,macOS,Muž,40 - 59,Jihomoravský kraj,3246,5,0,0.0,26.08
2026-07-28,Drbárna.cz,context,Desktop,macOS,Muž,40 - 59,Olomoucký kraj,1772,1,0,0.0,14.24
2026-07-28,Drbárna.cz,context,Desktop,macOS,Muž,40 - 59,Zlínský kraj,5417,7,0,0.0,43.52
2026-07-28,Drbárna.cz,context,Desktop,macOS,Muž,40 - 59,Moravskoslezský kraj,4762,9,0,0.0,38.26
2026-07-28,Drbárna.cz,context,Tablet,,Žena,40 - 59,Hlavní město Praha,77,0,0,0.0,0.23
2026-07-28,Drbárna.cz,context,Tablet,,Žena,40 - 59,Středočeský kraj,4,0,0,0.0,0.01
2026-07-28,Drbárna.cz,context,Tablet,,Žena,40 - 59,Jihočeský kraj,7,0,0,0.0,0.02
2026-07-28,Drbárna.cz,context,Tablet,,Žena,40 - 59,Plzeňský kraj,12,0,0,0.0,0.04
2026-07-28,Drbárna.cz,context,Tablet,,Žena,40 - 59,Karlovarský kraj,66,1,0,0.0,0.2
2026-07-28,Drbárna.cz,context,Tablet,,Žena,40 - 59,Ústecký kraj,5,0,0,0.0,0.02
2026-07-28,Drbárna.cz,context,Tablet,,Žena,40 - 59,Liberecký kraj,12,0,0,0.0,0.04
2026-07-28,Drbárna.cz,context,Tablet,,Žena,40 - 59,Královéhradecký kraj,142,0,0,0.0,0.43
2026-07-28,Drbárna.cz,context,Tablet,,Žena,40 - 59,Pardubický kraj,1,0,0,0.0,0.0
2026-07-28,Drbárna.cz,context,Tablet,,Žena,40 - 59,Kraj Vysočina,51,0,0,0.0,0.15
2026-07-28,Drbárna.cz,context,Tablet,,Žena,40 - 59,Jihomoravský kraj,56,0,0,0.0,0.17
2026-07-28,Drbárna.cz,context,Tablet,,Žena,40 - 59,Olomoucký kraj,63,0,0,0.0,0.19
2026-07-28,Drbárna.cz,context,Tablet,,Žena,40 - 59,Zlínský kraj,48,0,0,0.0,0.15
2026-07-28,Drbárna.cz,context,Tablet,,Žena,40 - 59,Moravskoslezský kraj,58,0,0,0.0,0.18
2026-07-28,Drbárna.cz,context,Console,Android,Muž,25 - 39,Hlavní město Praha,1,0,0,0.0,0.0
2026-07-28,Drbárna.cz,context,Console,Android,Muž,25 - 39,Středočeský kraj,1,0,0,0.0,0.0
2026-07-28,Drbárna.cz,context,Console,Android,Muž,25 - 39,Jihočeský kraj,1,0,0,0.0,0.0
2026-07-28,Drbárna.cz,context,Console,Android,Muž,25 - 39,Plzeňský kraj,1,0,0,0.0,0.0
2026-07-28,Drbárna.cz,context,Console,Android,Muž,25 - 39,Karlovarský kraj,1,0,0,0.0,0.0
2026-07-28,Drbárna.cz,context,Console,Android,Muž,25 - 39,Ústecký kraj,2,0,0,0.0,0.0
2026-07-28,Drbárna.cz,context,Console,Android,Muž,25 - 39,Liberecký kraj,1,0,0,0.0,0.0
2026-07-28,Drbárna.cz,context,Console,Android,Muž,25 - 39,Královéhradecký kraj,1,0,0,0.0,0.0
2026-07-28,Drbárna.cz,context,Console,Android,Muž,25 - 39,Pardubický kraj,1,0,0,0.0,0.0
2026-07-28,Drbárna.cz,context,Console,Android,Muž,25 - 39,Kraj Vysočina,1,0,0,0.0,0.0
2026-07-28,Drbárna.cz,context,Console,Android,Muž,25 - 39,Jihomoravský kraj,1,0,0,0.0,0.0
2026-07-28,Drbárna.cz,context,Console,Android,Muž,25 - 39,Olomoucký kraj,1,0,0,0.0,0.0
2026-07-28,Drbárna.cz,context,Console,Android,Muž,25 - 39,Zlínský kraj,1,0,0,0.0,0.0
2026-07-28,Drbárna.cz,context,Console,Android,Muž,25 - 39,Moravskoslezský kraj,2,0,0,0.0,0.0
2026-07-28,Kliknito.cz,context,Tv,,Žena,18 - 24,Hlavní město Praha,1,0,0,0.0,0.0
2026-07-28,Kliknito.cz,context,Tv,,Žena,18 - 24,Středočeský kraj,1,0,0,0.0,0.0
2026-07-28,Kliknito.cz,context,Tv,,Žena,18 - 24,Jihočeský kraj,1,0,0,0.0,0.0
2026-07-28,Kliknito.cz,context,Tv,,Žena,18 - 24,Plzeňský kraj,1,0,0,0.0,0.0
2026-07-28,Kliknito.cz,context,Tv,,Žena,18 - 24,Karlovarský kraj,1,0,0,0.0,0.0
2026-07-28,Kliknito.cz,context,Tv,,Žena,18 - 24,Ústecký kraj,1,0,0,0.0,0.0
2026-07-28,Kliknito.cz,context,Tv,,Žena,18 - 24,Liberecký kraj,1,0,0,0.0,0.0
2026-07-28,Kliknito.cz,context,Tv,,Žena,18 - 24,Královéhradecký kraj,1,0,0,0.0,0.0
2026-07-28,Kliknito.cz,context,Tv,,Žena,18 - 24,Pardubický kraj,1,0,0,0.0,0.0
2026-07-28,Kliknito.cz,context,Tv,,Žena,18 - 24,Kraj Vysočina,1,0,0,0.0,0.0
2026-07-28,Kliknito.cz,context,Tv,,Žena,18 - 24,Jihomoravský kraj,1,0,0,0.0,0.0
2026-07-28,Kliknito.cz,context,Tv,,Žena,18 - 24,Olomoucký kraj,1,0,0,0.0,0.0
2026-07-28,Kliknito.cz,context,Tv,,Žena,18 - 24,Zlínský kraj,1,0,0,0.0,0.0
2026-07-28,Kliknito.cz,context,Tv,,Žena,18 - 24,Moravskoslezský kraj,1,0,0,0.0,0.0
2026-07-28,Kliknito.cz,context,,,Žena,18 - 24,Hlavní město Praha,1,0,0,0.0,0.0
2026-07-28,Kliknito.cz,context,,,Žena,18 - 24,Středočeský kraj,1,0,0,0.0,0.0
2026-07-28,Kliknito.cz,context,,,Žena,18 - 24,Jihočeský kraj,1,0,0,0.0,0.0
2026-07-28,Kliknito.cz,context,,,Žena,18 - 24,Plzeňský kraj,1,0,0,0.0,0.0
2026-07-28,Kliknito.cz,context,,,Žena,18 - 24,Karlovarský kraj,1,0,0,0.0,0.0
2026-07-28,Kliknito.cz,context,,,Žena,18 - 24,Ústecký kraj,1,0,0,0.0,0.0
2026-07-28,Kliknito.cz,context,,,Žena,18 - 24,Liberecký kraj,1,0,0,0.0,0.0
2026-07-28,Kliknito.cz,context,,,Žena,18 - 24,Královéhradecký kraj,1,0,0,0.0,0.0
2026-07-28,Kliknito.cz,context,,,Žena,18 - 24,Pardubický kraj,1,0,0,0.0,0.0
2026-07-28,Kliknito.cz,context,,,Žena,18 - 24,Kraj Vysočina,1,0,0,0.0,0.0
2026-07-28,Kliknito.cz,context,,,Žena,18 - 24,Jihomoravský kraj,1,0,0,0.0,0.0
2026-07-28,Kliknito.cz,context,,,Žena,18 - 24,Olomoucký kraj,1,0,0,0.0,0.0
2026-07-28,Kliknito.cz,context,,,Žena,18 - 24,Zlínský kraj,1,0,0,0.0,0.0
2026-07-28,Kliknito.cz,context,,,Žena,18 - 24,Moravskoslezský kraj,1,0,0,0.0,0.0
2026-07-28,Kopačka.cz,context,Desktop,,Neznámý,40 - 59,Hlavní město Praha,1,0,0,0.0,0.01
2026-07-28,Kopačka.cz,context,Desktop,,Neznámý,40 - 59,Středočeský kraj,1,0,0,0.0,0.01
2026-07-28,Kopačka.cz,context,Desktop,,Neznámý,40 - 59,Jihočeský kraj,1,0,0,0.0,0.01
2026-07-28,Kopačka.cz,context,Desktop,,Neznámý,40 - 59,Plzeňský kraj,1,0,0,0.0,0.01
2026-07-28,Kopačka.cz,context,Desktop,,Neznámý,40 - 59,Karlovarský kraj,1,0,0,0.0,0.01
2026-07-28,Kopačka.cz,context,Desktop,,Neznámý,40 - 59,Ústecký kraj,1,0,0,0.0,0.01
2026-07-28,Kopačka.cz,context,Desktop,,Neznámý,40 - 59,Liberecký kraj,1,0,0,0.0,0.01
2026-07-28,Kopačka.cz,context,Desktop,,Neznámý,40 - 59,Královéhradecký kraj,1,0,0,0.0,0.01
2026-07-28,Kopačka.cz,context,Desktop,,Neznámý,40 - 59,Pardubický kraj,1,0,0,0.0,0.01
2026-07-28,Kopačka.cz,context,Desktop,,Neznámý,40 - 59,Kraj Vysočina,1,0,0,0.0,0.01
2026-07-28,Kopačka.cz,context,Desktop,,Neznámý,40 - 59,Jihomoravský kraj,1,0,0,0.0,0.01
2026-07-28,Kopačka.cz,context,Desktop,,Neznámý,40 - 59,Olomoucký kraj,1,0,0,0.0,0.01
2026-07-28,Kopačka.cz,context,Desktop,,Neznámý,40 - 59,Zlínský kraj,1,0,0,0.0,0.01
2026-07-28,Kopačka.cz,context,Desktop,,Neznámý,40 - 59,Moravskoslezský kraj,1,0,0,0.0,0.01
2026-07-28,Kámoši.net,context,SmallScreen,Android,Muž,25 - 39,Hlavní město Praha,1,0,0,0.0,0.0
2026-07-28,Kámoši.net,context,SmallScreen,Android,Muž,25 - 39,Středočeský kraj,1,0,0,0.0,0.0
2026-07-28,Kámoši.net,context,SmallScreen,Android,Muž,25 - 39,Jihočeský kraj,1,0,0,0.0,0.0
2026-07-28,Kámoši.net,context,SmallScreen,Android,Muž,25 - 39,Plzeňský kraj,1,0,0,0.0,0.0
2026-07-28,Kámoši.net,context,SmallScreen,Android,Muž,25 - 39,Karlovarský kraj,1,0,0,0.0,0.0
2026-07-28,Kámoši.net,context,SmallScreen,Android,Muž,25 - 39,Ústecký kraj,1,0,0,0.0,0.0
2026-07-28,Kámoši.net,context,SmallScreen,Android,Muž,25 - 39,Liberecký kraj,1,0,0,0.0,0.0
2026-07-28,Kámoši.net,context,SmallScreen,Android,Muž,25 - 39,Královéhradecký kraj,1,0,0,0.0,0.0
2026-07-28,Kámoši.net,context,SmallScreen,Android,Muž,25 - 39,Pardubický kraj,1,0,0,0.0,0.0
2026-07-28,Kámoši.net,context,SmallScreen,Android,Muž,25 - 39,Kraj Vysočina,1,0,0,0.0,0.0
2026-07-28,Kámoši.net,context,SmallScreen,Android,Muž,25 - 39,Jihomoravský kraj,1,0,0,0.0,0.0
2026-07-28,Kámoši.net,context,SmallScreen,Android,Muž,25 - 39,Olomoucký kraj,1,0,0,0.0,0.0
2026-07-28,Kámoši.net,context,SmallScreen,Android,Muž,25 - 39,Zlínský kraj,1,0,0,0.0,0.0
2026-07-28,Kámoši.net,context,SmallScreen,Android,Muž,25 - 39,Moravskoslezský kraj,1,0,0,0.0,0.0
2026-07-28,Kámoši.net,context,Desktop,,Muž,Neznámý,Hlavní město Praha,67,0,0,0.0,0.52
2026-07-28,Kámoši.net,context,Desktop,,Muž,Neznámý,Středočeský kraj,125,0,0,0.0,0.97
2026-07-28,Kámoši.net,context,Desktop,,Muž,Neznámý,Jihočeský kraj,182,0,0,0.0,1.41
2026-07-28,Kámoši.net,context,Desktop,,Muž,Neznámý,Plzeňský kraj,113,0,0,0.0,0.88
2026-07-28,Kámoši.net,context,Desktop,,Muž,Neznámý,Karlovarský kraj,181,1,0,0.0,1.4
2026-07-28,Kámoši.net,context,Desktop,,Muž,Neznámý,Ústecký kraj,96,0,0,0.0,0.74
2026-07-28,Kámoši.net,context,Desktop,,Muž,Neznámý,Liberecký kraj,64,1,0,0.0,0.5
2026-07-28,Kámoši.net,context,Desktop,,Muž,Neznámý,Královéhradecký kraj,9,0,0,0.0,0.07
2026-07-28,Kámoši.net,context,Desktop,,Muž,Neznámý,Pardubický kraj,35,0,0,0.0,0.27
2026-07-28,Kámoši.net,context,Desktop,,Muž,Neznámý,Kraj Vysočina,93,0,0,0.0,0.72
2026-07-28,Kámoši.net,context,Desktop,,Muž,Neznámý,Jihomoravský kraj,64,0,0,0.0,0.5
2026-07-28,Kámoši.net,context,Desktop,,Muž,Neznámý,Olomoucký kraj,94,0,0,0.0,0.73
2026-07-28,Kámoši.net,context,Desktop,,Muž,Neznámý,Zlínský kraj,1,0,0,0.0,0.01
2026-07-28,Kámoši.net,context,Desktop,,Muž,Neznámý,Moravskoslezský kraj,374,1,0,0.0,2.9
2026-07-28,Pozdní Zprávy,context,Console,Windows,Žena,40 - 59,Hlavní město Praha,1,0,0,0.0,0.0
2026-07-28,Pozdní Zprávy,context,Console,Windows,Žena,40 - 59,Středočeský kraj,1,0,0,0.0,0.0
2026-07-28,Pozdní Zprávy,context,Console,Windows,Žena,40 - 59,Jihočeský kraj,1,0,0,0.0,0.0
2026-07-28,Pozdní Zprávy,context,Console,Windows,Žena,40 - 59,Plzeňský kraj,1,0,0,0.0,0.0
2026-07-28,Pozdní Zprávy,context,Console,Windows,Žena,40 - 59,Karlovarský kraj,1,0,0,0.0,0.0
2026-07-28,Pozdní Zprávy,context,Console,Windows,Žena,40 - 59,Ústecký kraj,1,0,0,0.0,0.0
2026-07-28,Pozdní Zprávy,context,Console,Windows,Žena,40 - 59,Liberecký kraj,1,0,0,0.0,0.0
2026-07-28,Pozdní Zprávy,context,Console,Windows,Žena,40 - 59,Královéhradecký kraj,1,0,0,0.0,0.0
2026-07-28,Pozdní Zprávy,context,Console,Windows,Žena,40 - 59,Pardubický kraj,1,0,0,0.0,0.0
2026-07-28,Pozdní Zprávy,context,Console,Windows,Žena,40 - 59,Kraj Vysočina,1,0,0,0.0,0.0
2026-07-28,Pozdní Zprávy,context,Console,Windows,Žena,40 - 59,Jihomoravský kraj,1,0,0,0.0,0.0
2026-07-28,Pozdní Zprávy,context,Console,Windows,Žena,40 - 59,Olomoucký kraj,1,0,0,0.0,0.0
2026-07-28,Pozdní Zprávy,context,Console,Windows,Žena,40 - 59,Zlínský kraj,1,0,0,0.0,0.0
2026-07-28,Pozdní Zprávy,context,Console,Windows,Žena,40 - 59,Moravskoslezský kraj,1,0,0,0.0,0.0
2026-07-28,Pozdní Zprávy,context,Tv,Tizen,Muž,25 - 39,Hlavní město Praha,1,0,0,0.0,0.0
2026-07-28,Pozdní Zprávy,context,Tv,Tizen,Muž,25 - 39,Středočeský kraj,3,0,0,0.0,0.0
2026-07-28,Pozdní Zprávy,context,Tv,Tizen,Muž,25 - 39,Jihočeský kraj,1,0,0,0.0,0.0
2026-07-28,Pozdní Zprávy,context,Tv,Tizen,Muž,25 - 39,Plzeňský kraj,1,0,0,0.0,0.0
2026-07-28,Pozdní Zprávy,context,Tv,Tizen,Muž,25 - 39,Karlovarský kraj,1,0,0,0.0,0.0
2026-07-28,Pozdní Zprávy,context,Tv,Tizen,Muž,25 - 39,Ústecký kraj,3,0,0,0.0,0.0
2026-07-28,Pozdní Zprávy,context,Tv,Tizen,Muž,25 - 39,Liberecký kraj,1,0,0,0.0,0.0
2026-07-28,Pozdní Zprávy,context,Tv,Tizen,Muž,25 - 39,Královéhradecký kraj,3,0,0,0.0,0.0
2026-07-28,Pozdní Zprávy,context,Tv,Tizen,Muž,25 - 39,Pardubický kraj,1,0,0,0.0,0.0
2026-07-28,Pozdní Zprávy,context,Tv,Tizen,Muž,25 - 39,Kraj Vysočina,4,0,0,0.0,0.0
2026-07-28,Pozdní Zprávy,context,Tv,Tizen,Muž,25 - 39,Jihomoravský kraj,3,0,0,0.0,0.0
2026-07-28,Pozdní Zprávy,context,Tv,Tizen,Muž,25 - 39,Olomoucký kraj,3,0,0,0.0,0.0
2026-07-28,Pozdní Zprávy,context,Tv,Tizen,Muž,25 - 39,Zlínský kraj,3,0,0,0.0,0.0
2026-07-28,Pozdní Zprávy,context,Tv,Tizen,Muž,25 - 39,Moravskoslezský kraj,2,0,0,0.0,0.0
2026-07-28,Pozdní Zprávy,context,SmartPhone,Android,Muž,18 - 24,Hlavní město Praha,8063,20,1,3.66,115.04
2026-07-28,Pozdní Zprávy,context,SmartPhone,Android,Muž,18 - 24,Středočeský kraj,792,2,0,0.0,11.3
2026-07-28,Pozdní Zprávy,context,SmartPhone,Android,Muž,18 - 24,Jihočeský kraj,1499,8,1,3.66,21.39
2026-07-28,Pozdní Zprávy,context,SmartPhone,Android,Muž,18 - 24,Plzeňský kraj,1186,5,1,3.66,16.92
2026-07-28,Pozdní Zprávy,context,SmartPhone,Android,Muž,18 - 24,Karlovarský kraj,1636,3,0,0.0,23.34
2026-07-28,Pozdní Zprávy,context,SmartPhone,Android,Muž,18 - 24,Ústecký kraj,306,0,0,0.0,4.37
2026-07-28,Pozdní Zprávy,context,SmartPhone,Android,Muž,18 - 24,Liberecký kraj,2530,12,0,0.0,36.1
2026-07-28,Pozdní Zprávy,context,SmartPhone,Android,Muž,18 - 24,Královéhradecký kraj,4910,13,0,0.0,70.05
2026-07-28,Pozdní Zprávy,context,SmartPhone,Android,Muž,18 - 24,Pardubický kraj,512,3,0,0.0,7.3
2026-07-28,Pozdní Zprávy,context,SmartPhone,Android,Muž,18 - 24,Kraj Vysočina,5460,17,3,10.97,77.9
2026-07-28,Pozdní Zprávy,context,SmartPhone,Android,Muž,18 - 24,Jihomoravský kraj,4982,11,1,3.66,71.08
2026-07-28,Pozdní Zprávy,context,SmartPhone,Android,Muž,18 - 24,Olomoucký kraj,572,0,0,0.0,8.16
2026-07-28,Pozdní Zprávy,context,SmartPhone,Android,Muž,18 - 24,Zlínský kraj,292,2,0,0.0,4.17
2026-07-28,Pozdní Zprávy,context,SmartPhone,Android,Muž,18 - 24,Moravskoslezský kraj,1591,4,0,0.0,22.7
2026-07-28,Poštovna.cz,context,MediaHub,Android,Muž,60+,Hlavní město Praha,1,0,0,0.0,0.0
2026-07-28,Poštovna.cz,context,MediaHub,Android,Muž,60+,Středočeský kraj,1,0,0,0.0,0.0
2026-07-28,Poštovna.cz,context,MediaHub,Android,Muž,60+,Jihočeský kraj,1,0,0,0.0,0.0
2026-07-28,Poštovna.cz,context,MediaHub,Android,Muž,60+,Plzeňský kraj,1,0,0,0.0,0.0
2026-07-28,Poštovna.cz,context,MediaHub,Android,Muž,60+,Karlovarský kraj,1,0,0,0.0,0.0
2026-07-28,Poštovna.cz,context,MediaHub,Android,Muž,60+,Ústecký kraj,1,0,0,0.0,0.0
2026-07-28,Poštovna.cz,context,MediaHub,Android,Muž,60+,Liberecký kraj,1,0,0,0.0,0.0
2026-07-28,Poštovna.cz,context,MediaHub,Android,Muž,60+,Královéhradecký kraj,1,0,0,0.0,0.0
2026-07-28,Poštovna.cz,context,MediaHub,Android,Muž,60+,Pardubický kraj,1,0,0,0.0,0.0
2026-07-28,Poštovna.cz,context,MediaHub,Android,Muž,60+,Kraj Vysočina,1,0,0,0.0,0.0
2026-07-28,Poštovna.cz,context,MediaHub,Android,Muž,60+,Jihomoravský kraj,1,0,0,0.0,0.0
2026-07-28,Poštovna.cz,context,MediaHub,Android,Muž,60+,Olomoucký kraj,1,0,0,0.0,0.0
2026-07-28,Poštovna.cz,context,MediaHub,Android,Muž,60+,Zlínský kraj,1,0,0,0.0,0.0
2026-07-28,Poštovna.cz,context,MediaHub,Android,Muž,60+,Moravskoslezský kraj,1,0,0,0.0,0.0
2026-07-28,Poštovna.cz,context,SmartPhone,Android,Žena,25 - 39,Hlavní město Praha,7329,19,1,487.19,123.6
2026-07-28,Poštovna.cz,context,SmartPhone,Android,Žena,25 - 39,Středočeský kraj,2487,0,0,0.0,41.94
2026-07-28,Poštovna.cz,context,SmartPhone,Android,Žena,25 - 39,Jihočeský kraj,7009,16,0,0.0,118.21
2026-07-28,Poštovna.cz,context,SmartPhone,Android,Žena,25 - 39,Plzeňský kraj,5710,7,0,0.0,96.3
2026-07-28,Poštovna.cz,context,SmartPhone,Android,Žena,25 - 39,Karlovarský kraj,20556,35,1,487.19,346.68
2026-07-28,Poštovna.cz,context,SmartPhone,Android,Žena,25 - 39,Ústecký kraj,2558,3,0,0.0,43.14
2026-07-28,Poštovna.cz,context,SmartPhone,Android,Žena,25 - 39,Liberecký kraj,4682,4,1,487.19,78.96
2026-07-28,Poštovna.cz,context,SmartPhone,Android,Žena,25 - 39,Královéhradecký kraj,6427,11,0,0.0,108.39
2026-07-28,Poštovna.cz,context,SmartPhone,Android,Žena,25 - 39,Pardubický kraj,2694,2,0,0.0,45.43
2026-07-28,Poštovna.cz,context,SmartPhone,Android,Žena,25 - 39,Kraj Vysočina,13309,19,3,1461.58,224.46
2026-07-28,Poštovna.cz,context,SmartPhone,Android,Žena,25 - 39,Jihomoravský kraj,16364,22,3,1461.58,275.98
2026-07-28,Poštovna.cz,context,SmartPhone,Android,Žena,25 - 39,Olomoucký kraj,2388,4,0,0.0,40.27
2026-07-28,Poštovna.cz,context,SmartPhone,Android,Žena,25 - 39,Zlínský kraj,8792,16,0,0.0,148.28
2026-07-28,Poštovna.cz,context,SmartPhone,Android,Žena,25 - 39,Moravskoslezský kraj,703,0,0,0.0,11.86
2026-07-28,Poštovna.cz,context,Desktop,,Neznámý,Neznámý,Hlavní město Praha,53,0,0,0.0,0.64
2026-07-28,Poštovna.cz,context,Desktop,,Neznámý,Neznámý,Středočeský kraj,34,0,0,0.0,0.41
2026-07-28,Poštovna.cz,context,Desktop,,Neznámý,Neznámý,Jihočeský kraj,15,0,0,0.0,0.18
2026-07-28,Poštovna.cz,context,Desktop,,Neznámý,Neznámý,Plzeňský kraj,138,0,0,0.0,1.67
2026-07-28,Poštovna.cz,context,Desktop,,Neznámý,Neznámý,Karlovarský kraj,91,0,0,0.0,1.1
2026-07-28,Poštovna.cz,context,Desktop,,Neznámý,Neznámý,Ústecký kraj,97,0,0,0.0,1.17
2026-07-28,Poštovna.cz,context,Desktop,,Neznámý,Neznámý,Liberecký kraj,387,0,0,0.0,4.67
2026-07-28,Poštovna.cz,context,Desktop,,Neznámý,Neznámý,Královéhradecký kraj,31,0,0,0.0,0.37
2026-07-28,Poštovna.cz,context,Desktop,,Neznámý,Neznámý,Pardubický kraj,317,1,0,0.0,3.83
2026-07-28,Poštovna.cz,context,Desktop,,Neznámý,Neznámý,Kraj Vysočina,68,0,0,0.0,0.82
2026-07-28,Poštovna.cz,context,Desktop,,Neznámý,Neznámý,Jihomoravský kraj,78,0,0,0.0,0.94
2026-07-28,Poštovna.cz,context,Desktop,,Neznámý,Neznámý,Olomoucký kraj,150,0,0,0.0,1.81
2026-07-28,Poštovna.cz,context,Desktop,,Neznámý,Neznámý,Zlínský kraj,324,1,0,0.0,3.91
2026-07-28,Poštovna.cz,context,Desktop,,Neznámý,Neznámý,Moravskoslezský kraj,99,0,0,0.0,1.19
2026-07-28,Poštovna.cz,context,Desktop,macOS,Muž,25 - 39,Hlavní město Praha,2226,2,0,0.0,17.48
2026-07-28,Poštovna.cz,context,Desktop,macOS,Muž,25 - 39,Středočeský kraj,820,1,0,0.0,6.44
2026-07-28,Poštovna.cz,context,Desktop,macOS,Muž,25 - 39,Jihočeský kraj,40,0,0,0.0,0.31
2026-07-28,Poštovna.cz,context,Desktop,macOS,Muž,25 - 39,Plzeňský kraj,526,0,0,0.0,4.13
2026-07-28,Poštovna.cz,context,Desktop,macOS,Muž,25 - 39,Karlovarský kraj,215,0,0,0.0,1.69
2026-07-28,Poštovna.cz,context,Desktop,macOS,Muž,25 - 39,Ústecký kraj,709,0,0,0.0,5.57
2026-07-28,Poštovna.cz,context,Desktop,macOS,Muž,25 - 39,Liberecký kraj,888,1,0,0.0,6.98
2026-07-28,Poštovna.cz,context,Desktop,macOS,Muž,25 - 39,Královéhradecký kraj,464,1,0,0.0,3.64
2026-07-28,Poštovna.cz,context,Desktop,macOS,Muž,25 - 39,Pardubický kraj,3178,4,0,0.0,24.96
2026-07-28,Poštovna.cz,context,Desktop,macOS,Muž,25 - 39,Kraj Vysočina,3092,5,1,0.0,24.29
2026-07-28,Poštovna.cz,context,Desktop,macOS,Muž,25 - 39,Jihomoravský kraj,473,0,0,0.0,3.72
2026-07-28,Poštovna.cz,context,Desktop,macOS,Muž,25 - 39,Olomoucký kraj,34,0,0,0.0,0.27
2026-07-28,Poštovna.cz,context,Desktop,macOS,Muž,25 - 39,Zlínský kraj,1628,1,0,0.0,12.79
2026-07-28,Poštovna.cz,context,Desktop,macOS,Muž,25 - 39,Moravskoslezský kraj,1097,2,0,0.0,8.62
2026-07-28,ProTety.cz,context,MediaHub,Android,Muž,40 - 59,Hlavní město Praha,1,0,0,0.0,0.0
2026-07-28,ProTety.cz,context,MediaHub,Android,Muž,40 - 59,Středočeský kraj,1,0,0,0.0,0.0
2026-07-28,ProTety.cz,context,MediaHub,Android,Muž,40 - 59,Jihočeský kraj,1,0,0,0.0,0.0
2026-07-28,ProTety.cz,context,MediaHub,Android,Muž,40 - 59,Plzeňský kraj,1,0,0,0.0,0.0
2026-07-28,ProTety.cz,context,MediaHub,Android,Muž,40 - 59,Karlovarský kraj,1,0,0,0.0,0.0
2026-07-28,ProTety.cz,context,MediaHub,Android,Muž,40 - 59,Ústecký kraj,1,0,0,0.0,0.0
2026-07-28,ProTety.cz,context,MediaHub,Android,Muž,40 - 59,Liberecký kraj,1,0,0,0.0,0.0
2026-07-28,ProTety.cz,context,MediaHub,Android,Muž,40 - 59,Královéhradecký kraj,1,0,0,0.0,0.0
2026-07-28,ProTety.cz,context,MediaHub,Android,Muž,40 - 59,Pardubický kraj,1,0,0,0.0,0.0
2026-07-28,ProTety.cz,context,MediaHub,Android,Muž,40 - 59,Kraj Vysočina,1,0,0,0.0,0.0
2026-07-28,ProTety.cz,context,MediaHub,Android,Muž,40 - 59,Jihomoravský kraj,1,0,0,0.0,0.0
2026-07-28,ProTety.cz,context,MediaHub,Android,Muž,40 - 59,Olomoucký kraj,1,0,0,0.0,0.0
2026-07-28,ProTety.cz,context,MediaHub,Android,Muž,40 - 59,Zlínský kraj,1,0,0,0.0,0.0
2026-07-28,ProTety.cz,context,MediaHub,Android,Muž,40 - 59,Moravskoslezský kraj,1,0,0,0.0,0.0
2026-07-29,Aktualitky.cz,context,Mobile,,Muž,Neznámý,Hlavní město Praha,1,0,0,0.0,0.01
2026-07-29,Aktualitky.cz,context,Mobile,,Muž,Neznámý,Středočeský kraj,1,0,0,0.0,0.01
2026-07-29,Aktualitky.cz,context,Mobile,,Muž,Neznámý,Jihočeský kraj,1,0,0,0.0,0.01
2026-07-29,Aktualitky.cz,context,Mobile,,Muž,Neznámý,Plzeňský kraj,1,0,0,0.0,0.01
2026-07-29,Aktualitky.cz,context,Mobile,,Muž,Neznámý,Karlovarský kraj,1,0,0,0.0,0.01
2026-07-29,Aktualitky.cz,context,Mobile,,Muž,Neznámý,Ústecký kraj,1,0,0,0.0,0.01
2026-07-29,Aktualitky.cz,context,Mobile,,Muž,Neznámý,Liberecký kraj,1,0,0,0.0,0.01
2026-07-29,Aktualitky.cz,context,Mobile,,Muž,Neznámý,Královéhradecký kraj,1,0,0,0.0,0.01
2026-07-29,Aktualitky.cz,context,Mobile,,Muž,Neznámý,Pardubický kraj,1,0,0,0.0,0.01
2026-07-29,Aktualitky.cz,context,Mobile,,Muž,Neznámý,Kraj Vysočina,1,0,0,0.0,0.01
2026-07-29,Aktualitky.cz,context,Mobile,,Muž,Neznámý,Jihomoravský kraj,1,0,0,0.0,0.01
2026-07-29,Aktualitky.cz,context,Mobile,,Muž,Neznámý,Olomoucký kraj,1,0,0,0.0,0.01
2026-07-29,Aktualitky.cz,context,Mobile,,Muž,Neznámý,Zlínský kraj,1,0,0,0.0,0.01
2026-07-29,Aktualitky.cz,context,Mobile,,Muž,Neznámý,Moravskoslezský kraj,1,0,0,0.0,0.01
2026-07-29,Aktualitky.cz,context,MediaHub,Android,Žena,60+,Hlavní město Praha,7,0,0,0.0,0.0
2026-07-29,Aktualitky.cz,context,MediaHub,Android,Žena,60+,Středočeský kraj,1,0,0,0.0,0.0
2026-07-29,Aktualitky.cz,context,MediaHub,Android,Žena,60+,Jihočeský kraj,1,0,0,0.0,0.0
2026-07-29,Aktualitky.cz,context,MediaHub,Android,Žena,60+,Plzeňský kraj,3,0,0,0.0,0.0
2026-07-29,Aktualitky.cz,context,MediaHub,Android,Žena,60+,Karlovarský kraj,6,0,0,0.0,0.0
2026-07-29,Aktualitky.cz,context,MediaHub,Android,Žena,60+,Ústecký kraj,1,0,0,0.0,0.0
2026-07-29,Aktualitky.cz,context,MediaHub,Android,Žena,60+,Liberecký kraj,7,0,0,0.0,0.0
2026-07-29,Aktualitky.cz,context,MediaHub,Android,Žena,60+,Královéhradecký kraj,7,0,0,0.0,0.0
2026-07-29,Aktualitky.cz,context,MediaHub,Android,Žena,60+,Pardubický kraj,1,0,0,0.0,0.0
2026-07-29,Aktualitky.cz,context,MediaHub,Android,Žena,60+,Kraj Vysočina,3,0,0,0.0,0.0
2026-07-29,Aktualitky.cz,context,MediaHub,Android,Žena,60+,Jihomoravský kraj,2,0,0,0.0,0.0
2026-07-29,Aktualitky.cz,context,MediaHub,Android,Žena,60+,Olomoucký kraj,3,0,0,0.0,0.0
2026-07-29,Aktualitky.cz,context,MediaHub,Android,Žena,60+,Zlínský kraj,4,0,0,0.0,0.0
2026-07-29,Aktualitky.cz,context,MediaHub,Android,Žena,60+,Moravskoslezský kraj,3,0,0,0.0,0.0
2026-07-29,Aktualitky.cz,context,Console,Windows,Žena,Neznámý,Hlavní město Praha,1,0,0,0.0,0.0
2026-07-29,Aktualitky.cz,context,Console,Windows,Žena,Neznámý,Středočeský kraj,1,0,0,0.0,0.0
2026-07-29,Aktualitky.cz,context,Console,Windows,Žena,Neznámý,Jihočeský kraj,1,0,0,0.0,0.0
2026-07-29,Aktualitky.cz,context,Console,Windows,Žena,Neznámý,Plzeňský kraj,1,0,0,0.0,0.0
2026-07-29,Aktualitky.cz,context,Console,Windows,Žena,Neznámý,Karlovarský kraj,1,0,0,0.0,0.0
2026-07-29,Aktualitky.cz,context,Console,Windows,Žena,Neznámý,Ústecký kraj,1,0,0,0.0,0.0
2026-07-29,Aktualitky.cz,context,Console,Windows,Žena,Neznámý,Liberecký kraj,1,0,0,0.0,0.0
2026-07-29,Aktualitky.cz,context,Console,Windows,Žena,Neznámý,Královéhradecký kraj,1,0,0,0.0,0.0
2026-07-29,Aktualitky.cz,context,Console,Windows,Žena,Neznámý,Pardubický kraj,1,0,0,0.0,0.0
2026-07-29,Aktualitky.cz,context,Console,Windows,Žena,Neznámý,Kraj Vysočina,1,0,0,0.0,0.0
2026-07-29,Aktualitky.cz,context,Console,Windows,Žena,Neznámý,Jihomoravský kraj,1,0,0,0.0,0.0
2026-07-29,Aktualitky.cz,context,Console,Windows,Žena,Neznámý,Olomoucký kraj,1,0,0,0.0,0.0
2026-07-29,Aktualitky.cz,context,Console,Windows,Žena,Neznámý,Zlínský kraj,1,0,0,0.0,0.0
2026-07-29,Aktualitky.cz,context,Console,Windows,Žena,Neznámý,Moravskoslezský kraj,1,0,0,0.0,0.0
2026-07-29,Aktualitky.cz,context,,,Muž,25 - 39,Hlavní město Praha,1,0,0,0.0,0.0
2026-07-29,Aktualitky.cz,context,,,Muž,25 - 39,Středočeský kraj,1,0,0,0.0,0.0
2026-07-29,Aktualitky.cz,context,,,Muž,25 - 39,Jihočeský kraj,1,0,0,0.0,0.0
2026-07-29,Aktualitky.cz,context,,,Muž,25 - 39,Plzeňský kraj,1,0,0,0.0,0.0
2026-07-29,Aktualitky.cz,context,,,Muž,25 - 39,Karlovarský kraj,1,0,0,0.0,0.0
2026-07-29,Aktualitky.cz,context,,,Muž,25 - 39,Ústecký kraj,1,0,0,0.0,0.0
2026-07-29,Aktualitky.cz,context,,,Muž,25 - 39,Liberecký kraj,1,0,0,0.0,0.0
2026-07-29,Aktualitky.cz,context,,,Muž,25 - 39,Královéhradecký kraj,1,0,0,0.0,0.0
2026-07-29,Aktualitky.cz,context,,,Muž,25 - 39,Pardubický kraj,1,0,0,0.0,0.0
2026-07-29,Aktualitky.cz,context,,,Muž,25 - 39,Kraj Vysočina,1,0,0,0.0,0.0
2026-07-29,Aktualitky.cz,context,,,Muž,25 - 39,Jihomoravský kraj,1,0,0,0.0,0.0
2026-07-29,Aktualitky.cz,context,,,Muž,25 - 39,Olomoucký kraj,1,0,0,0.0,0.0
2026-07-29,Aktualitky.cz,context,,,Muž,25 - 39,Zlínský kraj,1,0,0,0.0,0.0
2026-07-29,Aktualitky.cz,context,,,Muž,25 - 39,Moravskoslezský kraj,1,0,0,0.0,0.0
2026-07-29,Baráky.cz,context,MediaHub,Android,Žena,40 - 59,Hlavní město Praha,1,0,0,0.0,0.0
2026-07-29,Baráky.cz,context,MediaHub,Android,Žena,40 - 59,Středočeský kraj,1,0,0,0.0,0.0
2026-07-29,Baráky.cz,context,MediaHub,Android,Žena,40 - 59,Jihočeský kraj,1,0,0,0.0,0.0
2026-07-29,Baráky.cz,context,MediaHub,Android,Žena,40 - 59,Plzeňský kraj,1,0,0,0.0,0.0
2026-07-29,Baráky.cz,context,MediaHub,Android,Žena,40 - 59,Karlovarský kraj,1,0,0,0.0,0.0
2026-07-29,Baráky.cz,context,MediaHub,Android,Žena,40 - 59,Ústecký kraj,1,0,0,0.0,0.0
2026-07-29,Baráky.cz,context,MediaHub,Android,Žena,40 - 59,Liberecký kraj,1,0,0,0.0,0.0
2026-07-29,Baráky.cz,context,MediaHub,Android,Žena,40 - 59,Královéhradecký kraj,1,0,0,0.0,0.0
2026-07-29,Baráky.cz,context,MediaHub,Android,Žena,40 - 59,Pardubický kraj,1,0,0,0.0,0.0
2026-07-29,Baráky.cz,context,MediaHub,Android,Žena,40 - 59,Kraj Vysočina,1,0,0,0.0,0.0
2026-07-29,Baráky.cz,context,MediaHub,Android,Žena,40 - 59,Jihomoravský kraj,1,0,0,0.0,0.0
2026-07-29,Baráky.cz,context,MediaHub,Android,Žena,40 - 59,Olomoucký kraj,1,0,0,0.0,0.0
2026-07-29,Baráky.cz,context,MediaHub,Android,Žena,40 - 59,Zlínský kraj,1,0,0,0.0,0.0
2026-07-29,Baráky.cz,context,MediaHub,Android,Žena,40 - 59,Moravskoslezský kraj,1,0,0,0.0,0.0
2026-07-29,Blogeria.cz,context,SmartPhone,,Žena,18 - 24,Hlavní město Praha,1,0,0,0.0,0.0
2026-07-29,Blogeria.cz,context,SmartPhone,,Žena,18 - 24,Středočeský kraj,3,0,0,0.0,0.01
2026-07-29,Blogeria.cz,context,SmartPhone,,Žena,18 - 24,Jihočeský kraj,2,0,0,0.0,0.01
2026-07-29,Blogeria.cz,context,SmartPhone,,Žena,18 - 24,Plzeňský kraj,1,0,0,0.0,0.0
2026-07-29,Blogeria.cz,context,SmartPhone,,Žena,18 - 24,Karlovarský kraj,1,0,0,0.0,0.0
2026-07-29,Blogeria.cz,context,SmartPhone,,Žena,18 - 24,Ústecký kraj,2,0,0,0.0,0.01
2026-07-29,Blogeria.cz,context,SmartPhone,,Žena,18 - 24,Liberecký kraj,1,0,0,0.0,0.0
2026-07-29,Blogeria.cz,context,SmartPhone,,Žena,18 - 24,Královéhradecký kraj,5,0,0,0.0,0.02
2026-07-29,Blogeria.cz,context,SmartPhone,,Žena,18 - 24,Pardubický kraj,1,0,0,0.0,0.0
2026-07-29,Blogeria.cz,context,SmartPhone,,Žena,18 - 24,Kraj Vysočina,4,0,0,0.0,0.01
2026-07-29,Blogeria.cz,context,SmartPhone,,Žena,18 - 24,Jihomoravský kraj,2,0,0,0.0,0.01
2026-07-29,Blogeria.cz,context,SmartPhone,,Žena,18 - 24,Olomoucký kraj,1,0,0,0.0,0.0
2026-07-29,Blogeria.cz,context,SmartPhone,,Žena,18 - 24,Zlínský kraj,1,0,0,0.0,0.0
2026-07-29,Blogeria.cz,context,SmartPhone,,Žena,18 - 24,Moravskoslezský kraj,4,0,0,0.0,0.01
2026-07-29,Kliknito.cz,context,Tablet,Android,Žena,60+,Hlavní město Praha,4344,31,0,0.0,106.8
2026-07-29,Kliknito.cz,context,Tablet,Android,Žena,60+,Středočeský kraj,24361,131,2,90.52,598.92
2026-07-29,Kliknito.cz,context,Tablet,Android,Žena,60+,Jihočeský kraj,130294,764,24,1086.21,3203.3
2026-07-29,Kliknito.cz,context,Tablet,Android,Žena,60+,Plzeňský kraj,83479,475,17,769.4,2052.34
2026-07-29,Kliknito.cz,context,Tablet,Android,Žena,60+,Karlovarský kraj,111718,605,23,1040.95,2746.6
2026-07-29,Kliknito.cz,context,Tablet,Android,Žena,60+,Ústecký kraj,46891,286,14,633.62,1152.82
2026-07-29,Kliknito.cz,context,Tablet,Android,Žena,60+,Liberecký kraj,24321,125,4,181.03,597.94
2026-07-29,Kliknito.cz,context,Tablet,Android,Žena,60+,Královéhradecký kraj,46134,261,8,362.07,1134.21
2026-07-29,Kliknito.cz,context,Tablet,Android,Žena,60+,Pardubický kraj,107112,581,24,1086.21,2633.36
2026-07-29,Kliknito.cz,context,Tablet,Android,Žena,60+,Kraj Vysočina,29481,184,3,135.78,724.79
2026-07-29,Kliknito.cz,context,Tablet,Android,Žena,60+,Jihomoravský kraj,2252,19,0,0.0,55.37
2026-07-29,Kliknito.cz,context,Tablet,Android,Žena,60+,Olomoucký kraj,87245,483,12,543.1,2144.93
2026-07-29,Kliknito.cz,context,Tablet,Android,Žena,60+,Zlínský kraj,32113,176,9,407.33,789.5
2026-07-29,Kliknito.cz,context,Tablet,Android,Žena,60+,Moravskoslezský kraj,10616,58,7,316.81,261.0
2026-07-29,Kliknito.cz,context,Tv,Tizen,Muž,18 - 24,Hlavní město Praha,1,0,0,0.0,0.0
2026-07-29,Kliknito.cz,context,Tv,Tizen,Muž,18 - 24,Středočeský kraj,1,0,0,0.0,0.0
2026-07-29,Kliknito.cz,context,Tv,Tizen,Muž,18 - 24,Jihočeský kraj,1,0,0,0.0,0.0
2026-07-29,Kliknito.cz,context,Tv,Tizen,Muž,18 - 24,Plzeňský kraj,1,0,0,0.0,0.0
2026-07-29,Kliknito.cz,context,Tv,Tizen,Muž,18 - 24,Karlovarský kraj,1,0,0,0.0,0.0
2026-07-29,Kliknito.cz,context,Tv,Tizen,Muž,18 - 24,Ústecký kraj,1,0,0,0.0,0.0
2026-07-29,Kliknito.cz,context,Tv,Tizen,Muž,18 - 24,Liberecký kraj,1,0,0,0.0,0.0
2026-07-29,Kliknito.cz,context,Tv,Tizen,Muž,18 - 24,Královéhradecký kraj,1,0,0,0.0,0.0
2026-07-29,Kliknito.cz,context,Tv,Tizen,Muž,18 - 24,Pardubický kraj,1,0,0,0.0,0.0
2026-07-29,Kliknito.cz,context,Tv,Tizen,Muž,18 - 24,Kraj Vysočina,1,0,0,0.0,0.0
2026-07-29,Kliknito.cz,context,Tv,Tizen,Muž,18 - 24,Jihomoravský kraj,1,0,0,0.0,0.0
2026-07-29,Kliknito.cz,context,Tv,Tizen,Muž,18 - 24,Olomoucký kraj,1,0,0,0.0,0.0
2026-07-29,Kliknito.cz,context,Tv,Tizen,Muž,18 - 24,Zlínský kraj,1,0,0,0.0,0.0
2026-07-29,Kliknito.cz,context,Tv,Tizen,Muž,18 - 24,Moravskoslezský kraj,1,0,0,0.0,0.0
2026-07-29,Kliknito.cz,context,SmartPhone,iOS,Žena,25 - 39,Hlavní město Praha,21365,44,3,221.27,245.68
2026-07-29,Kliknito.cz,context,SmartPhone,iOS,Žena,25 - 39,Středočeský kraj,13322,20,2,147.51,153.19
2026-07-29,Kliknito.cz,context,SmartPhone,iOS,Žena,25 - 39,Jihočeský kraj,8093,21,2,147.51,93.06
2026-07-29,Kliknito.cz,context,SmartPhone,iOS,Žena,25 - 39,Plzeňský kraj,32194,74,7,516.29,370.21
2026-07-29,Kliknito.cz,context,SmartPhone,iOS,Žena,25 - 39,Karlovarský kraj,4171,9,1,73.76,47.96
2026-07-29,Kliknito.cz,context,SmartPhone,iOS,Žena,25 - 39,Ústecký kraj,47902,112,11,811.31,550.84
2026-07-29,Kliknito.cz,context,SmartPhone,iOS,Žena,25 - 39,Liberecký kraj,924,5,1,73.76,10.63
2026-07-29,Kliknito.cz,context,SmartPhone,iOS,Žena,25 - 39,Královéhradecký kraj,47644,104,9,663.8,547.87
2026-07-29,Kliknito.cz,context,SmartPhone,iOS,Žena,25 - 39,Pardubický kraj,86582,163,12,885.07,995.63
2026-07-29,Kliknito.cz,context,SmartPhone,iOS,Žena,25 - 39,Kraj Vysočina,50733,95,10,737.55,583.4
2026-07-29,Kliknito.cz,context,SmartPhone,iOS,Žena,25 - 39,Jihomoravský kraj,112427,203,29,2138.91,1292.83
2026-07-29,Kliknito.cz,context,SmartPhone,iOS,Žena,25 - 39,Olomoucký kraj,12382,24,3,221.27,142.38
2026-07-29,Kliknito.cz,context,SmartPhone,iOS,Žena,25 - 39,Zlínský kraj,3039,7,0,0.0,34.95
2026-07-29,Kliknito.cz,context,SmartPhone,iOS,Žena,25 - 39,Moravskoslezský kraj,25699,48,4,295.02,295.52
2026-07-29,Kopačka.cz,context,SmallScreen,Android,Muž,40 - 59,Hlavní město Praha,3,1,0,0.0,0.27
2026-07-29,Kopačka.cz,context,SmallScreen,Android,Muž,40 - 59,Středočeský kraj,1,0,0,0.0,0.09
2026-07-29,Kopačka.cz,context,SmallScreen,Android,Muž,40 - 59,Jihočeský kraj,10,0,0,0.0,0.89
2026-07-29,Kopačka.cz,context,SmallScreen,Android,Muž,40 - 59,Plzeňský kraj,3,0,0,0.0,0.27
2026-07-29,Kopačka.cz,context,SmallScreen,Android,Muž,40 - 59,Karlovarský kraj,2,0,0,0.0,0.18
2026-07-29,Kopačka.cz,context,SmallScreen,Android,Muž,40 - 59,Ústecký kraj,3,0,0,0.0,0.27
2026-07-29,Kopačka.cz,context,SmallScreen,Android,Muž,40 - 59,Liberecký kraj,3,0,0,0.0,0.27
2026-07-29,Kopačka.cz,context,SmallScreen,Android,Muž,40 - 59,Královéhradecký kraj,3,0,0,0.0,0.27
2026-07-29,Kopačka.cz,context,SmallScreen,Android,Muž,40 - 59,Pardubický kraj,12,0,0,0.0,1.07
2026-07-29,Kopačka.cz,context,SmallScreen,Android,Muž,40 - 59,Kraj Vysočina,2,0,0,0.0,0.18
2026-07-29,Kopačka.cz,context,SmallScreen,Android,Muž,40 - 59,Jihomoravský kraj,10,0,0,0.0,0.89
2026-07-29,Kopačka.cz,context,SmallScreen,Android,Muž,40 - 59,Olomoucký kraj,3,0,0,0.0,0.27
2026-07-29,Kopačka.cz,context,SmallScreen,Android,Muž,40 - 59,Zlínský kraj,5,0,0,0.0,0.45
2026-07-29,Kopačka.cz,context,SmallScreen,Android,Muž,40 - 59,Moravskoslezský kraj,2,0,0,0.0,0.18
2026-07-29,Kopačka.cz,context,SmartPhone,iOS,Muž,40 - 59,Hlavní město Praha,5696,15,2,42.76,43.02
2026-07-29,Kopačka.cz,context,SmartPhone,iOS,Muž,40 - 59,Středočeský kraj,48876,76,5,106.89,369.11
2026-07-29,Kopačka.cz,context,SmartPhone,iOS,Muž,40 - 59,Jihočeský kraj,43380,58,6,128.27,327.6
2026-07-29,Kopačka.cz,context,SmartPhone,iOS,Muž,40 - 59,Plzeňský kraj,39030,48,4,85.52,294.75
2026-07-29,Kopačka.cz,context,SmartPhone,iOS,Muž,40 - 59,Karlovarský kraj,56479,73,4,85.52,426.53
2026-07-29,Kopačka.cz,context,SmartPhone,iOS,Muž,40 - 59,Ústecký kraj,5207,7,0,0.0,39.32
2026-07-29,Kopačka.cz,context,SmartPhone,iOS,Muž,40 - 59,Liberecký kraj,24088,29,5,106.89,181.91
2026-07-29,Kopačka.cz,context,SmartPhone,iOS,Muž,40 - 59,Královéhradecký kraj,26393,47,4,85.52,199.32
2026-07-29,Kopačka.cz,context,SmartPhone,iOS,Muž,40 - 59,Pardubický kraj,15364,18,0,0.0,116.03
2026-07-29,Kopačka.cz,context,SmartPhone,iOS,Muž,40 - 59,Kraj Vysočina,10257,17,3,64.14,77.46
2026-07-29,Kopačka.cz,context,SmartPhone,iOS,Muž,40 - 59,Jihomoravský kraj,59046,82,7,149.65,445.91
2026-07-29,Kopačka.cz,context,SmartPhone,iOS,Muž,40 - 59,Olomoucký kraj,20914,30,3,64.14,157.94
2026-07-29,Kopačka.cz,context,SmartPhone,iOS,Muž,40 - 59,Zlínský kraj,7595,6,0,0.0,57.36
2026-07-29,Kopačka.cz,context,SmartPhone,iOS,Muž,40 - 59,Moravskoslezský kraj,8911,16,0,0.0,67.3
2026-07-29,Kámoši.net,context,Desktop,ChromeOS,Muž,40 - 59,Hlavní město Praha,51,0,0,0.0,0.08
2026-07-29,Kámoši.net,context,Desktop,ChromeOS,Muž,40 - 59,Středočeský kraj,110,0,0,0.0,0.18
2026-07-29,Kámoši.net,context,Desktop,ChromeOS,Muž,40 - 59,Jihočeský kraj,36,0,0,0.0,0.06
2026-07-29,Kámoši.net,context,Desktop,ChromeOS,Muž,40 - 59,Plzeňský kraj,39,0,0,0.0,0.06
2026-07-29,Kámoši.net,context,Desktop,ChromeOS,Muž,40 - 59,Karlovarský kraj,32,0,0,0.0,0.05
2026-07-29,Kámoši.net,context,Desktop,ChromeOS,Muž,40 - 59,Ústecký kraj,47,0,0,0.0,0.08
2026-07-29,Kámoši.net,context,Desktop,ChromeOS,Muž,40 - 59,Liberecký kraj,45,0,0,0.0,0.07
2026-07-29,Kámoši.net,context,Desktop,ChromeOS,Muž,40 - 59,Královéhradecký kraj,70,0,0,0.0,0.11
2026-07-29,Kámoši.net,context,Desktop,ChromeOS,Muž,40 - 59,Pardubický kraj,16,0,0,0.0,0.03
2026-07-29,Kámoši.net,context,Desktop,ChromeOS,Muž,40 - 59,Kraj Vysočina,4,0,0,0.0,0.01
2026-07-29,Kámoši.net,context,Desktop,ChromeOS,Muž,40 - 59,Jihomoravský kraj,54,0,0,0.0,0.09
2026-07-29,Kámoši.net,context,Desktop,ChromeOS,Muž,40 - 59,Olomoucký kraj,27,0,0,0.0,0.04
2026-07-29,Kámoši.net,context,Desktop,ChromeOS,Muž,40 - 59,Zlínský kraj,50,0,0,0.0,0.08
2026-07-29,Kámoši.net,context,Desktop,ChromeOS,Muž,40 - 59,Moravskoslezský kraj,149,1,0,0.0,0.24
2026-07-29,Kámoši.net,context,Desktop,ChromeOS,Žena,Neznámý,Hlavní město Praha,4,0,0,0.0,0.0
2026-07-29,Kámoši.net,context,Desktop,ChromeOS,Žena,Neznámý,Středočeský kraj,2,0,0,0.0,0.0
2026-07-29,Kámoši.net,context,Desktop,ChromeOS,Žena,Neznámý,Jihočeský kraj,19,0,0,0.0,0.0
2026-07-29,Kámoši.net,context,Desktop,ChromeOS,Žena,Neznámý,Plzeňský kraj,3,0,0,0.0,0.0
2026-07-29,Kámoši.net,context,Desktop,ChromeOS,Žena,Neznámý,Karlovarský kraj,13,0,0,0.0,0.0
2026-07-29,Kámoši.net,context,Desktop,ChromeOS,Žena,Neznámý,Ústecký kraj,3,0,0,0.0,0.0
2026-07-29,Kámoši.net,context,Desktop,ChromeOS,Žena,Neznámý,Liberecký kraj,1,0,0,0.0,0.0
2026-07-29,Kámoši.net,context,Desktop,ChromeOS,Žena,Neznámý,Královéhradecký kraj,1,0,0,0.0,0.0
2026-07-29,Kámoši.net,context,Desktop,ChromeOS,Žena,Neznámý,Pardubický kraj,4,0,0,0.0,0.0
2026-07-29,Kámoši.net,context,Desktop,ChromeOS,Žena,Neznámý,Kraj Vysočina,1,0,0,0.0,0.0
2026-07-29,Kámoši.net,context,Desktop,ChromeOS,Žena,Neznámý,Jihomoravský kraj,2,0,0,0.0,0.0
2026-07-29,Kámoši.net,context,Desktop,ChromeOS,Žena,Neznámý,Olomoucký kraj,10,0,0,0.0,0.0
2026-07-29,Kámoši.net,context,Desktop,ChromeOS,Žena,Neznámý,Zlínský kraj,4,0,0,0.0,0.0
2026-07-29,Kámoši.net,context,Desktop,ChromeOS,Žena,Neznámý,Moravskoslezský kraj,1,0,0,0.0,0.0
2026-07-29,Kámoši.net,context,SmartPhone,Android,Muž,60+,Hlavní město Praha,18384,81,5,284.53,324.6
2026-07-29,Kámoši.net,context,SmartPhone,Android,Muž,60+,Středočeský kraj,8827,38,1,56.91,155.85
2026-07-29,Kámoši.net,context,SmartPhone,Android,Muž,60+,Jihočeský kraj,12913,55,2,113.81,228.0
2026-07-29,Kámoši.net,context,SmartPhone,Android,Muž,60+,Plzeňský kraj,6731,34,2,113.81,118.85
2026-07-29,Kámoši.net,context,SmartPhone,Android,Muž,60+,Karlovarský kraj,54644,249,1,56.91,964.82
2026-07-29,Kámoši.net,context,SmartPhone,Android,Muž,60+,Ústecký kraj,41475,199,4,227.62,732.3
2026-07-29,Kámoši.net,context,SmartPhone,Android,Muž,60+,Liberecký kraj,30543,140,4,227.62,539.28
2026-07-29,Kámoši.net,context,SmartPhone,Android,Muž,60+,Královéhradecký kraj,27573,106,1,56.91,486.84
2026-07-29,Kámoši.net,context,SmartPhone,Android,Muž,60+,Pardubický kraj,38285,181,3,170.72,675.98
2026-07-29,Kámoši.net,context,SmartPhone,Android,Muž,60+,Kraj Vysočina,20350,94,7,398.34,359.31
2026-07-29,Kámoši.net,context,SmartPhone,Android,Muž,60+,Jihomoravský kraj,51408,241,9,512.15,907.69
2026-07-29,Kámoši.net,context,SmartPhone,Android,Muž,60+,Olomoucký kraj,117137,539,9,512.15,2068.23
2026-07-29,Kámoši.net,context,SmartPhone,Android,Muž,60+,Zlínský kraj,34906,160,4,227.62,616.32
2026-07-29,Kámoši.net,context,SmartPhone,Android,Muž,60+,Moravskoslezský kraj,6581,32,2,113.81,116.2
2026-07-29,Pozdní Zprávy,context,Tv,Tizen,Muž,60+,Hlavní město Praha,394,2,0,0.0,8.37
2026-07-29,Pozdní Zprávy,context,Tv,Tizen,Muž,60+,Středočeský kraj,367,2,0,0.0,7.8
2026-07-29,Pozdní Zprávy,context,Tv,Tizen,Muž,60+,Jihočeský kraj,176,1,0,0.0,3.74
2026-07-29,Pozdní Zprávy,context,Tv,Tizen,Muž,60+,Plzeňský kraj,233,3,0,0.0,4.95
2026-07-29,Pozdní Zprávy,context,Tv,Tizen,Muž,60+,Karlovarský kraj,302,0,0,0.0,6.42
2026-07-29,Pozdní Zprávy,context,Tv,Tizen,Muž,60+,Ústecký kraj,94,0,0,0.0,2.0
2026-07-29,Pozdní Zprávy,context,Tv,Tizen,Muž,60+,Liberecký kraj,151,1,0,0.0,3.21
2026-07-29,Pozdní Zprávy,context,Tv,Tizen,Muž,60+,Královéhradecký kraj,405,5,1,0.0,8.61
2026-07-29,Pozdní Zprávy,context,Tv,Tizen,Muž,60+,Pardubický kraj,141,0,0,0.0,3.0
2026-07-29,Pozdní Zprávy,context,Tv,Tizen,Muž,60+,Kraj Vysočina,286,3,0,0.0,6.08
2026-07-29,Pozdní Zprávy,context,Tv,Tizen,Muž,60+,Jihomoravský kraj,125,1,0,0.0,2.66
2026-07-29,Pozdní Zprávy,context,Tv,Tizen,Muž,60+,Olomoucký kraj,16,0,0,0.0,0.34
2026-07-29,Pozdní Zprávy,context,Tv,Tizen,Muž,60+,Zlínský kraj,25,0,0,0.0,0.53
2026-07-29,Pozdní Zprávy,context,Tv,Tizen,Muž,60+,Moravskoslezský kraj,220,0,0,0.0,4.67
2026-07-29,Pozdní Zprávy,context,SmallScreen,Android,Muž,25 - 39,Hlavní město Praha,2,0,0,0.0,0.0
2026-07-29,Pozdní Zprávy,context,SmallScreen,Android,Muž,25 - 39,Středočeský kraj,8,0,0,0.0,0.02
2026-07-29,Pozdní Zprávy,context,SmallScreen,Android,Muž,25 - 39,Jihočeský kraj,6,0,0,0.0,0.01
2026-07-29,Pozdní Zprávy,context,SmallScreen,Android,Muž,25 - 39,Plzeňský kraj,5,0,0,0.0,0.01
2026-07-29,Pozdní Zprávy,context,SmallScreen,Android,Muž,25 - 39,Karlovarský kraj,6,0,0,0.0,0.01
2026-07-29,Pozdní Zprávy,context,SmallScreen,Android,Muž,25 - 39,Ústecký kraj,11,0,0,0.0,0.02
2026-07-29,Pozdní Zprávy,context,SmallScreen,Android,Muž,25 - 39,Liberecký kraj,4,0,0,0.0,0.01
2026-07-29,Pozdní Zprávy,context,SmallScreen,Android,Muž,25 - 39,Královéhradecký kraj,1,0,0,0.0,0.0
2026-07-29,Pozdní Zprávy,context,SmallScreen,Android,Muž,25 - 39,Pardubický kraj,4,0,0,0.0,0.01
2026-07-29,Pozdní Zprávy,context,SmallScreen,Android,Muž,25 - 39,Kraj Vysočina,7,0,0,0.0,0.02
2026-07-29,Pozdní Zprávy,context,SmallScreen,Android,Muž,25 - 39,Jihomoravský kraj,1,0,0,0.0,0.0
2026-07-29,Pozdní Zprávy,context,SmallScreen,Android,Muž,25 - 39,Olomoucký kraj,1,0,0,0.0,0.0
2026-07-29,Pozdní Zprávy,context,SmallScreen,Android,Muž,25 - 39,Zlínský kraj,2,0,0,0.0,0.0
2026-07-29,Pozdní Zprávy,context,SmallScreen,Android,Muž,25 - 39,Moravskoslezský kraj,1,0,0,0.0,0.0
2026-07-29,Poštovna.cz,context,Desktop,macOS,Muž,18 - 24,Hlavní město Praha,50,0,0,0.0,0.27
2026-07-29,Poštovna.cz,context,Desktop,macOS,Muž,18 - 24,Středočeský kraj,119,0,0,0.0,0.63
2026-07-29,Poštovna.cz,context,Desktop,macOS,Muž,18 - 24,Jihočeský kraj,119,0,0,0.0,0.63
2026-07-29,Poštovna.cz,context,Desktop,macOS,Muž,18 - 24,Plzeňský kraj,491,0,0,0.0,2.6
2026-07-29,Poštovna.cz,context,Desktop,macOS,Muž,18 - 24,Karlovarský kraj,141,0,0,0.0,0.75
2026-07-29,Poštovna.cz,context,Desktop,macOS,Muž,18 - 24,Ústecký kraj,35,0,0,0.0,0.19
2026-07-29,Poštovna.cz,context,Desktop,macOS,Muž,18 - 24,Liberecký kraj,38,0,0,0.0,0.2
2026-07-29,Poštovna.cz,context,Desktop,macOS,Muž,18 - 24,Královéhradecký kraj,14,0,0,0.0,0.07
2026-07-29,Poštovna.cz,context,Desktop,macOS,Muž,18 - 24,Pardubický kraj,209,0,0,0.0,1.11
2026-07-29,Poštovna.cz,context,Desktop,macOS,Muž,18 - 24,Kraj Vysočina,85,1,0,0.0,0.45
2026-07-29,Poštovna.cz,context,Desktop,macOS,Muž,18 - 24,Jihomoravský kraj,82,0,0,0.0,0.43
2026-07-29,Poštovna.cz,context,Desktop,macOS,Muž,18 - 24,Olomoucký kraj,110,0,0,0.0,0.58
2026-07-29,Poštovna.cz,context,Desktop,macOS,Muž,18 - 24,Zlínský kraj,19,0,0,0.0,0.1
2026-07-29,Poštovna.cz,context,Desktop,macOS,Muž,18 - 24,Moravskoslezský kraj,1,0,0,0.0,0.01
2026-07-29,Poštovna.cz,context,SmartPhone,,Žena,Neznámý,Hlavní město Praha,5,0,0,0.0,0.0
2026-07-29,Poštovna.cz,context,SmartPhone,,Žena,Neznámý,Středočeský kraj,13,0,0,0.0,0.0
2026-07-29,Poštovna.cz,context,SmartPhone,,Žena,Neznámý,Jihočeský kraj,10,0,0,0.0,0.0
2026-07-29,Poštovna.cz,context,SmartPhone,,Žena,Neznámý,Plzeňský kraj,6,0,0,0.0,0.0
2026-07-29,Poštovna.cz,context,SmartPhone,,Žena,Neznámý,Karlovarský kraj,6,0,0,0.0,0.0
2026-07-29,Poštovna.cz,context,SmartPhone,,Žena,Neznámý,Ústecký kraj,5,0,0,0.0,0.0
2026-07-29,Poštovna.cz,context,SmartPhone,,Žena,Neznámý,Liberecký kraj,2,0,0,0.0,0.0
2026-07-29,Poštovna.cz,context,SmartPhone,,Žena,Neznámý,Královéhradecký kraj,11,0,0,0.0,0.0
2026-07-29,Poštovna.cz,context,SmartPhone,,Žena,Neznámý,Pardubický kraj,16,0,0,0.0,0.0
2026-07-29,Poštovna.cz,context,SmartPhone,,Žena,Neznámý,Kraj Vysočina,8,0,0,0.0,0.0
2026-07-29,Poštovna.cz,context,SmartPhone,,Žena,Neznámý,Jihomoravský kraj,3,0,0,0.0,0.0
2026-07-29,Poštovna.cz,context,SmartPhone,,Žena,Neznámý,Olomoucký kraj,11,0,0,0.0,0.0
2026-07-29,Poštovna.cz,context,SmartPhone,,Žena,Neznámý,Zlínský kraj,3,0,0,0.0,0.0
2026-07-29,Poštovna.cz,context,SmartPhone,,Žena,Neznámý,Moravskoslezský kraj,5,0,0,0.0,0.0
2026-07-29,Poštovna.cz,context,SmallScreen,Android,Žena,40 - 59,Hlavní město Praha,1,0,0,0.0,0.0
2026-07-29,Poštovna.cz,context,SmallScreen,Android,Žena,40 - 59,Středočeský kraj,1,0,0,0.0,0.0
2026-07-29,Poštovna.cz,context,SmallScreen,Android,Žena,40 - 59,Jihočeský kraj,1,0,0,0.0,0.0
2026-07-29,Poštovna.cz,context,SmallScreen,Android,Žena,40 - 59,Plzeňský kraj,1,0,0,0.0,0.0
2026-07-29,Poštovna.cz,context,SmallScreen,Android,Žena,40 - 59,Karlovarský kraj,1,0,0,0.0,0.0
2026-07-29,Poštovna.cz,context,SmallScreen,Android,Žena,40 - 59,Ústecký kraj,1,0,0,0.0,0.0
2026-07-29,Poštovna.cz,context,SmallScreen,Android,Žena,40 - 59,Liberecký kraj,1,0,0,0.0,0.0
2026-07-29,Poštovna.cz,context,SmallScreen,Android,Žena,40 - 59,Královéhradecký kraj,1,0,0,0.0,0.0
2026-07-29,Poštovna.cz,context,SmallScreen,Android,Žena,40 - 59,Pardubický kraj,1,0,0,0.0,0.0
2026-07-29,Poštovna.cz,context,SmallScreen,Android,Žena,40 - 59,Kraj Vysočina,1,0,0,0.0,0.0
2026-07-29,Poštovna.cz,context,SmallScreen,Android,Žena,40 - 59,Jihomoravský kraj,1,0,0,0.0,0.0
2026-07-29,Poštovna.cz,context,SmallScreen,Android,Žena,40 - 59,Olomoucký kraj,1,0,0,0.0,0.0
2026-07-29,Poštovna.cz,context,SmallScreen,Android,Žena,40 - 59,Zlínský kraj,1,0,0,0.0,0.0
2026-07-29,Poštovna.cz,context,SmallScreen,Android,Žena,40 - 59,Moravskoslezský kraj,1,0,0,0.0,0.0
2026-07-29,ProTety.cz,context,Tablet,Android,Muž,Neznámý,Hlavní město Praha,207,1,0,0.0,3.31
2026-07-29,ProTety.cz,context,Tablet,Android,Muž,Neznámý,Středočeský kraj,23,0,0,0.0,0.37
2026-07-29,ProTety.cz,context,Tablet,Android,Muž,Neznámý,Jihočeský kraj,12,0,0,0.0,0.19
2026-07-29,ProTety.cz,context,Tablet,Android,Muž,Neznámý,Plzeňský kraj,31,0,0,0.0,0.5
2026-07-29,ProTety.cz,context,Tablet,Android,Muž,Neznámý,Karlovarský kraj,3,0,0,0.0,0.05
2026-07-29,ProTety.cz,context,Tablet,Android,Muž,Neznámý,Ústecký kraj,19,1,0,0.0,0.3
2026-07-29,ProTety.cz,context,Tablet,Android,Muž,Neznámý,Liberecký kraj,19,0,0,0.0,0.3
2026-07-29,ProTety.cz,context,Tablet,Android,Muž,Neznámý,Královéhradecký kraj,6,0,0,0.0,0.1
2026-07-29,ProTety.cz,context,Tablet,Android,Muž,Neznámý,Pardubický kraj,22,0,0,0.0,0.35
2026-07-29,ProTety.cz,context,Tablet,Android,Muž,Neznámý,Kraj Vysočina,100,0,0,0.0,1.6
2026-07-29,ProTety.cz,context,Tablet,Android,Muž,Neznámý,Jihomoravský kraj,18,0,0,0.0,0.29
2026-07-29,ProTety.cz,context,Tablet,Android,Muž,Neznámý,Olomoucký kraj,29,0,0,0.0,0.46
2026-07-29,ProTety.cz,context,Tablet,Android,Muž,Neznámý,Zlínský kraj,14,1,0,0.0,0.22
2026-07-29,ProTety.cz,context,Tablet,Android,Muž,Neznámý,Moravskoslezský kraj,178,1,0,0.0,2.85
2026-07-30,Aktualitky.cz,context,Desktop,,Žena,18 - 24,Hlavní město Praha,9,0,0,0.0,0.13
2026-07-30,Aktualitky.cz,context,Desktop,,Žena,18 - 24,Středočeský kraj,11,0,0,0.0,0.16
2026-07-30,Aktualitky.cz,context,Desktop,,Žena,18 - 24,Jihočeský kraj,29,0,0,0.0,0.43
2026-07-30,Aktualitky.cz,context,Desktop,,Žena,18 - 24,Plzeňský kraj,16,0,0,0.0,0.23
2026-07-30,Aktualitky.cz,context,Desktop,,Žena,18 - 24,Karlovarský kraj,41,0,0,0.0,0.6
2026-07-30,Aktualitky.cz,context,Desktop,,Žena,18 - 24,Ústecký kraj,8,0,0,0.0,0.12
2026-07-30,Aktualitky.cz,context,Desktop,,Žena,18 - 24,Liberecký kraj,8,0,0,0.0,0.12
2026-07-30,Aktualitky.cz,context,Desktop,,Žena,18 - 24,Královéhradecký kraj,18,0,0,0.0,0.26
2026-07-30,Aktualitky.cz,context,Desktop,,Žena,18 - 24,Pardubický kraj,4,0,0,0.0,0.06
2026-07-30,Aktualitky.cz,context,Desktop,,Žena,18 - 24,Kraj Vysočina,2,0,0,0.0,0.03
2026-07-30,Aktualitky.cz,context,Desktop,,Žena,18 - 24,Jihomoravský kraj,3,0,0,0.0,0.04
2026-07-30,Aktualitky.cz,context,Desktop,,Žena,18 - 24,Olomoucký kraj,12,1,0,0.0,0.18
2026-07-30,Aktualitky.cz,context,Desktop,,Žena,18 - 24,Zlínský kraj,32,0,0,0.0,0.47
2026-07-30,Aktualitky.cz,context,Desktop,,Žena,18 - 24,Moravskoslezský kraj,56,0,0,0.0,0.82
2026-07-30,Baráky.cz,context,MediaHub,Android,Muž,Neznámý,Hlavní město Praha,5,0,0,0.0,0.0
2026-07-30,Baráky.cz,context,MediaHub,Android,Muž,Neznámý,Středočeský kraj,1,0,0,0.0,0.0
2026-07-30,Baráky.cz,context,MediaHub,Android,Muž,Neznámý,Jihočeský kraj,4,0,0,0.0,0.0
2026-07-30,Baráky.cz,context,MediaHub,Android,Muž,Neznámý,Plzeňský kraj,2,0,0,0.0,0.0
2026-07-30,Baráky.cz,context,MediaHub,Android,Muž,Neznámý,Karlovarský kraj,1,0,0,0.0,0.0
2026-07-30,Baráky.cz,context,MediaHub,Android,Muž,Neznámý,Ústecký kraj,4,0,0,0.0,0.0
2026-07-30,Baráky.cz,context,MediaHub,Android,Muž,Neznámý,Liberecký kraj,5,0,0,0.0,0.0
2026-07-30,Baráky.cz,context,MediaHub,Android,Muž,Neznámý,Královéhradecký kraj,1,0,0,0.0,0.0
2026-07-30,Baráky.cz,context,MediaHub,Android,Muž,Neznámý,Pardubický kraj,3,0,0,0.0,0.0
2026-07-30,Baráky.cz,context,MediaHub,Android,Muž,Neznámý,Kraj Vysočina,3,0,0,0.0,0.0
2026-07-30,Baráky.cz,context,MediaHub,Android,Muž,Neznámý,Jihomoravský kraj,6,0,0,0.0,0.0
2026-07-30,Baráky.cz,context,MediaHub,Android,Muž,Neznámý,Olomoucký kraj,1,0,0,0.0,0.0
2026-07-30,Baráky.cz,context,MediaHub,Android,Muž,Neznámý,Zlínský kraj,2,0,0,0.0,0.0
2026-07-30,Baráky.cz,context,MediaHub,Android,Muž,Neznámý,Moravskoslezský kraj,4,0,0,0.0,0.0
2026-07-30,Baráky.cz,context,SmartPhone,,Muž,40 - 59,Hlavní město Praha,65,0,0,0.0,0.32
2026-07-30,Baráky.cz,context,SmartPhone,,Muž,40 - 59,Středočeský kraj,2,0,0,0.0,0.01
2026-07-30,Baráky.cz,context,SmartPhone,,Muž,40 - 59,Jihočeský kraj,242,0,0,0.0,1.21
2026-07-30,Baráky.cz,context,SmartPhone,,Muž,40 - 59,Plzeňský kraj,50,0,0,0.0,0.25
2026-07-30,Baráky.cz,context,SmartPhone,,Muž,40 - 59,Karlovarský kraj,38,0,0,0.0,0.19
2026-07-30,Baráky.cz,context,SmartPhone,,Muž,40 - 59,Ústecký kraj,50,0,0,0.0,0.25
2026-07-30,Baráky.cz,context,SmartPhone,,Muž,40 - 59,Liberecký kraj,365,0,0,0.0,1.82
2026-07-30,Baráky.cz,context,SmartPhone,,Muž,40 - 59,Královéhradecký kraj,17,0,0,0.0,0.08
2026-07-30,Baráky.cz,context,SmartPhone,,Muž,40 - 59,Pardubický kraj,20,0,0,0.0,0.1
2026-07-30,Baráky.cz,context,SmartPhone,,Muž,40 - 59,Kraj Vysočina,52,0,0,0.0,0.26
2026-07-30,Baráky.cz,context,SmartPhone,,Muž,40 - 59,Jihomoravský kraj,224,0,0,0.0,1.12
2026-07-30,Baráky.cz,context,SmartPhone,,Muž,40 - 59,Olomoucký kraj,70,0,0,0.0,0.35
2026-07-30,Baráky.cz,context,SmartPhone,,Muž,40 - 59,Zlínský kraj,44,0,0,0.0,0.22
2026-07-30,Baráky.cz,context,SmartPhone,,Muž,40 - 59,Moravskoslezský kraj,363,1,0,0.0,1.81
2026-07-30,Blogeria.cz,context,Tablet,iPadOS,Žena,40 - 59,Hlavní město Praha,420,0,0,0.0,7.29
2026-07-30,Blogeria.cz,context,Tablet,iPadOS,Žena,40 - 59,Středočeský kraj,36,0,0,0.0,0.62
2026-07-30,Blogeria.cz,context,Tablet,iPadOS,Žena,40 - 59,Jihočeský kraj,433,3,0,0.0,7.52
2026-07-30,Blogeria.cz,context,Tablet,iPadOS,Žena,40 - 59,Plzeňský kraj,84,0,0,0.0,1.46
2026-07-30,Blogeria.cz,context,Tablet,iPadOS,Žena,40 - 59,Karlovarský kraj,48,0,0,0.0,0.83
2026-07-30,Blogeria.cz,context,Tablet,iPadOS,Žena,40 - 59,Ústecký kraj,400,1,0,0.0,6.94
2026-07-30,Blogeria.cz,context,Tablet,iPadOS,Žena,40 - 59,Liberecký kraj,114,0,0,0.0,1.98
2026-07-30,Blogeria.cz,context,Tablet,iPadOS,Žena,40 - 59,Královéhradecký kraj,25,0,0,0.0,0.43
2026-07-30,Blogeria.cz,context,Tablet,iPadOS,Žena,40 - 59,Pardubický kraj,32,0,0,0.0,0.56
2026-07-30,Blogeria.cz,context,Tablet,iPadOS,Žena,40 - 59,Kraj Vysočina,457,3,0,0.0,7.93
2026-07-30,Blogeria.cz,context,Tablet,iPadOS,Žena,40 - 59,Jihomoravský kraj,177,0,0,0.0,3.07
2026-07-30,Blogeria.cz,context,Tablet,iPadOS,Žena,40 - 59,Olomoucký kraj,1267,10,0,0.0,21.99
2026-07-30,Blogeria.cz,context,Tablet,iPadOS,Žena,40 - 59,Zlínský kraj,281,1,0,0.0,4.88
2026-07-30,Blogeria.cz,context,Tablet,iPadOS,Žena,40 - 59,Moravskoslezský kraj,806,1,0,0.0,13.99
2026-07-30,Blogeria.cz,context,Desktop,Windows,Žena,Neznámý,Hlavní město Praha,325,2,0,0.0,2.08
2026-07-30,Blogeria.cz,context,Desktop,Windows,Žena,Neznámý,Středočeský kraj,2654,0,0,0.0,16.99
2026-07-30,Blogeria.cz,context,Desktop,Windows,Žena,Neznámý,Jihočeský kraj,2082,1,0,0.0,13.33
2026-07-30,Blogeria.cz,context,Desktop,Windows,Žena,Neznámý,Plzeňský kraj,375,0,0,0.0,2.4
2026-07-30,Blogeria.cz,context,Desktop,Windows,Žena,Neznámý,Karlovarský kraj,943,0,0,0.0,6.04
2026-07-30,Blogeria.cz,context,Desktop,Windows,Žena,Neznámý,Ústecký kraj,2007,2,0,0.0,12.85
2026-07-30,Blogeria.cz,context,Desktop,Windows,Žena,Neznámý,Liberecký kraj,3956,5,0,0.0,25.33
2026-07-30,Blogeria.cz,context,Desktop,Windows,Žena,Neznámý,Královéhradecký kraj,1803,2,0,0.0,11.55
2026-07-30,Blogeria.cz,context,Desktop,Windows,Žena,Neznámý,Pardubický kraj,184,0,0,0.0,1.18
2026-07-30,Blogeria.cz,context,Desktop,Windows,Žena,Neznámý,Kraj Vysočina,1794,0,0,0.0,11.49
2026-07-30,Blogeria.cz,context,Desktop,Windows,Žena,Neznámý,Jihomoravský kraj,2524,2,0,0.0,16.16
2026-07-30,Blogeria.cz,context,Desktop,Windows,Žena,Neznámý,Olomoucký kraj,436,0,0,0.0,2.79
2026-07-30,Blogeria.cz,context,Desktop,Windows,Žena,Neznámý,Zlínský kraj,5552,4,0,0.0,35.55
2026-07-30,Blogeria.cz,context,Desktop,Windows,Žena,Neznámý,Moravskoslezský kraj,6043,8,0,0.0,38.7
2026-07-30,Drbárna.cz,context,Tablet,Android,Muž,60+,Hlavní město Praha,8555,32,3,66.07,128.79
2026-07-30,Drbárna.cz,context,Tablet,Android,Muž,60+,Středočeský kraj,4231,8,0,0.0,63.7
2026-07-30,Drbárna.cz,context,Tablet,Android,Muž,60+,Jihočeský kraj,700,6,0,0.0,10.54
2026-07-30,Drbárna.cz,context,Tablet,Android,Muž,60+,Plzeňský kraj,4746,13,1,22.02,71.45
2026-07-30,Drbárna.cz,context,Tablet,Android,Muž,60+,Karlovarský kraj,17613,81,4,88.09,265.16
2026-07-30,Drbárna.cz,context,Tablet,Android,Muž,60+,Ústecký kraj,18348,69,3,66.07,276.22
2026-07-30,Drbárna.cz,context,Tablet,Android,Muž,60+,Liberecký kraj,8592,31,2,44.04,129.35
2026-07-30,Drbárna.cz,context,Tablet,Android,Muž,60+,Královéhradecký kraj,8133,33,1,22.02,122.44
2026-07-30,Drbárna.cz,context,Tablet,Android,Muž,60+,Pardubický kraj,7266,26,0,0.0,109.39
2026-07-30,Drbárna.cz,context,Tablet,Android,Muž,60+,Kraj Vysočina,1201,6,0,0.0,18.08
2026-07-30,Drbárna.cz,context,Tablet,Android,Muž,60+,Jihomoravský kraj,3593,21,1,22.02,54.09
2026-07-30,Drbárna.cz,context,Tablet,Android,Muž,60+,Olomoucký kraj,5756,25,0,0.0,86.65
2026-07-30,Drbárna.cz,context,Tablet,Android,Muž,60+,Zlínský kraj,5981,27,3,66.07,90.04
2026-07-30,Drbárna.cz,context,Tablet,Android,Muž,60+,Moravskoslezský kraj,2245,4,0,0.0,33.8
2026-07-30,Drbárna.cz,context,Desktop,macOS,Muž,40 - 59,Hlavní město Praha,7915,3,1,0.0,59.11
2026-07-30,Drbárna.cz,context,Desktop,macOS,Muž,40 - 59,Středočeský kraj,4806,6,0,0.0,35.89
2026-07-30,Drbárna.cz,context,Desktop,macOS,Muž,40 - 59,Jihočeský kraj,10915,14,2,0.0,81.52
2026-07-30,Drbárna.cz,context,Desktop,macOS,Muž,40 - 59,Plzeňský kraj,1705,4,1,0.0,12.73
2026-07-30,Drbárna.cz,context,Desktop,macOS,Muž,40 - 59,Karlovarský kraj,11254,6,0,0.0,84.05
2026-07-30,Drbárna.cz,context,Desktop,macOS,Muž,40 - 59,Ústecký kraj,4166,4,0,0.0,31.11
2026-07-30,Drbárna.cz,context,Desktop,macOS,Muž,40 - 59,Liberecký kraj,26856,38,3,0.0,200.57
2026-07-30,Drbárna.cz,context,Desktop,macOS,Muž,40 - 59,Královéhradecký kraj,1702,1,0,0.0,12.71
2026-07-30,Drbárna.cz,context,Desktop,macOS,Muž,40 - 59,Pardubický kraj,7683,12,0,0.0,57.38
2026-07-30,Drbárna.cz,context,Desktop,macOS,Muž,40 - 59,Kraj Vysočina,504,0,0,0.0,3.76
2026-07-30,Drbárna.cz,context,Desktop,macOS,Muž,40 - 59,Jihomoravský kraj,1247,1,0,0.0,9.31
2026-07-30,Drbárna.cz,context,Desktop,macOS,Muž,40 - 59,Olomoucký kraj,1576,2,0,0.0,11.77
2026-07-30,Drbárna.cz,context,Desktop,macOS,Muž,40 - 59,Zlínský kraj,3205,1,0,0.0,23.94
2026-07-30,Drbárna.cz,context,Desktop,macOS,Muž,40 - 59,Moravskoslezský kraj,5895,9,1,0.0,44.03
2026-07-30,Drbárna.cz,context,SmartPhone,Android,Žena,40 - 59,Hlavní město Praha,229104,471,16,9315.02,2698.13
2026-07-30,Drbárna.cz,context,SmartPhone,Android,Žena,40 - 59,Středočeský kraj,62969,125,3,1746.57,741.58
2026-07-30,Drbárna.cz,context,SmartPhone,Android,Žena,40 - 59,Jihočeský kraj,17433,32,2,1164.38,205.31
2026-07-30,Drbárna.cz,context,SmartPhone,Android,Žena,40 - 59,Plzeňský kraj,82006,147,9,5239.7,965.78
2026-07-30,Drbárna.cz,context,SmartPhone,Android,Žena,40 - 59,Karlovarský kraj,158648,375,7,4075.32,1868.38
2026-07-30,Drbárna.cz,context,SmartPhone,Android,Žena,40 - 59,Ústecký kraj,114220,237,3,1746.57,1345.16
2026-07-30,Drbárna.cz,context,SmartPhone,Android,Žena,40 - 59,Liberecký kraj,93227,223,5,2910.94,1097.92
2026-07-30,Drbárna.cz,context,SmartPhone,Android,Žena,40 - 59,Královéhradecký kraj,30772,76,2,1164.38,362.4
2026-07-30,Drbárna.cz,context,SmartPhone,Android,Žena,40 - 59,Pardubický kraj,59997,121,2,1164.38,706.58
2026-07-30,Drbárna.cz,context,SmartPhone,Android,Žena,40 - 59,Kraj Vysočina,112088,246,7,4075.32,1320.05
2026-07-30,Drbárna.cz,context,SmartPhone,Android,Žena,40 - 59,Jihomoravský kraj,176860,393,10,5821.89,2082.86
2026-07-30,Drbárna.cz,context,SmartPhone,Android,Žena,40 - 59,Olomoucký kraj,44336,74,2,1164.38,522.14
2026-07-30,Drbárna.cz,context,SmartPhone,Android,Žena,40 - 59,Zlínský kraj,119073,226,4,2328.75,1402.31
2026-07-30,Drbárna.cz,context,SmartPhone,Android,Žena,40 - 59,Moravskoslezský kraj,20381,33,2,1164.38,240.02
2026-07-30,Drbárna.cz,context,Desktop,macOS,Muž,60+,Hlavní město Praha,6182,15,1,47.18,78.12
2026-07-30,Drbárna.cz,context,Desktop,macOS,Muž,60+,Středočeský kraj,7437,22,1,47.18,93.98
2026-07-30,Drbárna.cz,context,Desktop,macOS,Muž,60+,Jihočeský kraj,9071,23,1,47.18,114.63
2026-07-30,Drbárna.cz,context,Desktop,macOS,Muž,60+,Plzeňský kraj,13074,31,1,47.18,165.22
2026-07-30,Drbárna.cz,context,Desktop,macOS,Muž,60+,Karlovarský kraj,662,2,1,47.18,8.37
2026-07-30,Drbárna.cz,context,Desktop,macOS,Muž,60+,Ústecký kraj,4996,12,0,0.0,63.14
2026-07-30,Drbárna.cz,context,Desktop,macOS,Muž,60+,Liberecký kraj,1689,1,0,0.0,21.34
2026-07-30,Drbárna.cz,context,Desktop,macOS,Muž,60+,Královéhradecký kraj,672,1,0,0.0,8.49
2026-07-30,Drbárna.cz,context,Desktop,macOS,Muž,60+,Pardubický kraj,4768,15,2,94.36,60.25
2026-07-30,Drbárna.cz,context,Desktop,macOS,Muž,60+,Kraj Vysočina,3274,12,1,47.18,41.37
2026-07-30,Drbárna.cz,context,Desktop,macOS,Muž,60+,Jihomoravský kraj,7233,18,0,0.0,91.4
2026-07-30,Drbárna.cz,context,Desktop,macOS,Muž,60+,Olomoucký kraj,2191,9,0,0.0,27.69
2026-07-30,Drbárna.cz,context,Desktop,macOS,Muž,60+,Zlínský kraj,5370,10,0,0.0,67.86
2026-07-30,Drbárna.cz,context,Desktop,macOS,Muž,60+,Moravskoslezský kraj,11593,29,2,94.36,146.5
2026-07-30,Drbárna.cz,context,Tv,,Muž,Neznámý,Hlavní město Praha,4,0,0,0.0,0.01
2026-07-30,Drbárna.cz,context,Tv,,Muž,Neznámý,Středočeský kraj,7,0,0,0.0,0.01
2026-07-30,Drbárna.cz,context,Tv,,Muž,Neznámý,Jihočeský kraj,1,0,0,0.0,0.0
2026-07-30,Drbárna.cz,context,Tv,,Muž,Neznámý,Plzeňský kraj,19,0,0,0.0,0.03
2026-07-30,Drbárna.cz,context,Tv,,Muž,Neznámý,Karlovarský kraj,21,0,0,0.0,0.03
2026-07-30,Drbárna.cz,context,Tv,,Muž,Neznámý,Ústecký kraj,4,0,0,0.0,0.01
2026-07-30,Drbárna.cz,context,Tv,,Muž,Neznámý,Liberecký kraj,4,0,0,0.0,0.01
2026-07-30,Drbárna.cz,context,Tv,,Muž,Neznámý,Královéhradecký kraj,2,0,0,0.0,0.0
2026-07-30,Drbárna.cz,context,Tv,,Muž,Neznámý,Pardubický kraj,25,0,0,0.0,0.03
2026-07-30,Drbárna.cz,context,Tv,,Muž,Neznámý,Kraj Vysočina,3,0,0,0.0,0.0
2026-07-30,Drbárna.cz,context,Tv,,Muž,Neznámý,Jihomoravský kraj,1,0,0,0.0,0.0
2026-07-30,Drbárna.cz,context,Tv,,Muž,Neznámý,Olomoucký kraj,3,0,0,0.0,0.0
2026-07-30,Drbárna.cz,context,Tv,,Muž,Neznámý,Zlínský kraj,5,0,0,0.0,0.01
2026-07-30,Drbárna.cz,context,Tv,,Muž,Neznámý,Moravskoslezský kraj,3,0,0,0.0,0.0
2026-07-30,Drbárna.cz,context,SmallScreen,Android,Žena,40 - 59,Hlavní město Praha,3,0,0,0.0,0.0
2026-07-30,Drbárna.cz,context,SmallScreen,Android,Žena,40 - 59,Středočeský kraj,1,0,0,0.0,0.0
2026-07-30,Drbárna.cz,context,SmallScreen,Android,Žena,40 - 59,Jihočeský kraj,7,0,0,0.0,0.01
2026-07-30,Drbárna.cz,context,SmallScreen,Android,Žena,40 - 59,Plzeňský kraj,1,0,0,0.0,0.0
2026-07-30,Drbárna.cz,context,SmallScreen,Android,Žena,40 - 59,Karlovarský kraj,8,0,0,0.0,0.01
2026-07-30,Drbárna.cz,context,SmallScreen,Android,Žena,40 - 59,Ústecký kraj,4,0,0,0.0,0.01
2026-07-30,Drbárna.cz,context,SmallScreen,Android,Žena,40 - 59,Liberecký kraj,6,0,0,0.0,0.01
2026-07-30,Drbárna.cz,context,SmallScreen,Android,Žena,40 - 59,Královéhradecký kraj,8,0,0,0.0,0.01
2026-07-30,Drbárna.cz,context,SmallScreen,Android,Žena,40 - 59,Pardubický kraj,2,0,0,0.0,0.0
2026-07-30,Drbárna.cz,context,SmallScreen,Android,Žena,40 - 59,Kraj Vysočina,1,0,0,0.0,0.0
2026-07-30,Drbárna.cz,context,SmallScreen,Android,Žena,40 - 59,Jihomoravský kraj,1,0,0,0.0,0.0
2026-07-30,Drbárna.cz,context,SmallScreen,Android,Žena,40 - 59,Olomoucký kraj,2,0,0,0.0,0.0
2026-07-30,Drbárna.cz,context,SmallScreen,Android,Žena,40 - 59,Zlínský kraj,3,0,0,0.0,0.0
2026-07-30,Drbárna.cz,context,SmallScreen,Android,Žena,40 - 59,Moravskoslezský kraj,4,0,0,0.0,0.01
2026-07-30,Kopačka.cz,context,Desktop,ChromeOS,Muž,18 - 24,Hlavní město Praha,1,0,0,0.0,0.0
2026-07-30,Kopačka.cz,context,Desktop,ChromeOS,Muž,18 - 24,Středočeský kraj,1,0,0,0.0,0.0
2026-07-30,Kopačka.cz,context,Desktop,ChromeOS,Muž,18 - 24,Jihočeský kraj,1,0,0,0.0,0.0
2026-07-30,Kopačka.cz,context,Desktop,ChromeOS,Muž,18 - 24,Plzeňský kraj,2,0,0,0.0,0.0
2026-07-30,Kopačka.cz,context,Desktop,ChromeOS,Muž,18 - 24,Karlovarský kraj,1,0,0,0.0,0.0
2026-07-30,Kopačka.cz,context,Desktop,ChromeOS,Muž,18 - 24,Ústecký kraj,1,0,0,0.0,0.0
2026-07-30,Kopačka.cz,context,Desktop,ChromeOS,Muž,18 - 24,Liberecký kraj,1,0,0,0.0,0.0
2026-07-30,Kopačka.cz,context,Desktop,ChromeOS,Muž,18 - 24,Královéhradecký kraj,1,0,0,0.0,0.0
2026-07-30,Kopačka.cz,context,Desktop,ChromeOS,Muž,18 - 24,Pardubický kraj,1,0,0,0.0,0.0
2026-07-30,Kopačka.cz,context,Desktop,ChromeOS,Muž,18 - 24,Kraj Vysočina,1,0,0,0.0,0.0
2026-07-30,Kopačka.cz,context,Desktop,ChromeOS,Muž,18 - 24,Jihomoravský kraj,1,0,0,0.0,0.0
2026-07-30,Kopačka.cz,context,Desktop,ChromeOS,Muž,18 - 24,Olomoucký kraj,1,0,0,0.0,0.0
2026-07-30,Kopačka.cz,context,Desktop,ChromeOS,Muž,18 - 24,Zlínský kraj,1,0,0,0.0,0.0
2026-07-30,Kopačka.cz,context,Desktop,ChromeOS,Muž,18 - 24,Moravskoslezský kraj,1,0,0,0.0,0.0
2026-07-30,Kopačka.cz,context,SmartPhone,iOS,Neznámý,40 - 59,Hlavní město Praha,1,0,0,0.0,0.0
2026-07-30,Kopačka.cz,context,SmartPhone,iOS,Neznámý,40 - 59,Středočeský kraj,1,0,0,0.0,0.0
2026-07-30,Kopačka.cz,context,SmartPhone,iOS,Neznámý,40 - 59,Jihočeský kraj,1,0,0,0.0,0.0
2026-07-30,Kopačka.cz,context,SmartPhone,iOS,Neznámý,40 - 59,Plzeňský kraj,1,0,0,0.0,0.0
2026-07-30,Kopačka.cz,context,SmartPhone,iOS,Neznámý,40 - 59,Karlovarský kraj,1,0,0,0.0,0.0
2026-07-30,Kopačka.cz,context,SmartPhone,iOS,Neznámý,40 - 59,Ústecký kraj,1,0,0,0.0,0.0
2026-07-30,Kopačka.cz,context,SmartPhone,iOS,Neznámý,40 - 59,Liberecký kraj,1,0,0,0.0,0.0
2026-07-30,Kopačka.cz,context,SmartPhone,iOS,Neznámý,40 - 59,Královéhradecký kraj,1,0,0,0.0,0.0
2026-07-30,Kopačka.cz,context,SmartPhone,iOS,Neznámý,40 - 59,Pardubický kraj,1,0,0,0.0,0.0
2026-07-30,Kopačka.cz,context,SmartPhone,iOS,Neznámý,40 - 59,Kraj Vysočina,1,0,0,0.0,0.0
2026-07-30,Kopačka.cz,context,SmartPhone,iOS,Neznámý,40 - 59,Jihomoravský kraj,1,0,0,0.0,0.0
2026-07-30,Kopačka.cz,context,SmartPhone,iOS,Neznámý,40 - 59,Olomoucký kraj,1,0,0,0.0,0.0
2026-07-30,Kopačka.cz,context,SmartPhone,iOS,Neznámý,40 - 59,Zlínský kraj,1,0,0,0.0,0.0
2026-07-30,Kopačka.cz,context,SmartPhone,iOS,Neznámý,40 - 59,Moravskoslezský kraj,1,0,0,0.0,0.0
2026-07-30,Kopačka.cz,context,Tablet,Android,Neznámý,40 - 59,Hlavní město Praha,1,0,0,0.0,0.0
2026-07-30,Kopačka.cz,context,Tablet,Android,Neznámý,40 - 59,Středočeský kraj,1,0,0,0.0,0.0
2026-07-30,Kopačka.cz,context,Tablet,Android,Neznámý,40 - 59,Jihočeský kraj,1,0,0,0.0,0.0
2026-07-30,Kopačka.cz,context,Tablet,Android,Neznámý,40 - 59,Plzeňský kraj,1,0,0,0.0,0.0
2026-07-30,Kopačka.cz,context,Tablet,Android,Neznámý,40 - 59,Karlovarský kraj,1,0,0,0.0,0.0
2026-07-30,Kopačka.cz,context,Tablet,Android,Neznámý,40 - 59,Ústecký kraj,1,0,0,0.0,0.0
2026-07-30,Kopačka.cz,context,Tablet,Android,Neznámý,40 - 59,Liberecký kraj,1,0,0,0.0,0.0
2026-07-30,Kopačka.cz,context,Tablet,Android,Neznámý,40 - 59,Královéhradecký kraj,1,0,0,0.0,0.0
2026-07-30,Kopačka.cz,context,Tablet,Android,Neznámý,40 - 59,Pardubický kraj,1,0,0,0.0,0.0
2026-07-30,Kopačka.cz,context,Tablet,Android,Neznámý,40 - 59,Kraj Vysočina,1,0,0,0.0,0.0
2026-07-30,Kopačka.cz,context,Tablet,Android,Neznámý,40 - 59,Jihomoravský kraj,1,0,0,0.0,0.0
2026-07-30,Kopačka.cz,context,Tablet,Android,Neznámý,40 - 59,Olomoucký kraj,1,0,0,0.0,0.0
2026-07-30,Kopačka.cz,context,Tablet,Android,Neznámý,40 - 59,Zlínský kraj,1,0,0,0.0,0.0
2026-07-30,Kopačka.cz,context,Tablet,Android,Neznámý,40 - 59,Moravskoslezský kraj,1,0,0,0.0,0.0
2026-07-30,Pozdní Zprávy,context,Desktop,Windows,Žena,60+,Hlavní město Praha,25627,118,6,1773.99,527.64
2026-07-30,Pozdní Zprávy,context,Desktop,Windows,Žena,60+,Středočeský kraj,195799,745,46,13600.61,4031.34
2026-07-30,Pozdní Zprávy,context,Desktop,Windows,Žena,60+,Jihočeský kraj,21245,83,9,2660.99,437.42
2026-07-30,Pozdní Zprávy,context,Desktop,Windows,Žena,60+,Plzeňský kraj,18280,78,2,591.33,376.37
2026-07-30,Pozdní Zprávy,context,Desktop,Windows,Žena,60+,Karlovarský kraj,209979,812,49,14487.6,4323.3
2026-07-30,Pozdní Zprávy,context,Desktop,Windows,Žena,60+,Ústecký kraj,349226,1319,70,20696.58,7190.28
2026-07-30,Pozdní Zprávy,context,Desktop,Windows,Žena,60+,Liberecký kraj,227842,868,51,15078.94,4691.08
2026-07-30,Pozdní Zprávy,context,Desktop,Windows,Žena,60+,Královéhradecký kraj,13189,51,2,591.33,271.55
2026-07-30,Pozdní Zprávy,context,Desktop,Windows,Žena,60+,Pardubický kraj,207214,804,39,11530.95,4266.37
2026-07-30,Pozdní Zprávy,context,Desktop,Windows,Žena,60+,Kraj Vysočina,169692,652,41,12122.28,3493.82
2026-07-30,Pozdní Zprávy,context,Desktop,Windows,Žena,60+,Jihomoravský kraj,520453,2018,111,32818.86,10715.7
2026-07-30,Pozdní Zprávy,context,Desktop,Windows,Žena,60+,Olomoucký kraj,326328,1275,64,18922.59,6718.83
2026-07-30,Pozdní Zprávy,context,Desktop,Windows,Žena,60+,Zlínský kraj,29931,119,6,1773.99,616.25
2026-07-30,Pozdní Zprávy,context,Desktop,Windows,Žena,60+,Moravskoslezský kraj,133377,504,24,7095.97,2746.12
2026-07-30,Pozdní Zprávy,context,Desktop,macOS,Muž,60+,Hlavní město Praha,4375,16,0,0.0,93.33
2026-07-30,Pozdní Zprávy,context,Desktop,macOS,Muž,60+,Středočeský kraj,3159,11,0,0.0,67.39
2026-07-30,Pozdní Zprávy,context,Desktop,macOS,Muž,60+,Jihočeský kraj,596,4,0,0.0,12.71
2026-07-30,Pozdní Zprávy,context,Desktop,macOS,Muž,60+,Plzeňský kraj,13090,39,4,0.34,279.25
2026-07-30,Pozdní Zprávy,context,Desktop,macOS,Muž,60+,Karlovarský kraj,949,4,0,0.0,20.25
2026-07-30,Pozdní Zprávy,context,Desktop,macOS,Muž,60+,Ústecký kraj,2153,6,0,0.0,45.93
2026-07-30,Pozdní Zprávy,context,Desktop,macOS,Muž,60+,Liberecký kraj,27862,109,3,0.26,594.38
2026-07-30,Pozdní Zprávy,context,Desktop,macOS,Muž,60+,Královéhradecký kraj,49203,187,5,0.43,1049.65
2026-07-30,Pozdní Zprávy,context,Desktop,macOS,Muž,60+,Pardubický kraj,56236,209,6,0.51,1199.69
2026-07-30,Pozdní Zprávy,context,Desktop,macOS,Muž,60+,Kraj Vysočina,30472,123,2,0.17,650.06
2026-07-30,Pozdní Zprávy,context,Desktop,macOS,Muž,60+,Jihomoravský kraj,20459,71,5,0.43,436.45
2026-07-30,Pozdní Zprávy,context,Desktop,macOS,Muž,60+,Olomoucký kraj,20770,75,1,0.09,443.09
2026-07-30,Pozdní Zprávy,context,Desktop,macOS,Muž,60+,Zlínský kraj,258,0,0,0.0,5.5
2026-07-30,Pozdní Zprávy,context,Desktop,macOS,Muž,60+,Moravskoslezský kraj,31601,115,1,0.09,674.15
2026-07-30,Pozdní Zprávy,context,SmartPhone,Android,Neznámý,60+,Hlavní město Praha,42,0,0,0.0,0.72
2026-07-30,Pozdní Zprávy,context,SmartPhone,Android,Neznámý,60+,Středočeský kraj,9,0,0,0.0,0.15
2026-07-30,Pozdní Zprávy,context,SmartPhone,Android,Neznámý,60+,Jihočeský kraj,16,0,0,0.0,0.28
2026-07-30,Pozdní Zprávy,context,SmartPhone,Android,Neznámý,60+,Plzeňský kraj,120,2,0,0.0,2.06
2026-07-30,Pozdní Zprávy,context,SmartPhone,Android,Neznámý,60+,Karlovarský kraj,7,0,0,0.0,0.12
2026-07-30,Pozdní Zprávy,context,SmartPhone,Android,Neznámý,60+,Ústecký kraj,42,0,0,0.0,0.72
2026-07-30,Pozdní Zprávy,context,SmartPhone,Android,Neznámý,60+,Liberecký kraj,36,0,0,0.0,0.62
2026-07-30,Pozdní Zprávy,context,SmartPhone,Android,Neznámý,60+,Královéhradecký kraj,139,1,0,0.0,2.39
2026-07-30,Pozdní Zprávy,context,SmartPhone,Android,Neznámý,60+,Pardubický kraj,14,1,0,0.0,0.24
2026-07-30,Pozdní Zprávy,context,SmartPhone,Android,Neznámý,60+,Kraj Vysočina,74,1,0,0.0,1.27
2026-07-30,Pozdní Zprávy,context,SmartPhone,Android,Neznámý,60+,Jihomoravský kraj,105,0,0,0.0,1.81
2026-07-30,Pozdní Zprávy,context,SmartPhone,Android,Neznámý,60+,Olomoucký kraj,38,0,0,0.0,0.65
2026-07-30,Pozdní Zprávy,context,SmartPhone,Android,Neznámý,60+,Zlínský kraj,31,0,0,0.0,0.53
2026-07-30,Pozdní Zprávy,context,SmartPhone,Android,Neznámý,60+,Moravskoslezský kraj,1,0,0,0.0,0.02
2026-07-30,Poštovna.cz,context,SmartPhone,,Muž,18 - 24,Hlavní město Praha,1,0,0,0.0,0.0
2026-07-30,Poštovna.cz,context,SmartPhone,,Muž,18 - 24,Středočeský kraj,1,0,0,0.0,0.0
2026-07-30,Poštovna.cz,context,SmartPhone,,Muž,18 - 24,Jihočeský kraj,1,0,0,0.0,0.0
2026-07-30,Poštovna.cz,context,SmartPhone,,Muž,18 - 24,Plzeňský kraj,2,0,0,0.0,0.0
2026-07-30,Poštovna.cz,context,SmartPhone,,Muž,18 - 24,Karlovarský kraj,1,0,0,0.0,0.0
2026-07-30,Poštovna.cz,context,SmartPhone,,Muž,18 - 24,Ústecký kraj,1,0,0,0.0,0.0
2026-07-30,Poštovna.cz,context,SmartPhone,,Muž,18 - 24,Liberecký kraj,1,0,0,0.0,0.0
2026-07-30,Poštovna.cz,context,SmartPhone,,Muž,18 - 24,Královéhradecký kraj,1,0,0,0.0,0.0
2026-07-30,Poštovna.cz,context,SmartPhone,,Muž,18 - 24,Pardubický kraj,1,0,0,0.0,0.0
2026-07-30,Poštovna.cz,context,SmartPhone,,Muž,18 - 24,Kraj Vysočina,1,0,0,0.0,0.0
2026-07-30,Poštovna.cz,context,SmartPhone,,Muž,18 - 24,Jihomoravský kraj,1,0,0,0.0,0.0
2026-07-30,Poštovna.cz,context,SmartPhone,,Muž,18 - 24,Olomoucký kraj,1,0,0,0.0,0.0
2026-07-30,Poštovna.cz,context,SmartPhone,,Muž,18 - 24,Zlínský kraj,1,0,0,0.0,0.0
2026-07-30,Poštovna.cz,context,SmartPhone,,Muž,18 - 24,Moravskoslezský kraj,1,0,0,0.0,0.0
2026-07-30,Poštovna.cz,context,Tablet,,Žena,Neznámý,Hlavní město Praha,1,0,0,0.0,0.0
2026-07-30,Poštovna.cz,context,Tablet,,Žena,Neznámý,Středočeský kraj,1,0,0,0.0,0.0
2026-07-30,Poštovna.cz,context,Tablet,,Žena,Neznámý,Jihočeský kraj,1,0,0,0.0,0.0
2026-07-30,Poštovna.cz,context,Tablet,,Žena,Neznámý,Plzeňský kraj,1,0,0,0.0,0.0
2026-07-30,Poštovna.cz,context,Tablet,,Žena,Neznámý,Karlovarský kraj,1,0,0,0.0,0.0
2026-07-30,Poštovna.cz,context,Tablet,,Žena,Neznámý,Ústecký kraj,1,0,0,0.0,0.0
2026-07-30,Poštovna.cz,context,Tablet,,Žena,Neznámý,Liberecký kraj,1,0,0,0.0,0.0
2026-07-30,Poštovna.cz,context,Tablet,,Žena,Neznámý,Královéhradecký kraj,1,0,0,0.0,0.0
2026-07-30,Poštovna.cz,context,Tablet,,Žena,Neznámý,Pardubický kraj,1,0,0,0.0,0.0
2026-07-30,Poštovna.cz,context,Tablet,,Žena,Neznámý,Kraj Vysočina,1,0,0,0.0,0.0
2026-07-30,Poštovna.cz,context,Tablet,,Žena,Neznámý,Jihomoravský kraj,1,0,0,0.0,0.0
2026-07-30,Poštovna.cz,context,Tablet,,Žena,Neznámý,Olomoucký kraj,1,0,0,0.0,0.0
2026-07-30,Poštovna.cz,context,Tablet,,Žena,Neznámý,Zlínský kraj,1,0,0,0.0,0.0
2026-07-30,Poštovna.cz,context,Tablet,,Žena,Neznámý,Moravskoslezský kraj,1,0,0,0.0,0.0
2026-07-30,Poštovna.cz,context,Desktop,Windows,Žena,40 - 59,Hlavní město Praha,14097,20,0,0.0,201.65
2026-07-30,Poštovna.cz,context,Desktop,Windows,Žena,40 - 59,Středočeský kraj,6144,9,1,1346.5,87.89
2026-07-30,Poštovna.cz,context,Desktop,Windows,Žena,40 - 59,Jihočeský kraj,103497,158,1,1346.5,1480.5
2026-07-30,Poštovna.cz,context,Desktop,Windows,Žena,40 - 59,Plzeňský kraj,5941,9,0,0.0,84.98
2026-07-30,Poštovna.cz,context,Desktop,Windows,Žena,40 - 59,Karlovarský kraj,67029,101,5,6732.52,958.83
2026-07-30,Poštovna.cz,context,Desktop,Windows,Žena,40 - 59,Ústecký kraj,99321,167,4,5386.01,1420.76
2026-07-30,Poštovna.cz,context,Desktop,Windows,Žena,40 - 59,Liberecký kraj,10211,17,1,1346.5,146.07
2026-07-30,Poštovna.cz,context,Desktop,Windows,Žena,40 - 59,Královéhradecký kraj,59618,101,7,9425.52,852.82
2026-07-30,Poštovna.cz,context,Desktop,Windows,Žena,40 - 59,Pardubický kraj,20536,35,1,1346.5,293.76
2026-07-30,Poštovna.cz,context,Desktop,Windows,Žena,40 - 59,Kraj Vysočina,26756,41,0,0.0,382.74
2026-07-30,Poštovna.cz,context,Desktop,Windows,Žena,40 - 59,Jihomoravský kraj,82385,125,8,10772.03,1178.49
2026-07-30,Poštovna.cz,context,Desktop,Windows,Žena,40 - 59,Olomoucký kraj,96132,121,7,9425.52,1375.14
2026-07-30,Poštovna.cz,context,Desktop,Windows,Žena,40 - 59,Zlínský kraj,24452,29,2,2693.01,349.78
2026-07-30,Poštovna.cz,context,Desktop,Windows,Žena,40 - 59,Moravskoslezský kraj,41345,58,3,4039.51,591.43
2026-07-30,Poštovna.cz,context,Console,Windows,Muž,25 - 39,Hlavní město Praha,1,0,0,0.0,0.0
2026-07-30,Poštovna.cz,context,Console,Windows,Muž,25 - 39,Středočeský kraj,1,0,0,0.0,0.0
2026-07-30,Poštovna.cz,context,Console,Windows,Muž,25 - 39,Jihočeský kraj,1,0,0,0.0,0.0
2026-07-30,Poštovna.cz,context,Console,Windows,Muž,25 - 39,Plzeňský kraj,1,0,0,0.0,0.0
2026-07-30,Poštovna.cz,context,Console,Windows,Muž,25 - 39,Karlovarský kraj,1,0,0,0.0,0.0
2026-07-30,Poštovna.cz,context,Console,Windows,Muž,25 - 39,Ústecký kraj,1,0,0,0.0,0.0
2026-07-30,Poštovna.cz,context,Console,Windows,Muž,25 - 39,Liberecký kraj,1,0,0,0.0,0.0
2026-07-30,Poštovna.cz,context,Console,Windows,Muž,25 - 39,Královéhradecký kraj,1,0,0,0.0,0.0
2026-07-30,Poštovna.cz,context,Console,Windows,Muž,25 - 39,Pardubický kraj,1,0,0,0.0,0.0
2026-07-30,Poštovna.cz,context,Console,Windows,Muž,25 - 39,Kraj Vysočina,1,0,0,0.0,0.0
2026-07-30,Poštovna.cz,context,Console,Windows,Muž,25 - 39,Jihomoravský kraj,1,0,0,0.0,0.0
2026-07-30,Poštovna.cz,context,Console,Windows,Muž,25 - 39,Olomoucký kraj,1,0,0,0.0,0.0
2026-07-30,Poštovna.cz,context,Console,Windows,Muž,25 - 39,Zlínský kraj,1,0,0,0.0,0.0
2026-07-30,Poštovna.cz,context,Console,Windows,Muž,25 - 39,Moravskoslezský kraj,1,0,0,0.0,0.0
2026-07-30,Poštovna.cz,context,SmartPhone,Android,Neznámý,18 - 24,Hlavní město Praha,1,0,0,0.0,0.0
2026-07-30,Poštovna.cz,context,SmartPhone,Android,Neznámý,18 - 24,Středočeský kraj,1,0,0,0.0,0.0
2026-07-30,Poštovna.cz,context,SmartPhone,Android,Neznámý,18 - 24,Jihočeský kraj,1,0,0,0.0,0.0
2026-07-30,Poštovna.cz,context,SmartPhone,Android,Neznámý,18 - 24,Plzeňský kraj,1,0,0,0.0,0.0
2026-07-30,Poštovna.cz,context,SmartPhone,Android,Neznámý,18 - 24,Karlovarský kraj,1,0,0,0.0,0.0
2026-07-30,Poštovna.cz,context,SmartPhone,Android,Neznámý,18 - 24,Ústecký kraj,1,0,0,0.0,0.0
2026-07-30,Poštovna.cz,context,SmartPhone,Android,Neznámý,18 - 24,Liberecký kraj,1,0,0,0.0,0.0
2026-07-30,Poštovna.cz,context,SmartPhone,Android,Neznámý,18 - 24,Královéhradecký kraj,1,0,0,0.0,0.0
2026-07-30,Poštovna.cz,context,SmartPhone,Android,Neznámý,18 - 24,Pardubický kraj,1,0,0,0.0,0.0
2026-07-30,Poštovna.cz,context,SmartPhone,Android,Neznámý,18 - 24,Kraj Vysočina,1,0,0,0.0,0.0
2026-07-30,Poštovna.cz,context,SmartPhone,Android,Neznámý,18 - 24,Jihomoravský kraj,1,0,0,0.0,0.0
2026-07-30,Poštovna.cz,context,SmartPhone,Android,Neznámý,18 - 24,Olomoucký kraj,1,0,0,0.0,0.0
2026-07-30,Poštovna.cz,context,SmartPhone,Android,Neznámý,18 - 24,Zlínský kraj,1,0,0,0.0,0.0
2026-07-30,Poštovna.cz,context,SmartPhone,Android,Neznámý,18 - 24,Moravskoslezský kraj,1,0,0,0.0,0.0
2026-07-30,ProTety.cz,context,Desktop,macOS,Muž,25 - 39,Hlavní město Praha,283,1,0,0.0,2.83
2026-07-30,ProTety.cz,context,Desktop,macOS,Muž,25 - 39,Středočeský kraj,152,1,0,0.0,1.52
2026-07-30,ProTety.cz,context,Desktop,macOS,Muž,25 - 39,Jihočeský kraj,45,0,0,0.0,0.45
2026-07-30,ProTety.cz,context,Desktop,macOS,Muž,25 - 39,Plzeňský kraj,201,1,0,0.0,2.01
2026-07-30,ProTety.cz,context,Desktop,macOS,Muž,25 - 39,Karlovarský kraj,3,0,0,0.0,0.03
2026-07-30,ProTety.cz,context,Desktop,macOS,Muž,25 - 39,Ústecký kraj,583,0,0,0.0,5.84
2026-07-30,ProTety.cz,context,Desktop,macOS,Muž,25 - 39,Liberecký kraj,577,0,0,0.0,5.78
2026-07-30,ProTety.cz,context,Desktop,macOS,Muž,25 - 39,Královéhradecký kraj,42,0,0,0.0,0.42
2026-07-30,ProTety.cz,context,Desktop,macOS,Muž,25 - 39,Pardubický kraj,496,1,0,0.0,4.97
2026-07-30,ProTety.cz,context,Desktop,macOS,Muž,25 - 39,Kraj Vysočina,137,0,0,0.0,1.37
2026-07-30,ProTety.cz,context,Desktop,macOS,Muž,25 - 39,Jihomoravský kraj,332,1,0,0.0,3.32
2026-07-30,ProTety.cz,context,Desktop,macOS,Muž,25 - 39,Olomoucký kraj,232,0,0,0.0,2.32
2026-07-30,ProTety.cz,context,Desktop,macOS,Muž,25 - 39,Zlínský kraj,462,1,0,0.0,4.63
2026-07-30,ProTety.cz,context,Desktop,macOS,Muž,25 - 39,Moravskoslezský kraj,221,0,0,0.0,2.21
2026-07-30,ProTety.cz,context,Desktop,ChromeOS,Žena,40 - 59,Hlavní město Praha,18,0,0,0.0,1.1
2026-07-30,ProTety.cz,context,Desktop,ChromeOS,Žena,40 - 59,Středočeský kraj,66,0,0,0.0,4.04
2026-07-30,ProTety.cz,context,Desktop,ChromeOS,Žena,40 - 59,Jihočeský kraj,7,0,0,0.0,0.43
2026-07-30,ProTety.cz,context,Desktop,ChromeOS,Žena,40 - 59,Plzeňský kraj,49,0,0,0.0,3.0
2026-07-30,ProTety.cz,context,Desktop,ChromeOS,Žena,40 - 59,Karlovarský kraj,111,0,0,0.0,6.8
2026-07-30,ProTety.cz,context,Desktop,ChromeOS,Žena,40 - 59,Ústecký kraj,43,0,0,0.0,2.63
2026-07-30,ProTety.cz,context,Desktop,ChromeOS,Žena,40 - 59,Liberecký kraj,9,0,0,0.0,0.55
2026-07-30,ProTety.cz,context,Desktop,ChromeOS,Žena,40 - 59,Královéhradecký kraj,57,0,0,0.0,3.49
2026-07-30,ProTety.cz,context,Desktop,ChromeOS,Žena,40 - 59,Pardubický kraj,14,0,0,0.0,0.86
2026-07-30,ProTety.cz,context,Desktop,ChromeOS,Žena,40 - 59,Kraj Vysočina,4,0,0,0.0,0.25
2026-07-30,ProTety.cz,context,Desktop,ChromeOS,Žena,40 - 59,Jihomoravský kraj,51,0,0,0.0,3.12
2026-07-30,ProTety.cz,context,Desktop,ChromeOS,Žena,40 - 59,Olomoucký kraj,128,2,0,0.0,7.84
2026-07-30,ProTety.cz,context,Desktop,ChromeOS,Žena,40 - 59,Zlínský kraj,1,0,0,0.0,0.06
2026-07-30,ProTety.cz,context,Desktop,ChromeOS,Žena,40 - 59,Moravskoslezský kraj,21,0,0,0.0,1.29
2026-07-31,Aktualitky.cz,context,SmartPhone,iOS,Žena,25 - 39,Hlavní město Praha,1044,2,0,0.0,7.89
2026-07-31,Aktualitky.cz,context,SmartPhone,iOS,Žena,25 - 39,Středočeský kraj,3806,6,0,0.0,28.75
2026-07-31,Aktualitky.cz,context,SmartPhone,iOS,Žena,25 - 39,Jihočeský kraj,7605,15,1,0.0,57.45
2026-07-31,Aktualitky.cz,context,SmartPhone,iOS,Žena,25 - 39,Plzeňský kraj,14152,15,0,0.0,106.91
2026-07-31,Aktualitky.cz,context,SmartPhone,iOS,Žena,25 - 39,Karlovarský kraj,20493,22,0,0.0,154.81
2026-07-31,Aktualitky.cz,context,SmartPhone,iOS,Žena,25 - 39,Ústecký kraj,5158,10,1,0.0,38.97
2026-07-31,Aktualitky.cz,context,SmartPhone,iOS,Žena,25 - 39,Liberecký kraj,24333,34,2,0.0,183.82
2026-07-31,Aktualitky.cz,context,SmartPhone,iOS,Žena,25 - 39,Královéhradecký kraj,5607,3,0,0.0,42.36
2026-07-31,Aktualitky.cz,context,SmartPhone,iOS,Žena,25 - 39,Pardubický kraj,15381,18,1,0.0,116.19
2026-07-31,Aktualitky.cz,context,SmartPhone,iOS,Žena,25 - 39,Kraj Vysočina,6831,6,1,0.0,51.6
2026-07-31,Aktualitky.cz,context,SmartPhone,iOS,Žena,25 - 39,Jihomoravský kraj,36082,34,1,0.0,272.58
2026-07-31,Aktualitky.cz,context,SmartPhone,iOS,Žena,25 - 39,Olomoucký kraj,7968,7,0,0.0,60.19
2026-07-31,Aktualitky.cz,context,SmartPhone,iOS,Žena,25 - 39,Zlínský kraj,22918,26,0,0.0,173.13
2026-07-31,Aktualitky.cz,context,SmartPhone,iOS,Žena,25 - 39,Moravskoslezský kraj,4949,10,1,0.0,37.39
2026-07-31,Aktualitky.cz,context,Desktop,,Muž,18 - 24,Hlavní město Praha,4,0,0,0.0,0.02
2026-07-31,Aktualitky.cz,context,Desktop,,Muž,18 - 24,Středočeský kraj,28,0,0,0.0,0.16
2026-07-31,Aktualitky.cz,context,Desktop,,Muž,18 - 24,Jihočeský kraj,4,0,0,0.0,0.02
2026-07-31,Aktualitky.cz,context,Desktop,,Muž,18 - 24,Plzeňský kraj,40,0,0,0.0,0.24
2026-07-31,Aktualitky.cz,context,Desktop,,Muž,18 - 24,Karlovarský kraj,60,0,0,0.0,0.35
2026-07-31,Aktualitky.cz,context,Desktop,,Muž,18 - 24,Ústecký kraj,6,0,0,0.0,0.04
2026-07-31,Aktualitky.cz,context,Desktop,,Muž,18 - 24,Liberecký kraj,53,0,0,0.0,0.31
2026-07-31,Aktualitky.cz,context,Desktop,,Muž,18 - 24,Královéhradecký kraj,2,0,0,0.0,0.01
2026-07-31,Aktualitky.cz,context,Desktop,,Muž,18 - 24,Pardubický kraj,21,0,0,0.0,0.12
2026-07-31,Aktualitky.cz,context,Desktop,,Muž,18 - 24,Kraj Vysočina,37,0,0,0.0,0.22
2026-07-31,Aktualitky.cz,context,Desktop,,Muž,18 - 24,Jihomoravský kraj,34,0,0,0.0,0.2
2026-07-31,Aktualitky.cz,context,Desktop,,Muž,18 - 24,Olomoucký kraj,14,0,0,0.0,0.08
2026-07-31,Aktualitky.cz,context,Desktop,,Muž,18 - 24,Zlínský kraj,4,0,0,0.0,0.02
2026-07-31,Aktualitky.cz,context,Desktop,,Muž,18 - 24,Moravskoslezský kraj,57,0,0,0.0,0.34
2026-07-31,Aktualitky.cz,context,MediaHub,,Žena,60+,Hlavní město Praha,1,0,0,0.0,0.0
2026-07-31,Aktualitky.cz,context,MediaHub,,Žena,60+,Středočeský kraj,1,0,0,0.0,0.0
2026-07-31,Aktualitky.cz,context,MediaHub,,Žena,60+,Jihočeský kraj,1,0,0,0.0,0.0
2026-07-31,Aktualitky.cz,context,MediaHub,,Žena,60+,Plzeňský kraj,1,0,0,0.0,0.0
2026-07-31,Aktualitky.cz,context,MediaHub,,Žena,60+,Karlovarský kraj,1,0,0,0.0,0.0
2026-07-31,Aktualitky.cz,context,MediaHub,,Žena,60+,Ústecký kraj,1,0,0,0.0,0.0
2026-07-31,Aktualitky.cz,context,MediaHub,,Žena,60+,Liberecký kraj,1,0,0,0.0,0.0
2026-07-31,Aktualitky.cz,context,MediaHub,,Žena,60+,Královéhradecký kraj,1,0,0,0.0,0.0
2026-07-31,Aktualitky.cz,context,MediaHub,,Žena,60+,Pardubický kraj,1,0,0,0.0,0.0
2026-07-31,Aktualitky.cz,context,MediaHub,,Žena,60+,Kraj Vysočina,1,0,0,0.0,0.0
2026-07-31,Aktualitky.cz,context,MediaHub,,Žena,60+,Jihomoravský kraj,1,0,0,0.0,0.0
2026-07-31,Aktualitky.cz,context,MediaHub,,Žena,60+,Olomoucký kraj,1,0,0,0.0,0.0
2026-07-31,Aktualitky.cz,context,MediaHub,,Žena,60+,Zlínský kraj,1,0,0,0.0,0.0
2026-07-31,Aktualitky.cz,context,MediaHub,,Žena,60+,Moravskoslezský kraj,1,0,0,0.0,0.0
2026-07-31,Aktualitky.cz,context,Tablet,,Žena,40 - 59,Hlavní město Praha,21,0,0,0.0,0.72
2026-07-31,Aktualitky.cz,context,Tablet,,Žena,40 - 59,Středočeský kraj,4,0,0,0.0,0.14
2026-07-31,Aktualitky.cz,context,Tablet,,Žena,40 - 59,Jihočeský kraj,11,0,0,0.0,0.38
2026-07-31,Aktualitky.cz,context,Tablet,,Žena,40 - 59,Plzeňský kraj,4,0,0,0.0,0.14
2026-07-31,Aktualitky.cz,context,Tablet,,Žena,40 - 59,Karlovarský kraj,9,0,0,0.0,0.31
2026-07-31,Aktualitky.cz,context,Tablet,,Žena,40 - 59,Ústecký kraj,39,1,0,0.0,1.33
2026-07-31,Aktualitky.cz,context,Tablet,,Žena,40 - 59,Liberecký kraj,21,0,0,0.0,0.72
2026-07-31,Aktualitky.cz,context,Tablet,,Žena,40 - 59,Královéhradecký kraj,40,0,0,0.0,1.37
2026-07-31,Aktualitky.cz,context,Tablet,,Žena,40 - 59,Pardubický kraj,15,0,0,0.0,0.51
2026-07-31,Aktualitky.cz,context,Tablet,,Žena,40 - 59,Kraj Vysočina,2,0,0,0.0,0.07
2026-07-31,Aktualitky.cz,context,Tablet,,Žena,40 - 59,Jihomoravský kraj,1,0,0,0.0,0.03
2026-07-31,Aktualitky.cz,context,Tablet,,Žena,40 - 59,Olomoucký kraj,1,0,0,0.0,0.03
2026-07-31,Aktualitky.cz,context,Tablet,,Žena,40 - 59,Zlínský kraj,27,0,0,0.0,0.92
2026-07-31,Aktualitky.cz,context,Tablet,,Žena,40 - 59,Moravskoslezský kraj,28,1,0,0.0,0.96
2026-07-31,Baráky.cz,context,Console,Windows,Muž,40 - 59,Hlavní město Praha,1,0,0,0.0,0.0
2026-07-31,Baráky.cz,context,Console,Windows,Muž,40 - 59,Středočeský kraj,1,0,0,0.0,0.0
2026-07-31,Baráky.cz,context,Console,Windows,Muž,40 - 59,Jihočeský kraj,1,0,0,0.0,0.0
2026-07-31,Baráky.cz,context,Console,Windows,Muž,40 - 59,Plzeňský kraj,1,0,0,0.0,0.0
2026-07-31,Baráky.cz,context,Console,Windows,Muž,40 - 59,Karlovarský kraj,1,0,0,0.0,0.0
2026-07-31,Baráky.cz,context,Console,Windows,Muž,40 - 59,Ústecký kraj,1,0,0,0.0,0.0
2026-07-31,Baráky.cz,context,Console,Windows,Muž,40 - 59,Liberecký kraj,1,0,0,0.0,0.0
2026-07-31,Baráky.cz,context,Console,Windows,Muž,40 - 59,Královéhradecký kraj,1,0,0,0.0,0.0
2026-07-31,Baráky.cz,context,Console,Windows,Muž,40 - 59,Pardubický kraj,1,0,0,0.0,0.0
2026-07-31,Baráky.cz,context,Console,Windows,Muž,40 - 59,Kraj Vysočina,1,0,0,0.0,0.0
2026-07-31,Baráky.cz,context,Console,Windows,Muž,40 - 59,Jihomoravský kraj,1,0,0,0.0,0.0
2026-07-31,Baráky.cz,context,Console,Windows,Muž,40 - 59,Olomoucký kraj,1,0,0,0.0,0.0
2026-07-31,Baráky.cz,context,Console,Windows,Muž,40 - 59,Zlínský kraj,1,0,0,0.0,0.0
2026-07-31,Baráky.cz,context,Console,Windows,Muž,40 - 59,Moravskoslezský kraj,1,0,0,0.0,0.0
2026-07-31,Baráky.cz,context,Desktop,,Neznámý,40 - 59,Hlavní město Praha,1,0,0,0.0,0.0
2026-07-31,Baráky.cz,context,Desktop,,Neznámý,40 - 59,Středočeský kraj,1,0,0,0.0,0.0
2026-07-31,Baráky.cz,context,Desktop,,Neznámý,40 - 59,Jihočeský kraj,1,0,0,0.0,0.0
2026-07-31,Baráky.cz,context,Desktop,,Neznámý,40 - 59,Plzeňský kraj,1,0,0,0.0,0.0
2026-07-31,Baráky.cz,context,Desktop,,Neznámý,40 - 59,Karlovarský kraj,1,0,0,0.0,0.0
2026-07-31,Baráky.cz,context,Desktop,,Neznámý,40 - 59,Ústecký kraj,1,0,0,0.0,0.0
2026-07-31,Baráky.cz,context,Desktop,,Neznámý,40 - 59,Liberecký kraj,1,0,0,0.0,0.0
2026-07-31,Baráky.cz,context,Desktop,,Neznámý,40 - 59,Královéhradecký kraj,1,0,0,0.0,0.0
2026-07-31,Baráky.cz,context,Desktop,,Neznámý,40 - 59,Pardubický kraj,1,0,0,0.0,0.0
2026-07-31,Baráky.cz,context,Desktop,,Neznámý,40 - 59,Kraj Vysočina,1,0,0,0.0,0.0
2026-07-31,Baráky.cz,context,Desktop,,Neznámý,40 - 59,Jihomoravský kraj,1,0,0,0.0,0.0
2026-07-31,Baráky.cz,context,Desktop,,Neznámý,40 - 59,Olomoucký kraj,1,0,0,0.0,0.0
2026-07-31,Baráky.cz,context,Desktop,,Neznámý,40 - 59,Zlínský kraj,1,0,0,0.0,0.0
2026-07-31,Baráky.cz,context,Desktop,,Neznámý,40 - 59,Moravskoslezský kraj,1,0,0,0.0,0.0
2026-07-31,Blogeria.cz,context,Desktop,,Žena,40 - 59,Hlavní město Praha,726,1,0,0.0,9.86
2026-07-31,Blogeria.cz,context,Desktop,,Žena,40 - 59,Středočeský kraj,387,2,0,0.0,5.25
2026-07-31,Blogeria.cz,context,Desktop,,Žena,40 - 59,Jihočeský kraj,8,0,0,0.0,0.11
2026-07-31,Blogeria.cz,context,Desktop,,Žena,40 - 59,Plzeňský kraj,420,0,0,0.0,5.7
2026-07-31,Blogeria.cz,context,Desktop,,Žena,40 - 59,Karlovarský kraj,3787,2,1,0.0,51.41
2026-07-31,Blogeria.cz,context,Desktop,,Žena,40 - 59,Ústecký kraj,400,0,0,0.0,5.43
2026-07-31,Blogeria.cz,context,Desktop,,Žena,40 - 59,Liberecký kraj,1071,4,0,0.0,14.54
2026-07-31,Blogeria.cz,context,Desktop,,Žena,40 - 59,Královéhradecký kraj,2724,8,1,0.0,36.98
2026-07-31,Blogeria.cz,context,Desktop,,Žena,40 - 59,Pardubický kraj,2103,9,1,0.0,28.55
2026-07-31,Blogeria.cz,context,Desktop,,Žena,40 - 59,Kraj Vysočina,357,0,0,0.0,4.85
2026-07-31,Blogeria.cz,context,Desktop,,Žena,40 - 59,Jihomoravský kraj,1381,1,1,0.0,18.75
2026-07-31,Blogeria.cz,context,Desktop,,Žena,40 - 59,Olomoucký kraj,493,0,0,0.0,6.69
2026-07-31,Blogeria.cz,context,Desktop,,Žena,40 - 59,Zlínský kraj,367,3,0,0.0,4.98
2026-07-31,Blogeria.cz,context,Desktop,,Žena,40 - 59,Moravskoslezský kraj,413,1,0,0.0,5.61
2026-07-31,Drbárna.cz,context,Desktop,,Žena,60+,Hlavní město Praha,17190,45,0,0.0,364.53
2026-07-31,Drbárna.cz,context,Desktop,,Žena,60+,Středočeský kraj,4789,14,0,0.0,101.56
2026-07-31,Drbárna.cz,context,Desktop,,Žena,60+,Jihočeský kraj,4433,9,0,0.0,94.01
2026-07-31,Drbárna.cz,context,Desktop,,Žena,60+,Plzeňský kraj,2736,4,0,0.0,58.02
2026-07-31,Drbárna.cz,context,Desktop,,Žena,60+,Karlovarský kraj,3195,12,0,0.0,67.75
2026-07-31,Drbárna.cz,context,Desktop,,Žena,60+,Ústecký kraj,2008,3,1,0.28,42.58
2026-07-31,Drbárna.cz,context,Desktop,,Žena,60+,Liberecký kraj,3871,13,0,0.0,82.09
2026-07-31,Drbárna.cz,context,Desktop,,Žena,60+,Královéhradecký kraj,8654,38,3,0.85,183.52
2026-07-31,Drbárna.cz,context,Desktop,,Žena,60+,Pardubický kraj,24958,77,4,1.14,529.26
2026-07-31,Drbárna.cz,context,Desktop,,Žena,60+,Kraj Vysočina,2409,8,0,0.0,51.09
2026-07-31,Drbárna.cz,context,Desktop,,Žena,60+,Jihomoravský kraj,1960,5,0,0.0,41.56
2026-07-31,Drbárna.cz,context,Desktop,,Žena,60+,Olomoucký kraj,2028,11,1,0.28,43.01
2026-07-31,Drbárna.cz,context,Desktop,,Žena,60+,Zlínský kraj,795,1,0,0.0,16.86
2026-07-31,Drbárna.cz,context,Desktop,,Žena,60+,Moravskoslezský kraj,1780,4,0,0.0,37.75
2026-07-31,Drbárna.cz,context,Tablet,iPadOS,Žena,Neznámý,Hlavní město Praha,27,0,0,0.0,0.48
2026-07-31,Drbárna.cz,context,Tablet,iPadOS,Žena,Neznámý,Středočeský kraj,18,0,0,0.0,0.32
2026-07-31,Drbárna.cz,context,Tablet,iPadOS,Žena,Neznámý,Jihočeský kraj,122,1,0,0.0,2.18
2026-07-31,Drbárna.cz,context,Tablet,iPadOS,Žena,Neznámý,Plzeňský kraj,151,0,0,0.0,2.7
2026-07-31,Drbárna.cz,context,Tablet,iPadOS,Žena,Neznámý,Karlovarský kraj,253,2,1,2.43,4.53
2026-07-31,Drbárna.cz,context,Tablet,iPadOS,Žena,Neznámý,Ústecký kraj,63,0,0,0.0,1.13
2026-07-31,Drbárna.cz,context,Tablet,iPadOS,Žena,Neznámý,Liberecký kraj,57,0,0,0.0,1.02
2026-07-31,Drbárna.cz,context,Tablet,iPadOS,Žena,Neznámý,Královéhradecký kraj,76,0,0,0.0,1.36
2026-07-31,Drbárna.cz,context,Tablet,iPadOS,Žena,Neznámý,Pardubický kraj,25,0,0,0.0,0.45
2026-07-31,Drbárna.cz,context,Tablet,iPadOS,Žena,Neznámý,Kraj Vysočina,23,0,0,0.0,0.41
2026-07-31,Drbárna.cz,context,Tablet,iPadOS,Žena,Neznámý,Jihomoravský kraj,127,2,0,0.0,2.27
2026-07-31,Drbárna.cz,context,Tablet,iPadOS,Žena,Neznámý,Olomoucký kraj,98,1,0,0.0,1.75
2026-07-31,Drbárna.cz,context,Tablet,iPadOS,Žena,Neznámý,Zlínský kraj,38,0,0,0.0,0.68
2026-07-31,Drbárna.cz,context,Tablet,iPadOS,Žena,Neznámý,Moravskoslezský kraj,7,0,0,0.0,0.13
2026-07-31,Drbárna.cz,context,MediaHub,,Muž,40 - 59,Hlavní město Praha,1,0,0,0.0,0.0
2026-07-31,Drbárna.cz,context,MediaHub,,Muž,40 - 59,Středočeský kraj,1,0,0,0.0,0.0
2026-07-31,Drbárna.cz,context,MediaHub,,Muž,40 - 59,Jihočeský kraj,1,0,0,0.0,0.0
2026-07-31,Drbárna.cz,context,MediaHub,,Muž,40 - 59,Plzeňský kraj,1,0,0,0.0,0.0
2026-07-31,Drbárna.cz,context,MediaHub,,Muž,40 - 59,Karlovarský kraj,1,0,0,0.0,0.0
2026-07-31,Drbárna.cz,context,MediaHub,,Muž,40 - 59,Ústecký kraj,1,0,0,0.0,0.0
2026-07-31,Drbárna.cz,context,MediaHub,,Muž,40 - 59,Liberecký kraj,1,0,0,0.0,0.0
2026-07-31,Drbárna.cz,context,MediaHub,,Muž,40 - 59,Královéhradecký kraj,1,0,0,0.0,0.0
2026-07-31,Drbárna.cz,context,MediaHub,,Muž,40 - 59,Pardubický kraj,1,0,0,0.0,0.0
2026-07-31,Drbárna.cz,context,MediaHub,,Muž,40 - 59,Kraj Vysočina,1,0,0,0.0,0.0
2026-07-31,Drbárna.cz,context,MediaHub,,Muž,40 - 59,Jihomoravský kraj,1,0,0,0.0,0.0
2026-07-31,Drbárna.cz,context,MediaHub,,Muž,40 - 59,Olomoucký kraj,1,0,0,0.0,0.0
2026-07-31,Drbárna.cz,context,MediaHub,,Muž,40 - 59,Zlínský kraj,1,0,0,0.0,0.0
2026-07-31,Drbárna.cz,context,MediaHub,,Muž,40 - 59,Moravskoslezský kraj,1,0,0,0.0,0.0
2026-07-31,Drbárna.cz,context,,,Muž,60+,Hlavní město Praha,2,0,0,0.0,0.0
2026-07-31,Drbárna.cz,context,,,Muž,60+,Středočeský kraj,2,0,0,0.0,0.0
2026-07-31,Drbárna.cz,context,,,Muž,60+,Jihočeský kraj,7,0,0,0.0,0.01
2026-07-31,Drbárna.cz,context,,,Muž,60+,Plzeňský kraj,1,0,0,0.0,0.0
2026-07-31,Drbárna.cz,context,,,Muž,60+,Karlovarský kraj,1,0,0,0.0,0.0
2026-07-31,Drbárna.cz,context,,,Muž,60+,Ústecký kraj,6,0,0,0.0,0.01
2026-07-31,Drbárna.cz,context,,,Muž,60+,Liberecký kraj,2,0,0,0.0,0.0
2026-07-31,Drbárna.cz,context,,,Muž,60+,Královéhradecký kraj,1,0,0,0.0,0.0
2026-07-31,Drbárna.cz,context,,,Muž,60+,Pardubický kraj,12,0,0,0.0,0.02
2026-07-31,Drbárna.cz,context,,,Muž,60+,Kraj Vysočina,5,0,0,0.0,0.01
2026-07-31,Drbárna.cz,context,,,Muž,60+,Jihomoravský kraj,5,0,0,0.0,0.01
2026-07-31,Drbárna.cz,context,,,Muž,60+,Olomoucký kraj,6,0,0,0.0,0.01
2026-07-31,Drbárna.cz,context,,,Muž,60+,Zlínský kraj,2,0,0,0.0,0.0
2026-07-31,Drbárna.cz,context,,,Muž,60+,Moravskoslezský kraj,2,0,0,0.0,0.0
2026-07-31,Drbárna.cz,context,MediaHub,Android,Žena,60+,Hlavní město Praha,20,0,0,0.0,0.01
2026-07-31,Drbárna.cz,context,MediaHub,Android,Žena,60+,Středočeský kraj,2,0,0,0.0,0.0
2026-07-31,Drbárna.cz,context,MediaHub,Android,Žena,60+,Jihočeský kraj,1,0,0,0.0,0.0
2026-07-31,Drbárna.cz,context,MediaHub,Android,Žena,60+,Plzeňský kraj,3,0,0,0.0,0.0
2026-07-31,Drbárna.cz,context,MediaHub,Android,Žena,60+,Karlovarský kraj,4,0,0,0.0,0.0
2026-07-31,Drbárna.cz,context,MediaHub,Android,Žena,60+,Ústecký kraj,9,0,0,0.0,0.0
2026-07-31,Drbárna.cz,context,MediaHub,Android,Žena,60+,Liberecký kraj,54,0,0,0.0,0.02
2026-07-31,Drbárna.cz,context,MediaHub,Android,Žena,60+,Královéhradecký kraj,9,0,0,0.0,0.0
2026-07-31,Drbárna.cz,context,MediaHub,Android,Žena,60+,Pardubický kraj,9,0,0,0.0,0.0
2026-07-31,Drbárna.cz,context,MediaHub,Android,Žena,60+,Kraj Vysočina,1,0,0,0.0,0.0
2026-07-31,Drbárna.cz,context,MediaHub,Android,Žena,60+,Jihomoravský kraj,15,0,0,0.0,0.0
2026-07-31,Drbárna.cz,context,MediaHub,Android,Žena,60+,Olomoucký kraj,17,0,0,0.0,0.0
2026-07-31,Drbárna.cz,context,MediaHub,Android,Žena,60+,Zlínský kraj,14,0,0,0.0,0.0
2026-07-31,Drbárna.cz,context,MediaHub,Android,Žena,60+,Moravskoslezský kraj,7,0,0,0.0,0.0
2026-07-31,Kopačka.cz,context,Tablet,Android,Žena,18 - 24,Hlavní město Praha,7,0,0,0.0,0.02
2026-07-31,Kopačka.cz,context,Tablet,Android,Žena,18 - 24,Středočeský kraj,3,0,0,0.0,0.01
2026-07-31,Kopačka.cz,context,Tablet,Android,Žena,18 - 24,Jihočeský kraj,2,0,0,0.0,0.01
2026-07-31,Kopačka.cz,context,Tablet,Android,Žena,18 - 24,Plzeňský kraj,6,0,0,0.0,0.02
2026-07-31,Kopačka.cz,context,Tablet,Android,Žena,18 - 24,Karlovarský kraj,3,0,0,0.0,0.01
2026-07-31,Kopačka.cz,context,Tablet,Android,Žena,18 - 24,Ústecký kraj,6,0,0,0.0,0.02
2026-07-31,Kopačka.cz,context,Tablet,Android,Žena,18 - 24,Liberecký kraj,14,0,0,0.0,0.04
2026-07-31,Kopačka.cz,context,Tablet,Android,Žena,18 - 24,Královéhradecký kraj,16,0,0,0.0,0.05
2026-07-31,Kopačka.cz,context,Tablet,Android,Žena,18 - 24,Pardubický kraj,5,0,0,0.0,0.02
2026-07-31,Kopačka.cz,context,Tablet,Android,Žena,18 - 24,Kraj Vysočina,2,0,0,0.0,0.01
2026-07-31,Kopačka.cz,context,Tablet,Android,Žena,18 - 24,Jihomoravský kraj,12,0,0,0.0,0.04
2026-07-31,Kopačka.cz,context,Tablet,Android,Žena,18 - 24,Olomoucký kraj,3,0,0,0.0,0.01
2026-07-31,Kopačka.cz,context,Tablet,Android,Žena,18 - 24,Zlínský kraj,2,0,0,0.0,0.01
2026-07-31,Kopačka.cz,context,Tablet,Android,Žena,18 - 24,Moravskoslezský kraj,8,0,0,0.0,0.03
2026-07-31,Pozdní Zprávy,context,Desktop,Windows,Neznámý,Neznámý,Hlavní město Praha,6862,7,0,0.0,57.25
2026-07-31,Pozdní Zprávy,context,Desktop,Windows,Neznámý,Neznámý,Středočeský kraj,16495,26,2,244.29,137.62
2026-07-31,Pozdní Zprávy,context,Desktop,Windows,Neznámý,Neznámý,Jihočeský kraj,41805,41,1,122.15,348.79
2026-07-31,Pozdní Zprávy,context,Desktop,Windows,Neznámý,Neznámý,Plzeňský kraj,15888,19,0,0.0,132.56
2026-07-31,Pozdní Zprávy,context,Desktop,Windows,Neznámý,Neznámý,Karlovarský kraj,17053,27,1,122.15,142.28
2026-07-31,Pozdní Zprávy,context,Desktop,Windows,Neznámý,Neznámý,Ústecký kraj,19580,16,0,0.0,163.36
2026-07-31,Pozdní Zprávy,context,Desktop,Windows,Neznámý,Neznámý,Liberecký kraj,4512,3,0,0.0,37.64
2026-07-31,Pozdní Zprávy,context,Desktop,Windows,Neznámý,Neznámý,Královéhradecký kraj,15009,14,0,0.0,125.22
2026-07-31,Pozdní Zprávy,context,Desktop,Windows,Neznámý,Neznámý,Pardubický kraj,58097,65,3,366.44,484.72
2026-07-31,Pozdní Zprávy,context,Desktop,Windows,Neznámý,Neznámý,Kraj Vysočina,76202,95,3,366.44,635.77
2026-07-31,Pozdní Zprávy,context,Desktop,Windows,Neznámý,Neznámý,Jihomoravský kraj,52863,57,3,366.44,441.05
2026-07-31,Pozdní Zprávy,context,Desktop,Windows,Neznámý,Neznámý,Olomoucký kraj,5929,10,0,0.0,49.47
2026-07-31,Pozdní Zprávy,context,Desktop,Windows,Neznámý,Neznámý,Zlínský kraj,33045,34,2,244.29,275.7
2026-07-31,Pozdní Zprávy,context,Desktop,Windows,Neznámý,Neznámý,Moravskoslezský kraj,40442,46,3,366.44,337.42
2026-07-31,Pozdní Zprávy,context,Tv,Android,Muž,60+,Hlavní město Praha,4,0,0,0.0,0.1
2026-07-31,Pozdní Zprávy,context,Tv,Android,Muž,60+,Středočeský kraj,16,0,0,0.0,0.4
2026-07-31,Pozdní Zprávy,context,Tv,Android,Muž,60+,Jihočeský kraj,13,0,0,0.0,0.33
2026-07-31,Pozdní Zprávy,context,Tv,Android,Muž,60+,Plzeňský kraj,29,0,0,0.0,0.73
2026-07-31,Pozdní Zprávy,context,Tv,Android,Muž,60+,Karlovarský kraj,16,1,0,0.0,0.4
2026-07-31,Pozdní Zprávy,context,Tv,Android,Muž,60+,Ústecký kraj,8,0,0,0.0,0.2
2026-07-31,Pozdní Zprávy,context,Tv,Android,Muž,60+,Liberecký kraj,4,0,0,0.0,0.1
2026-07-31,Pozdní Zprávy,context,Tv,Android,Muž,60+,Královéhradecký kraj,47,0,0,0.0,1.18
2026-07-31,Pozdní Zprávy,context,Tv,Android,Muž,60+,Pardubický kraj,2,0,0,0.0,0.05
2026-07-31,Pozdní Zprávy,context,Tv,Android,Muž,60+,Kraj Vysočina,21,0,0,0.0,0.53
2026-07-31,Pozdní Zprávy,context,Tv,Android,Muž,60+,Jihomoravský kraj,3,0,0,0.0,0.08
2026-07-31,Pozdní Zprávy,context,Tv,Android,Muž,60+,Olomoucký kraj,2,0,0,0.0,0.05
2026-07-31,Pozdní Zprávy,context,Tv,Android,Muž,60+,Zlínský kraj,1,0,0,0.0,0.03
2026-07-31,Pozdní Zprávy,context,Tv,Android,Muž,60+,Moravskoslezský kraj,6,0,0,0.0,0.15
2026-07-31,Pozdní Zprávy,context,SmartPhone,iOS,Žena,25 - 39,Hlavní město Praha,281,0,0,0.0,2.1
2026-07-31,Pozdní Zprávy,context,SmartPhone,iOS,Žena,25 - 39,Středočeský kraj,9618,11,0,0.0,71.85
2026-07-31,Pozdní Zprávy,context,SmartPhone,iOS,Žena,25 - 39,Jihočeský kraj,18976,33,1,127.58,141.77
2026-07-31,Pozdní Zprávy,context,SmartPhone,iOS,Žena,25 - 39,Plzeňský kraj,100598,140,5,637.92,751.56
2026-07-31,Pozdní Zprávy,context,SmartPhone,iOS,Žena,25 - 39,Karlovarský kraj,25882,34,2,255.17,193.36
2026-07-31,Pozdní Zprávy,context,SmartPhone,iOS,Žena,25 - 39,Ústecký kraj,35123,53,1,127.58,262.4
2026-07-31,Pozdní Zprávy,context,SmartPhone,iOS,Žena,25 - 39,Liberecký kraj,12568,17,1,127.58,93.89
2026-07-31,Pozdní Zprávy,context,SmartPhone,iOS,Žena,25 - 39,Královéhradecký kraj,33217,56,3,382.75,248.16
2026-07-31,Pozdní Zprávy,context,SmartPhone,iOS,Žena,25 - 39,Pardubický kraj,28919,51,1,127.58,216.05
2026-07-31,Pozdní Zprávy,context,SmartPhone,iOS,Žena,25 - 39,Kraj Vysočina,7224,11,0,0.0,53.97
2026-07-31,Pozdní Zprávy,context,SmartPhone,iOS,Žena,25 - 39,Jihomoravský kraj,14854,25,0,0.0,110.97
2026-07-31,Pozdní Zprávy,context,SmartPhone,iOS,Žena,25 - 39,Olomoucký kraj,2829,3,0,0.0,21.14
2026-07-31,Pozdní Zprávy,context,SmartPhone,iOS,Žena,25 - 39,Zlínský kraj,66971,88,5,637.92,500.33
2026-07-31,Pozdní Zprávy,context,SmartPhone,iOS,Žena,25 - 39,Moravskoslezský kraj,42876,50,5,637.92,320.32
2026-07-31,Poštovna.cz,context,SmartPhone,iOS,Žena,25 - 39,Hlavní město Praha,7961,25,0,0.0,91.64
2026-07-31,Poštovna.cz,context,SmartPhone,iOS,Žena,25 - 39,Středočeský kraj,3007,13,0,0.0,34.62
2026-07-31,Poštovna.cz,context,SmartPhone,iOS,Žena,25 - 39,Jihočeský kraj,2531,4,0,0.0,29.14
2026-07-31,Poštovna.cz,context,SmartPhone,iOS,Žena,25 - 39,Plzeňský kraj,3181,19,2,0.0,36.62
2026-07-31,Poštovna.cz,context,SmartPhone,iOS,Žena,25 - 39,Karlovarský kraj,10248,34,0,0.0,117.97
2026-07-31,Poštovna.cz,context,SmartPhone,iOS,Žena,25 - 39,Ústecký kraj,14268,51,2,0.0,164.25
2026-07-31,Poštovna.cz,context,SmartPhone,iOS,Žena,25 - 39,Liberecký kraj,2911,10,0,0.0,33.51
2026-07-31,Poštovna.cz,context,SmartPhone,iOS,Žena,25 - 39,Královéhradecký kraj,16378,54,2,0.0,188.54
2026-07-31,Poštovna.cz,context,SmartPhone,iOS,Žena,25 - 39,Pardubický kraj,3441,12,1,0.0,39.61
2026-07-31,Poštovna.cz,context,SmartPhone,iOS,Žena,25 - 39,Kraj Vysočina,7654,21,0,0.0,88.11
2026-07-31,Poštovna.cz,context,SmartPhone,iOS,Žena,25 - 39,Jihomoravský kraj,12104,43,0,0.0,139.34
2026-07-31,Poštovna.cz,context,SmartPhone,iOS,Žena,25 - 39,Olomoucký kraj,5492,19,0,0.0,63.22
2026-07-31,Poštovna.cz,context,SmartPhone,iOS,Žena,25 - 39,Zlínský kraj,23914,82,1,0.0,275.29
2026-07-31,Poštovna.cz,context,SmartPhone,iOS,Žena,25 - 39,Moravskoslezský kraj,5400,19,0,0.0,62.16
2026-07-31,Poštovna.cz,context,Tablet,iPadOS,Žena,18 - 24,Hlavní město Praha,12,0,0,0.0,0.02
2026-07-31,Poštovna.cz,context,Tablet,iPadOS,Žena,18 - 24,Středočeský kraj,1,0,0,0.0,0.0
2026-07-31,Poštovna.cz,context,Tablet,iPadOS,Žena,18 - 24,Jihočeský kraj,20,0,0,0.0,0.03
2026-07-31,Poštovna.cz,context,Tablet,iPadOS,Žena,18 - 24,Plzeňský kraj,36,0,0,0.0,0.05
2026-07-31,Poštovna.cz,context,Tablet,iPadOS,Žena,18 - 24,Karlovarský kraj,35,0,0,0.0,0.04
2026-07-31,Poštovna.cz,context,Tablet,iPadOS,Žena,18 - 24,Ústecký kraj,7,0,0,0.0,0.01
2026-07-31,Poštovna.cz,context,Tablet,iPadOS,Žena,18 - 24,Liberecký kraj,44,0,0,0.0,0.06
2026-07-31,Poštovna.cz,context,Tablet,iPadOS,Žena,18 - 24,Královéhradecký kraj,63,0,0,0.0,0.08
2026-07-31,Poštovna.cz,context,Tablet,iPadOS,Žena,18 - 24,Pardubický kraj,19,0,0,0.0,0.02
2026-07-31,Poštovna.cz,context,Tablet,iPadOS,Žena,18 - 24,Kraj Vysočina,29,0,0,0.0,0.04
2026-07-31,Poštovna.cz,context,Tablet,iPadOS,Žena,18 - 24,Jihomoravský kraj,7,0,0,0.0,0.01
2026-07-31,Poštovna.cz,context,Tablet,iPadOS,Žena,18 - 24,Olomoucký kraj,2,0,0,0.0,0.0
2026-07-31,Poštovna.cz,context,Tablet,iPadOS,Žena,18 - 24,Zlínský kraj,41,0,0,0.0,0.05
2026-07-31,Poštovna.cz,context,Tablet,iPadOS,Žena,18 - 24,Moravskoslezský kraj,15,0,0,0.0,0.02
2026-07-31,Poštovna.cz,context,Desktop,macOS,Neznámý,Neznámý,Hlavní město Praha,799,1,0,0.0,2.76
2026-07-31,Poštovna.cz,context,Desktop,macOS,Neznámý,Neznámý,Středočeský kraj,401,0,0,0.0,1.39
2026-07-31,Poštovna.cz,context,Desktop,macOS,Neznámý,Neznámý,Jihočeský kraj,309,0,0,0.0,1.07
2026-07-31,Poštovna.cz,context,Desktop,macOS,Neznámý,Neznámý,Plzeňský kraj,45,0,0,0.0,0.16
2026-07-31,Poštovna.cz,context,Desktop,macOS,Neznámý,Neznámý,Karlovarský kraj,707,1,0,0.0,2.44
2026-07-31,Poštovna.cz,context,Desktop,macOS,Neznámý,Neznámý,Ústecký kraj,231,0,0,0.0,0.8
2026-07-31,Poštovna.cz,context,Desktop,macOS,Neznámý,Neznámý,Liberecký kraj,268,0,0,0.0,0.93
2026-07-31,Poštovna.cz,context,Desktop,macOS,Neznámý,Neznámý,Královéhradecký kraj,307,0,0,0.0,1.06
2026-07-31,Poštovna.cz,context,Desktop,macOS,Neznámý,Neznámý,Pardubický kraj,149,0,0,0.0,0.51
2026-07-31,Poštovna.cz,context,Desktop,macOS,Neznámý,Neznámý,Kraj Vysočina,50,0,0,0.0,0.17
2026-07-31,Poštovna.cz,context,Desktop,macOS,Neznámý,Neznámý,Jihomoravský kraj,582,1,0,0.0,2.01
2026-07-31,Poštovna.cz,context,Desktop,macOS,Neznámý,Neznámý,Olomoucký kraj,1605,0,0,0.0,5.55
2026-07-31,Poštovna.cz,context,Desktop,macOS,Neznámý,Neznámý,Zlínský kraj,203,0,0,0.0,0.7
2026-07-31,Poštovna.cz,context,Desktop,macOS,Neznámý,Neznámý,Moravskoslezský kraj,267,0,0,0.0,0.92
2026-07-31,Poštovna.cz,context,Tablet,,Žena,Neznámý,Hlavní město Praha,1,0,0,0.0,0.0
2026-07-31,Poštovna.cz,context,Tablet,,Žena,Neznámý,Středočeský kraj,1,0,0,0.0,0.0
2026-07-31,Poštovna.cz,context,Tablet,,Žena,Neznámý,Jihočeský kraj,1,0,0,0.0,0.0
2026-07-31,Poštovna.cz,context,Tablet,,Žena,Neznámý,Plzeňský kraj,1,0,0,0.0,0.0
2026-07-31,Poštovna.cz,context,Tablet,,Žena,Neznámý,Karlovarský kraj,1,0,0,0.0,0.0
2026-07-31,Poštovna.cz,context,Tablet,,Žena,Neznámý,Ústecký kraj,1,0,0,0.0,0.0
2026-07-31,Poštovna.cz,context,Tablet,,Žena,Neznámý,Liberecký kraj,1,0,0,0.0,0.0
2026-07-31,Poštovna.cz,context,Tablet,,Žena,Neznámý,Královéhradecký kraj,1,0,0,0.0,0.0
2026-07-31,Poštovna.cz,context,Tablet,,Žena,Neznámý,Pardubický kraj,1,0,0,0.0,0.0
2026-07-31,Poštovna.cz,context,Tablet,,Žena,Neznámý,Kraj Vysočina,1,0,0,0.0,0.0
2026-07-31,Poštovna.cz,context,Tablet,,Žena,Neznámý,Jihomoravský kraj,1,0,0,0.0,0.0
2026-07-31,Poštovna.cz,context,Tablet,,Žena,Neznámý,Olomoucký kraj,1,0,0,0.0,0.0
2026-07-31,Poštovna.cz,context,Tablet,,Žena,Neznámý,Zlínský kraj,1,0,0,0.0,0.0
2026-07-31,Poštovna.cz,context,Tablet,,Žena,Neznámý,Moravskoslezský kraj,1,0,0,0.0,0.0
2026-07-31,Poštovna.cz,context,SmartPhone,iOS,Neznámý,Neznámý,Hlavní město Praha,617,0,0,0.0,2.42
2026-07-31,Poštovna.cz,context,SmartPhone,iOS,Neznámý,Neznámý,Středočeský kraj,1137,1,0,0.0,4.47
2026-07-31,Poštovna.cz,context,SmartPhone,iOS,Neznámý,Neznámý,Jihočeský kraj,509,2,0,0.0,2.0
2026-07-31,Poštovna.cz,context,SmartPhone,iOS,Neznámý,Neznámý,Plzeňský kraj,1694,3,0,0.0,6.65
2026-07-31,Poštovna.cz,context,SmartPhone,iOS,Neznámý,Neznámý,Karlovarský kraj,227,2,0,0.0,0.89
2026-07-31,Poštovna.cz,context,SmartPhone,iOS,Neznámý,Neznámý,Ústecký kraj,1616,0,0,0.0,6.35
2026-07-31,Poštovna.cz,context,SmartPhone,iOS,Neznámý,Neznámý,Liberecký kraj,1533,2,0,0.0,6.02
2026-07-31,Poštovna.cz,context,SmartPhone,iOS,Neznámý,Neznámý,Královéhradecký kraj,631,1,0,0.0,2.48
2026-07-31,Poštovna.cz,context,SmartPhone,iOS,Neznámý,Neznámý,Pardubický kraj,561,0,0,0.0,2.2
2026-07-31,Poštovna.cz,context,SmartPhone,iOS,Neznámý,Neznámý,Kraj Vysočina,1494,1,0,0.0,5.87
2026-07-31,Poštovna.cz,context,SmartPhone,iOS,Neznámý,Neznámý,Jihomoravský kraj,376,0,0,0.0,1.48
2026-07-31,Poštovna.cz,context,SmartPhone,iOS,Neznámý,Neznámý,Olomoucký kraj,1882,2,0,0.0,7.39
2026-07-31,Poštovna.cz,context,SmartPhone,iOS,Neznámý,Neznámý,Zlínský kraj,1335,3,0,0.0,5.24
2026-07-31,Poštovna.cz,context,SmartPhone,iOS,Neznámý,Neznámý,Moravskoslezský kraj,5605,5,0,0.0,22.01
2026-07-31,ProTety.cz,context,MediaHub,Android,Žena,60+,Hlavní město Praha,2,0,0,0.0,0.0
2026-07-31,ProTety.cz,context,MediaHub,Android,Žena,60+,Středočeský kraj,1,0,0,0.0,0.0
2026-07-31,ProTety.cz,context,MediaHub,Android,Žena,60+,Jihočeský kraj,13,0,0,0.0,0.0
2026-07-31,ProTety.cz,context,MediaHub,Android,Žena,60+,Plzeňský kraj,6,0,0,0.0,0.0
2026-07-31,ProTety.cz,context,MediaHub,Android,Žena,60+,Karlovarský kraj,9,0,0,0.0,0.0
2026-07-31,ProTety.cz,context,MediaHub,Android,Žena,60+,Ústecký kraj,8,0,0,0.0,0.0
2026-07-31,ProTety.cz,context,MediaHub,Android,Žena,60+,Liberecký kraj,10,0,0,0.0,0.0
2026-07-31,ProTety.cz,context,MediaHub,Android,Žena,60+,Královéhradecký kraj,14,0,0,0.0,0.0
2026-07-31,ProTety.cz,context,MediaHub,Android,Žena,60+,Pardubický kraj,2,0,0,0.0,0.0
2026-07-31,ProTety.cz,context,MediaHub,Android,Žena,60+,Kraj Vysočina,4,0,0,0.0,0.0
2026-07-31,ProTety.cz,context,MediaHub,Android,Žena,60+,Jihomoravský kraj,4,0,0,0.0,0.0
2026-07-31,ProTety.cz,context,MediaHub,Android,Žena,60+,Olomoucký kraj,6,0,0,0.0,0.0
2026-07-31,ProTety.cz,context,MediaHub,Android,Žena,60+,Zlínský kraj,1,0,0,0.0,0.0
2026-07-31,ProTety.cz,context,MediaHub,Android,Žena,60+,Moravskoslezský kraj,5,0,0,0.0,0.0
2026-08-01,Aktualitky.cz,context,Tablet,iPadOS,Muž,40 - 59,Hlavní město Praha,1520,2,0,0.0,11.35
2026-08-01,Aktualitky.cz,context,Tablet,iPadOS,Muž,40 - 59,Středočeský kraj,4,0,0,0.0,0.03
2026-08-01,Aktualitky.cz,context,Tablet,iPadOS,Muž,40 - 59,Jihočeský kraj,1631,5,0,0.0,12.17
2026-08-01,Aktualitky.cz,context,Tablet,iPadOS,Muž,40 - 59,Plzeňský kraj,337,1,0,0.0,2.52
2026-08-01,Aktualitky.cz,context,Tablet,iPadOS,Muž,40 - 59,Karlovarský kraj,783,1,0,0.0,5.84
2026-08-01,Aktualitky.cz,context,Tablet,iPadOS,Muž,40 - 59,Ústecký kraj,2034,6,0,0.0,15.18
2026-08-01,Aktualitky.cz,context,Tablet,iPadOS,Muž,40 - 59,Liberecký kraj,1644,2,0,0.0,12.27
2026-08-01,Aktualitky.cz,context,Tablet,iPadOS,Muž,40 - 59,Královéhradecký kraj,1976,4,0,0.0,14.75
2026-08-01,Aktualitky.cz,context,Tablet,iPadOS,Muž,40 - 59,Pardubický kraj,524,1,0,0.0,3.91
2026-08-01,Aktualitky.cz,context,Tablet,iPadOS,Muž,40 - 59,Kraj Vysočina,1011,1,0,0.0,7.55
2026-08-01,Aktualitky.cz,context,Tablet,iPadOS,Muž,40 - 59,Jihomoravský kraj,647,1,0,0.0,4.83
2026-08-01,Aktualitky.cz,context,Tablet,iPadOS,Muž,40 - 59,Olomoucký kraj,1857,6,0,0.0,13.86
2026-08-01,Aktualitky.cz,context,Tablet,iPadOS,Muž,40 - 59,Zlínský kraj,208,0,0,0.0,1.55
2026-08-01,Aktualitky.cz,context,Tablet,iPadOS,Muž,40 - 59,Moravskoslezský kraj,921,3,0,0.0,6.87
2026-08-01,Aktualitky.cz,context,SmartPhone,,Muž,25 - 39,Hlavní město Praha,73,0,0,0.0,5.0
2026-08-01,Aktualitky.cz,context,SmartPhone,,Muž,25 - 39,Středočeský kraj,132,1,0,0.0,9.04
2026-08-01,Aktualitky.cz,context,SmartPhone,,Muž,25 - 39,Jihočeský kraj,153,0,0,0.0,10.48
2026-08-01,Aktualitky.cz,context,SmartPhone,,Muž,25 - 39,Plzeňský kraj,27,0,0,0.0,1.85
2026-08-01,Aktualitky.cz,context,SmartPhone,,Muž,25 - 39,Karlovarský kraj,101,0,0,0.0,6.92
2026-08-01,Aktualitky.cz,context,SmartPhone,,Muž,25 - 39,Ústecký kraj,90,0,0,0.0,6.16
2026-08-01,Aktualitky.cz,context,SmartPhone,,Muž,25 - 39,Liberecký kraj,54,0,0,0.0,3.7
2026-08-01,Aktualitky.cz,context,SmartPhone,,Muž,25 - 39,Královéhradecký kraj,40,0,0,0.0,2.74
2026-08-01,Aktualitky.cz,context,SmartPhone,,Muž,25 - 39,Pardubický kraj,65,0,0,0.0,4.45
2026-08-01,Aktualitky.cz,context,SmartPhone,,Muž,25 - 39,Kraj Vysočina,109,0,0,0.0,7.46
2026-08-01,Aktualitky.cz,context,SmartPhone,,Muž,25 - 39,Jihomoravský kraj,94,0,0,0.0,6.44
2026-08-01,Aktualitky.cz,context,SmartPhone,,Muž,25 - 39,Olomoucký kraj,4,0,0,0.0,0.27
2026-08-01,Aktualitky.cz,context,SmartPhone,,Muž,25 - 39,Zlínský kraj,158,0,0,0.0,10.82
2026-08-01,Aktualitky.cz,context,SmartPhone,,Muž,25 - 39,Moravskoslezský kraj,47,0,0,0.0,3.22
2026-08-01,Baráky.cz,context,Desktop,,Muž,18 - 24,Hlavní město Praha,31,0,0,0.0,0.27
2026-08-01,Baráky.cz,context,Desktop,,Muž,18 - 24,Středočeský kraj,36,0,0,0.0,0.31
2026-08-01,Baráky.cz,context,Desktop,,Muž,18 - 24,Jihočeský kraj,23,0,0,0.0,0.2
2026-08-01,Baráky.cz,context,Desktop,,Muž,18 - 24,Plzeňský kraj,121,0,0,0.0,1.05
2026-08-01,Baráky.cz,context,Desktop,,Muž,18 - 24,Karlovarský kraj,69,0,0,0.0,0.6
2026-08-01,Baráky.cz,context,Desktop,,Muž,18 - 24,Ústecký kraj,9,0,0,0.0,0.08
2026-08-01,Baráky.cz,context,Desktop,,Muž,18 - 24,Liberecký kraj,179,1,0,0.0,1.56
2026-08-01,Baráky.cz,context,Desktop,,Muž,18 - 24,Královéhradecký kraj,91,0,0,0.0,0.79
2026-08-01,Baráky.cz,context,Desktop,,Muž,18 - 24,Pardubický kraj,3,0,0,0.0,0.03
2026-08-01,Baráky.cz,context,Desktop,,Muž,18 - 24,Kraj Vysočina,126,0,0,0.0,1.1
2026-08-01,Baráky.cz,context,Desktop,,Muž,18 - 24,Jihomoravský kraj,20,0,0,0.0,0.17
2026-08-01,Baráky.cz,context,Desktop,,Muž,18 - 24,Olomoucký kraj,87,0,0,0.0,0.76
2026-08-01,Baráky.cz,context,Desktop,,Muž,18 - 24,Zlínský kraj,59,0,0,0.0,0.51
2026-08-01,Baráky.cz,context,Desktop,,Muž,18 - 24,Moravskoslezský kraj,27,0,0,0.0,0.23
2026-08-01,Baráky.cz,context,Desktop,macOS,Žena,18 - 24,Hlavní město Praha,461,0,0,0.0,0.22
2026-08-01,Baráky.cz,context,Desktop,macOS,Žena,18 - 24,Středočeský kraj,618,0,0,0.0,0.29
2026-08-01,Baráky.cz,context,Desktop,macOS,Žena,18 - 24,Jihočeský kraj,691,0,0,0.0,0.33
2026-08-01,Baráky.cz,context,Desktop,macOS,Žena,18 - 24,Plzeňský kraj,250,0,0,0.0,0.12
2026-08-01,Baráky.cz,context,Desktop,macOS,Žena,18 - 24,Karlovarský kraj,210,0,0,0.0,0.1
2026-08-01,Baráky.cz,context,Desktop,macOS,Žena,18 - 24,Ústecký kraj,452,0,0,0.0,0.21
2026-08-01,Baráky.cz,context,Desktop,macOS,Žena,18 - 24,Liberecký kraj,392,0,0,0.0,0.19
2026-08-01,Baráky.cz,context,Desktop,macOS,Žena,18 - 24,Královéhradecký kraj,53,0,0,0.0,0.03
2026-08-01,Baráky.cz,context,Desktop,macOS,Žena,18 - 24,Pardubický kraj,226,0,0,0.0,0.11
2026-08-01,Baráky.cz,context,Desktop,macOS,Žena,18 - 24,Kraj Vysočina,225,0,0,0.0,0.11
2026-08-01,Baráky.cz,context,Desktop,macOS,Žena,18 - 24,Jihomoravský kraj,155,0,0,0.0,0.07
2026-08-01,Baráky.cz,context,Desktop,macOS,Žena,18 - 24,Olomoucký kraj,222,0,0,0.0,0.11
2026-08-01,Baráky.cz,context,Desktop,macOS,Žena,18 - 24,Zlínský kraj,1236,0,0,0.0,0.59
2026-08-01,Baráky.cz,context,Desktop,macOS,Žena,18 - 24,Moravskoslezský kraj,427,0,0,0.0,0.2
2026-08-01,Baráky.cz,context,Desktop,Windows,Muž,60+,Hlavní město Praha,19540,15,1,0.12,101.59
2026-08-01,Baráky.cz,context,Desktop,Windows,Muž,60+,Středočeský kraj,4839,6,0,0.0,25.16
2026-08-01,Baráky.cz,context,Desktop,Windows,Muž,60+,Jihočeský kraj,26655,26,2,0.24,138.59
2026-08-01,Baráky.cz,context,Desktop,Windows,Muž,60+,Plzeňský kraj,2549,1,0,0.0,13.25
2026-08-01,Baráky.cz,context,Desktop,Windows,Muž,60+,Karlovarský kraj,909,2,0,0.0,4.73
2026-08-01,Baráky.cz,context,Desktop,Windows,Muž,60+,Ústecký kraj,5625,7,0,0.0,29.25
2026-08-01,Baráky.cz,context,Desktop,Windows,Muž,60+,Liberecký kraj,2160,1,1,0.12,11.23
2026-08-01,Baráky.cz,context,Desktop,Windows,Muž,60+,Královéhradecký kraj,9749,8,0,0.0,50.69
2026-08-01,Baráky.cz,context,Desktop,Windows,Muž,60+,Pardubický kraj,27634,33,3,0.36,143.68
2026-08-01,Baráky.cz,context,Desktop,Windows,Muž,60+,Kraj Vysočina,7590,13,0,0.0,39.46
2026-08-01,Baráky.cz,context,Desktop,Windows,Muž,60+,Jihomoravský kraj,4089,5,1,0.12,21.26
2026-08-01,Baráky.cz,context,Desktop,Windows,Muž,60+,Olomoucký kraj,3686,2,0,0.0,19.16
2026-08-01,Baráky.cz,context,Desktop,Windows,Muž,60+,Zlínský kraj,3265,4,0,0.0,16.98
2026-08-01,Baráky.cz,context,Desktop,Windows,Muž,60+,Moravskoslezský kraj,6061,2,0,0.0,31.51
2026-08-01,Baráky.cz,context,SmartPhone,,Žena,Neznámý,Hlavní město Praha,30,0,0,0.0,0.01
2026-08-01,Baráky.cz,context,SmartPhone,,Žena,Neznámý,Středočeský kraj,17,0,0,0.0,0.0
2026-08-01,Baráky.cz,context,SmartPhone,,Žena,Neznámý,Jihočeský kraj,8,0,0,0.0,0.0
2026-08-01,Baráky.cz,context,SmartPhone,,Žena,Neznámý,Plzeňský kraj,15,0,0,0.0,0.0
2026-08-01,Baráky.cz,context,SmartPhone,,Žena,Neznámý,Karlovarský kraj,31,0,0,0.0,0.01
2026-08-01,Baráky.cz,context,SmartPhone,,Žena,Neznámý,Ústecký kraj,1,0,0,0.0,0.0
2026-08-01,Baráky.cz,context,SmartPhone,,Žena,Neznámý,Liberecký kraj,23,0,0,0.0,0.01
2026-08-01,Baráky.cz,context,SmartPhone,,Žena,Neznámý,Královéhradecký kraj,22,0,0,0.0,0.01
2026-08-01,Baráky.cz,context,SmartPhone,,Žena,Neznámý,Pardubický kraj,24,0,0,0.0,0.01
2026-08-01,Baráky.cz,context,SmartPhone,,Žena,Neznámý,Kraj Vysočina,12,0,0,0.0,0.0
2026-08-01,Baráky.cz,context,SmartPhone,,Žena,Neznámý,Jihomoravský kraj,3,0,0,0.0,0.0
2026-08-01,Baráky.cz,context,SmartPhone,,Žena,Neznámý,Olomoucký kraj,7,0,0,0.0,0.0
2026-08-01,Baráky.cz,context,SmartPhone,,Žena,Neznámý,Zlínský kraj,35,0,0,0.0,0.01
2026-08-01,Baráky.cz,context,SmartPhone,,Žena,Neznámý,Moravskoslezský kraj,43,0,0,0.0,0.01
2026-08-01,Blogeria.cz,context,SmartPhone,iOS,Muž,60+,Hlavní město Praha,623,0,0,0.0,6.87
2026-08-01,Blogeria.cz,context,SmartPhone,iOS,Muž,60+,Středočeský kraj,4987,12,0,0.0,55.0
2026-08-01,Blogeria.cz,context,SmartPhone,iOS,Muž,60+,Jihočeský kraj,872,3,0,0.0,9.62
2026-08-01,Blogeria.cz,context,SmartPhone,iOS,Muž,60+,Plzeňský kraj,5993,16,0,0.0,66.09
2026-08-01,Blogeria.cz,context,SmartPhone,iOS,Muž,60+,Karlovarský kraj,19313,64,1,872.81,212.99
2026-08-01,Blogeria.cz,context,SmartPhone,iOS,Muž,60+,Ústecký kraj,11700,31,0,0.0,129.03
2026-08-01,Blogeria.cz,context,SmartPhone,iOS,Muž,60+,Liberecký kraj,2573,6,0,0.0,28.38
2026-08-01,Blogeria.cz,context,SmartPhone,iOS,Muž,60+,Královéhradecký kraj,23262,57,2,1745.62,256.54
2026-08-01,Blogeria.cz,context,SmartPhone,iOS,Muž,60+,Pardubický kraj,11299,42,1,872.81,124.61
2026-08-01,Blogeria.cz,context,SmartPhone,iOS,Muž,60+,Kraj Vysočina,7757,29,0,0.0,85.55
2026-08-01,Blogeria.cz,context,SmartPhone,iOS,Muž,60+,Jihomoravský kraj,3010,7,0,0.0,33.2
2026-08-01,Blogeria.cz,context,SmartPhone,iOS,Muž,60+,Olomoucký kraj,7236,15,0,0.0,79.8
2026-08-01,Blogeria.cz,context,SmartPhone,iOS,Muž,60+,Zlínský kraj,21150,73,1,872.81,233.25
2026-08-01,Blogeria.cz,context,SmartPhone,iOS,Muž,60+,Moravskoslezský kraj,14704,54,0,0.0,162.16
2026-08-01,Blogeria.cz,context,Tablet,Android,Neznámý,40 - 59,Hlavní město Praha,1,0,0,0.0,0.0
2026-08-01,Blogeria.cz,context,Tablet,Android,Neznámý,40 - 59,Středočeský kraj,1,0,0,0.0,0.0
2026-08-01,Blogeria.cz,context,Tablet,Android,Neznámý,40 - 59,Jihočeský kraj,1,0,0,0.0,0.0
2026-08-01,Blogeria.cz,context,Tablet,Android,Neznámý,40 - 59,Plzeňský kraj,1,0,0,0.0,0.0
2026-08-01,Blogeria.cz,context,Tablet,Android,Neznámý,40 - 59,Karlovarský kraj,1,0,0,0.0,0.0
2026-08-01,Blogeria.cz,context,Tablet,Android,Neznámý,40 - 59,Ústecký kraj,1,0,0,0.0,0.0
2026-08-01,Blogeria.cz,context,Tablet,Android,Neznámý,40 - 59,Liberecký kraj,1,0,0,0.0,0.0
2026-08-01,Blogeria.cz,context,Tablet,Android,Neznámý,40 - 59,Královéhradecký kraj,1,0,0,0.0,0.0
2026-08-01,Blogeria.cz,context,Tablet,Android,Neznámý,40 - 59,Pardubický kraj,1,0,0,0.0,0.0
2026-08-01,Blogeria.cz,context,Tablet,Android,Neznámý,40 - 59,Kraj Vysočina,1,0,0,0.0,0.0
2026-08-01,Blogeria.cz,context,Tablet,Android,Neznámý,40 - 59,Jihomoravský kraj,1,0,0,0.0,0.0
2026-08-01,Blogeria.cz,context,Tablet,Android,Neznámý,40 - 59,Olomoucký kraj,1,0,0,0.0,0.0
2026-08-01,Blogeria.cz,context,Tablet,Android,Neznámý,40 - 59,Zlínský kraj,1,0,0,0.0,0.0
2026-08-01,Blogeria.cz,context,Tablet,Android,Neznámý,40 - 59,Moravskoslezský kraj,1,0,0,0.0,0.0
2026-08-01,Blogeria.cz,context,Desktop,Windows,Muž,60+,Hlavní město Praha,49727,127,8,206.38,515.09
2026-08-01,Blogeria.cz,context,Desktop,Windows,Muž,60+,Středočeský kraj,640,3,0,0.0,6.63
2026-08-01,Blogeria.cz,context,Desktop,Windows,Muž,60+,Jihočeský kraj,13270,26,2,51.6,137.46
2026-08-01,Blogeria.cz,context,Desktop,Windows,Muž,60+,Plzeňský kraj,72613,148,11,283.78,752.16
2026-08-01,Blogeria.cz,context,Desktop,Windows,Muž,60+,Karlovarský kraj,62317,142,8,206.38,645.51
2026-08-01,Blogeria.cz,context,Desktop,Windows,Muž,60+,Ústecký kraj,69383,171,9,232.18,718.7
2026-08-01,Blogeria.cz,context,Desktop,Windows,Muž,60+,Liberecký kraj,4135,8,1,25.8,42.83
2026-08-01,Blogeria.cz,context,Desktop,Windows,Muž,60+,Královéhradecký kraj,25562,49,2,51.6,264.78
2026-08-01,Blogeria.cz,context,Desktop,Windows,Muž,60+,Pardubický kraj,14574,31,0,0.0,150.96
2026-08-01,Blogeria.cz,context,Desktop,Windows,Muž,60+,Kraj Vysočina,20206,57,4,103.19,209.3
2026-08-01,Blogeria.cz,context,Desktop,Windows,Muž,60+,Jihomoravský kraj,103578,272,11,283.78,1072.91
2026-08-01,Blogeria.cz,context,Desktop,Windows,Muž,60+,Olomoucký kraj,111851,281,16,412.77,1158.6
2026-08-01,Blogeria.cz,context,Desktop,Windows,Muž,60+,Zlínský kraj,54487,127,5,128.99,564.4
2026-08-01,Blogeria.cz,context,Desktop,Windows,Muž,60+,Moravskoslezský kraj,8977,22,1,25.8,92.99
2026-08-01,Drbárna.cz,context,SmartPhone,iOS,Žena,25 - 39,Hlavní město Praha,4247,5,0,0.0,33.71
2026-08-01,Drbárna.cz,context,SmartPhone,iOS,Žena,25 - 39,Středočeský kraj,54809,73,1,0.0,435.08
2026-08-01,Drbárna.cz,context,SmartPhone,iOS,Žena,25 - 39,Jihočeský kraj,12402,16,0,0.0,98.45
2026-08-01,Drbárna.cz,context,SmartPhone,iOS,Žena,25 - 39,Plzeňský kraj,5172,8,1,0.0,41.06
2026-08-01,Drbárna.cz,context,SmartPhone,iOS,Žena,25 - 39,Karlovarský kraj,3443,1,0,0.0,27.33
2026-08-01,Drbárna.cz,context,SmartPhone,iOS,Žena,25 - 39,Ústecký kraj,27011,31,0,0.0,214.42
2026-08-01,Drbárna.cz,context,SmartPhone,iOS,Žena,25 - 39,Liberecký kraj,18574,17,0,0.0,147.44
2026-08-01,Drbárna.cz,context,SmartPhone,iOS,Žena,25 - 39,Královéhradecký kraj,32708,43,1,0.0,259.64
2026-08-01,Drbárna.cz,context,SmartPhone,iOS,Žena,25 - 39,Pardubický kraj,5451,8,0,0.0,43.27
2026-08-01,Drbárna.cz,context,SmartPhone,iOS,Žena,25 - 39,Kraj Vysočina,13605,24,2,0.0,108.0
2026-08-01,Drbárna.cz,context,SmartPhone,iOS,Žena,25 - 39,Jihomoravský kraj,14429,17,0,0.0,114.54
2026-08-01,Drbárna.cz,context,SmartPhone,iOS,Žena,25 - 39,Olomoucký kraj,31694,30,1,0.0,251.59
2026-08-01,Drbárna.cz,context,SmartPhone,iOS,Žena,25 - 39,Zlínský kraj,3327,7,0,0.0,26.41
2026-08-01,Drbárna.cz,context,SmartPhone,iOS,Žena,25 - 39,Moravskoslezský kraj,18217,21,1,0.0,144.61
2026-08-01,Drbárna.cz,context,Desktop,ChromeOS,Žena,60+,Hlavní město Praha,299,2,0,0.0,3.85
2026-08-01,Drbárna.cz,context,Desktop,ChromeOS,Žena,60+,Středočeský kraj,439,0,0,0.0,5.65
2026-08-01,Drbárna.cz,context,Desktop,ChromeOS,Žena,60+,Jihočeský kraj,691,3,0,0.0,8.89
2026-08-01,Drbárna.cz,context,Desktop,ChromeOS,Žena,60+,Plzeňský kraj,516,1,0,0.0,6.64
2026-08-01,Drbárna.cz,context,Desktop,ChromeOS,Žena,60+,Karlovarský kraj,38,0,0,0.0,0.49
2026-08-01,Drbárna.cz,context,Desktop,ChromeOS,Žena,60+,Ústecký kraj,69,0,0,0.0,0.89
2026-08-01,Drbárna.cz,context,Desktop,ChromeOS,Žena,60+,Liberecký kraj,113,1,0,0.0,1.45
2026-08-01,Drbárna.cz,context,Desktop,ChromeOS,Žena,60+,Královéhradecký kraj,47,0,0,0.0,0.6
2026-08-01,Drbárna.cz,context,Desktop,ChromeOS,Žena,60+,Pardubický kraj,2149,5,0,0.0,27.66
2026-08-01,Drbárna.cz,context,Desktop,ChromeOS,Žena,60+,Kraj Vysočina,75,0,0,0.0,0.97
2026-08-01,Drbárna.cz,context,Desktop,ChromeOS,Žena,60+,Jihomoravský kraj,3016,14,0,0.0,38.82
2026-08-01,Drbárna.cz,context,Desktop,ChromeOS,Žena,60+,Olomoucký kraj,974,1,0,0.0,12.54
2026-08-01,Drbárna.cz,context,Desktop,ChromeOS,Žena,60+,Zlínský kraj,464,1,0,0.0,5.97
2026-08-01,Drbárna.cz,context,Desktop,ChromeOS,Žena,60+,Moravskoslezský kraj,44,0,0,0.0,0.57
2026-08-01,Drbárna.cz,context,Tv,,Žena,60+,Hlavní město Praha,11,1,0,0.0,0.1
2026-08-01,Drbárna.cz,context,Tv,,Žena,60+,Středočeský kraj,211,0,0,0.0,1.84
2026-08-01,Drbárna.cz,context,Tv,,Žena,60+,Jihočeský kraj,262,0,0,0.0,2.28
2026-08-01,Drbárna.cz,context,Tv,,Žena,60+,Plzeňský kraj,261,0,0,0.0,2.27
2026-08-01,Drbárna.cz,context,Tv,,Žena,60+,Karlovarský kraj,56,0,0,0.0,0.49
2026-08-01,Drbárna.cz,context,Tv,,Žena,60+,Ústecký kraj,18,0,0,0.0,0.16
2026-08-01,Drbárna.cz,context,Tv,,Žena,60+,Liberecký kraj,61,0,0,0.0,0.53
2026-08-01,Drbárna.cz,context,Tv,,Žena,60+,Královéhradecký kraj,210,2,0,0.0,1.83
2026-08-01,Drbárna.cz,context,Tv,,Žena,60+,Pardubický kraj,1207,4,0,0.0,10.5
2026-08-01,Drbárna.cz,context,Tv,,Žena,60+,Kraj Vysočina,63,0,0,0.0,0.55
2026-08-01,Drbárna.cz,context,Tv,,Žena,60+,Jihomoravský kraj,166,0,0,0.0,1.44
2026-08-01,Drbárna.cz,context,Tv,,Žena,60+,Olomoucký kraj,70,1,0,0.0,0.61
2026-08-01,Drbárna.cz,context,Tv,,Žena,60+,Zlínský kraj,283,1,0,0.0,2.46
2026-08-01,Drbárna.cz,context,Tv,,Žena,60+,Moravskoslezský kraj,393,1,0,0.0,3.42
2026-08-01,Drbárna.cz,context,Tablet,Android,Neznámý,40 - 59,Hlavní město Praha,1,0,0,0.0,0.0
2026-08-01,Drbárna.cz,context,Tablet,Android,Neznámý,40 - 59,Středočeský kraj,1,0,0,0.0,0.0
2026-08-01,Drbárna.cz,context,Tablet,Android,Neznámý,40 - 59,Jihočeský kraj,1,0,0,0.0,0.0
2026-08-01,Drbárna.cz,context,Tablet,Android,Neznámý,40 - 59,Plzeňský kraj,1,0,0,0.0,0.0
2026-08-01,Drbárna.cz,context,Tablet,Android,Neznámý,40 - 59,Karlovarský kraj,1,0,0,0.0,0.0
2026-08-01,Drbárna.cz,context,Tablet,Android,Neznámý,40 - 59,Ústecký kraj,1,0,0,0.0,0.0
2026-08-01,Drbárna.cz,context,Tablet,Android,Neznámý,40 - 59,Liberecký kraj,1,0,0,0.0,0.0
2026-08-01,Drbárna.cz,context,Tablet,Android,Neznámý,40 - 59,Královéhradecký kraj,1,0,0,0.0,0.0
2026-08-01,Drbárna.cz,context,Tablet,Android,Neznámý,40 - 59,Pardubický kraj,1,0,0,0.0,0.0
2026-08-01,Drbárna.cz,context,Tablet,Android,Neznámý,40 - 59,Kraj Vysočina,1,0,0,0.0,0.0
2026-08-01,Drbárna.cz,context,Tablet,Android,Neznámý,40 - 59,Jihomoravský kraj,1,0,0,0.0,0.0
2026-08-01,Drbárna.cz,context,Tablet,Android,Neznámý,40 - 59,Olomoucký kraj,1,0,0,0.0,0.0
2026-08-01,Drbárna.cz,context,Tablet,Android,Neznámý,40 - 59,Zlínský kraj,1,0,0,0.0,0.0
2026-08-01,Drbárna.cz,context,Tablet,Android,Neznámý,40 - 59,Moravskoslezský kraj,1,0,0,0.0,0.0
2026-08-01,Drbárna.cz,context,SmartPhone,,Neznámý,Neznámý,Hlavní město Praha,1160,2,0,0.0,5.11
2026-08-01,Drbárna.cz,context,SmartPhone,,Neznámý,Neznámý,Středočeský kraj,26,0,0,0.0,0.11
2026-08-01,Drbárna.cz,context,SmartPhone,,Neznámý,Neznámý,Jihočeský kraj,72,0,0,0.0,0.32
2026-08-01,Drbárna.cz,context,SmartPhone,,Neznámý,Neznámý,Plzeňský kraj,610,1,0,0.0,2.69
2026-08-01,Drbárna.cz,context,SmartPhone,,Neznámý,Neznámý,Karlovarský kraj,132,1,0,0.0,0.58
2026-08-01,Drbárna.cz,context,SmartPhone,,Neznámý,Neznámý,Ústecký kraj,1249,1,0,0.0,5.5
2026-08-01,Drbárna.cz,context,SmartPhone,,Neznámý,Neznámý,Liberecký kraj,855,1,0,0.0,3.77
2026-08-01,Drbárna.cz,context,SmartPhone,,Neznámý,Neznámý,Královéhradecký kraj,387,1,0,0.0,1.7
2026-08-01,Drbárna.cz,context,SmartPhone,,Neznámý,Neznámý,Pardubický kraj,1894,2,0,0.0,8.34
2026-08-01,Drbárna.cz,context,SmartPhone,,Neznámý,Neznámý,Kraj Vysočina,50,0,0,0.0,0.22
2026-08-01,Drbárna.cz,context,SmartPhone,,Neznámý,Neznámý,Jihomoravský kraj,728,1,0,0.0,3.21
2026-08-01,Drbárna.cz,context,SmartPhone,,Neznámý,Neznámý,Olomoucký kraj,194,0,0,0.0,0.85
2026-08-01,Drbárna.cz,context,SmartPhone,,Neznámý,Neznámý,Zlínský kraj,260,0,0,0.0,1.15
2026-08-01,Drbárna.cz,context,SmartPhone,,Neznámý,Neznámý,Moravskoslezský kraj,1282,3,0,0.0,5.65
2026-08-01,Kliknito.cz,context,Desktop,Windows,Neznámý,60+,Hlavní město Praha,2,0,0,0.0,0.01
2026-08-01,Kliknito.cz,context,Desktop,Windows,Neznámý,60+,Středočeský kraj,11,0,0,0.0,0.03
2026-08-01,Kliknito.cz,context,Desktop,Windows,Neznámý,60+,Jihočeský kraj,45,0,0,0.0,0.12
2026-08-01,Kliknito.cz,context,Desktop,Windows,Neznámý,60+,Plzeňský kraj,1,0,0,0.0,0.0
2026-08-01,Kliknito.cz,context,Desktop,Windows,Neznámý,60+,Karlovarský kraj,59,0,0,0.0,0.16
2026-08-01,Kliknito.cz,context,Desktop,Windows,Neznámý,60+,Ústecký kraj,11,0,0,0.0,0.03
2026-08-01,Kliknito.cz,context,Desktop,Windows,Neznámý,60+,Liberecký kraj,32,0,0,0.0,0.09
2026-08-01,Kliknito.cz,context,Desktop,Windows,Neznámý,60+,Královéhradecký kraj,19,0,0,0.0,0.05
2026-08-01,Kliknito.cz,context,Desktop,Windows,Neznámý,60+,Pardubický kraj,18,0,0,0.0,0.05
2026-08-01,Kliknito.cz,context,Desktop,Windows,Neznámý,60+,Kraj Vysočina,45,0,0,0.0,0.12
2026-08-01,Kliknito.cz,context,Desktop,Windows,Neznámý,60+,Jihomoravský kraj,2,0,0,0.0,0.01
2026-08-01,Kliknito.cz,context,Desktop,Windows,Neznámý,60+,Olomoucký kraj,34,0,0,0.0,0.09
2026-08-01,Kliknito.cz,context,Desktop,Windows,Neznámý,60+,Zlínský kraj,5,0,0,0.0,0.01
2026-08-01,Kliknito.cz,context,Desktop,Windows,Neznámý,60+,Moravskoslezský kraj,18,0,0,0.0,0.05
2026-08-01,Kliknito.cz,context,SmallScreen,Android,Žena,Neznámý,Hlavní město Praha,3,0,0,0.0,0.0
2026-08-01,Kliknito.cz,context,SmallScreen,Android,Žena,Neznámý,Středočeský kraj,2,0,0,0.0,0.0
2026-08-01,Kliknito.cz,context,SmallScreen,Android,Žena,Neznámý,Jihočeský kraj,1,0,0,0.0,0.0
2026-08-01,Kliknito.cz,context,SmallScreen,Android,Žena,Neznámý,Plzeňský kraj,1,0,0,0.0,0.0
2026-08-01,Kliknito.cz,context,SmallScreen,Android,Žena,Neznámý,Karlovarský kraj,1,0,0,0.0,0.0
2026-08-01,Kliknito.cz,context,SmallScreen,Android,Žena,Neznámý,Ústecký kraj,5,0,0,0.0,0.0
2026-08-01,Kliknito.cz,context,SmallScreen,Android,Žena,Neznámý,Liberecký kraj,1,0,0,0.0,0.0
2026-08-01,Kliknito.cz,context,SmallScreen,Android,Žena,Neznámý,Královéhradecký kraj,2,0,0,0.0,0.0
2026-08-01,Kliknito.cz,context,SmallScreen,Android,Žena,Neznámý,Pardubický kraj,1,0,0,0.0,0.0
2026-08-01,Kliknito.cz,context,SmallScreen,Android,Žena,Neznámý,Kraj Vysočina,2,0,0,0.0,0.0
2026-08-01,Kliknito.cz,context,SmallScreen,Android,Žena,Neznámý,Jihomoravský kraj,1,0,0,0.0,0.0
2026-08-01,Kliknito.cz,context,SmallScreen,Android,Žena,Neznámý,Olomoucký kraj,2,0,0,0.0,0.0
2026-08-01,Kliknito.cz,context,SmallScreen,Android,Žena,Neznámý,Zlínský kraj,2,0,0,0.0,0.0
2026-08-01,Kliknito.cz,context,SmallScreen,Android,Žena,Neznámý,Moravskoslezský kraj,1,0,0,0.0,0.0
2026-08-01,Kliknito.cz,context,Tv,,Muž,18 - 24,Hlavní město Praha,1,0,0,0.0,0.0
2026-08-01,Kliknito.cz,context,Tv,,Muž,18 - 24,Středočeský kraj,5,0,0,0.0,0.0
2026-08-01,Kliknito.cz,context,Tv,,Muž,18 - 24,Jihočeský kraj,1,0,0,0.0,0.0
2026-08-01,Kliknito.cz,context,Tv,,Muž,18 - 24,Plzeňský kraj,3,0,0,0.0,0.0
2026-08-01,Kliknito.cz,context,Tv,,Muž,18 - 24,Karlovarský kraj,1,0,0,0.0,0.0
2026-08-01,Kliknito.cz,context,Tv,,Muž,18 - 24,Ústecký kraj,1,0,0,0.0,0.0
2026-08-01,Kliknito.cz,context,Tv,,Muž,18 - 24,Liberecký kraj,4,0,0,0.0,0.0
2026-08-01,Kliknito.cz,context,Tv,,Muž,18 - 24,Královéhradecký kraj,1,0,0,0.0,0.0
2026-08-01,Kliknito.cz,context,Tv,,Muž,18 - 24,Pardubický kraj,6,0,0,0.0,0.0
2026-08-01,Kliknito.cz,context,Tv,,Muž,18 - 24,Kraj Vysočina,9,0,0,0.0,0.0
2026-08-01,Kliknito.cz,context,Tv,,Muž,18 - 24,Jihomoravský kraj,2,0,0,0.0,0.0
2026-08-01,Kliknito.cz,context,Tv,,Muž,18 - 24,Olomoucký kraj,4,0,0,0.0,0.0
2026-08-01,Kliknito.cz,context,Tv,,Muž,18 - 24,Zlínský kraj,10,0,0,0.0,0.0
2026-08-01,Kliknito.cz,context,Tv,,Muž,18 - 24,Moravskoslezský kraj,9,0,0,0.0,0.0
2026-08-01,Kopačka.cz,context,SmartPhone,,Muž,40 - 59,Hlavní město Praha,2941,5,2,4.63,77.27
2026-08-01,Kopačka.cz,context,SmartPhone,,Muž,40 - 59,Středočeský kraj,734,1,0,0.0,19.29
2026-08-01,Kopačka.cz,context,SmartPhone,,Muž,40 - 59,Jihočeský kraj,778,2,0,0.0,20.44
2026-08-01,Kopačka.cz,context,SmartPhone,,Muž,40 - 59,Plzeňský kraj,127,0,0,0.0,3.34
2026-08-01,Kopačka.cz,context,SmartPhone,,Muž,40 - 59,Karlovarský kraj,1606,1,0,0.0,42.2
2026-08-01,Kopačka.cz,context,SmartPhone,,Muž,40 - 59,Ústecký kraj,587,1,0,0.0,15.42
2026-08-01,Kopačka.cz,context,SmartPhone,,Muž,40 - 59,Liberecký kraj,90,0,0,0.0,2.36
2026-08-01,Kopačka.cz,context,SmartPhone,,Muž,40 - 59,Královéhradecký kraj,1216,1,1,2.32,31.95
2026-08-01,Kopačka.cz,context,SmartPhone,,Muž,40 - 59,Pardubický kraj,1307,2,0,0.0,34.34
2026-08-01,Kopačka.cz,context,SmartPhone,,Muž,40 - 59,Kraj Vysočina,226,0,0,0.0,5.94
2026-08-01,Kopačka.cz,context,SmartPhone,,Muž,40 - 59,Jihomoravský kraj,574,0,0,0.0,15.08
2026-08-01,Kopačka.cz,context,SmartPhone,,Muž,40 - 59,Olomoucký kraj,847,2,0,0.0,22.25
2026-08-01,Kopačka.cz,context,SmartPhone,,Muž,40 - 59,Zlínský kraj,417,1,0,0.0,10.96
2026-08-01,Kopačka.cz,context,SmartPhone,,Muž,40 - 59,Moravskoslezský kraj,237,0,0,0.0,6.23
2026-08-01,Kopačka.cz,context,,,Žena,Neznámý,Hlavní město Praha,1,0,0,0.0,0.0
2026-08-01,Kopačka.cz,context,,,Žena,Neznámý,Středočeský kraj,1,0,0,0.0,0.0
2026-08-01,Kopačka.cz,context,,,Žena,Neznámý,Jihočeský kraj,1,0,0,0.0,0.0
2026-08-01,Kopačka.cz,context,,,Žena,Neznámý,Plzeňský kraj,1,0,0,0.0,0.0
2026-08-01,Kopačka.cz,context,,,Žena,Neznámý,Karlovarský kraj,1,0,0,0.0,0.0
2026-08-01,Kopačka.cz,context,,,Žena,Neznámý,Ústecký kraj,1,0,0,0.0,0.0
2026-08-01,Kopačka.cz,context,,,Žena,Neznámý,Liberecký kraj,1,0,0,0.0,0.0
2026-08-01,Kopačka.cz,context,,,Žena,Neznámý,Královéhradecký kraj,1,0,0,0.0,0.0
2026-08-01,Kopačka.cz,context,,,Žena,Neznámý,Pardubický kraj,1,0,0,0.0,0.0
2026-08-01,Kopačka.cz,context,,,Žena,Neznámý,Kraj Vysočina,1,0,0,0.0,0.0
2026-08-01,Kopačka.cz,context,,,Žena,Neznámý,Jihomoravský kraj,1,0,0,0.0,0.0
2026-08-01,Kopačka.cz,context,,,Žena,Neznámý,Olomoucký kraj,1,0,0,0.0,0.0
2026-08-01,Kopačka.cz,context,,,Žena,Neznámý,Zlínský kraj,1,0,0,0.0,0.0
2026-08-01,Kopačka.cz,context,,,Žena,Neznámý,Moravskoslezský kraj,1,0,0,0.0,0.0
2026-08-01,Kámoši.net,context,Desktop,Windows,Muž,40 - 59,Hlavní město Praha,1049,5,2,0.0,8.23
2026-08-01,Kámoši.net,context,Desktop,Windows,Muž,40 - 59,Středočeský kraj,7601,19,2,0.0,59.67
2026-08-01,Kámoši.net,context,Desktop,Windows,Muž,40 - 59,Jihočeský kraj,26725,65,8,0.0,209.79
2026-08-01,Kámoši.net,context,Desktop,Windows,Muž,40 - 59,Plzeňský kraj,20084,45,5,0.0,157.66
2026-08-01,Kámoši.net,context,Desktop,Windows,Muž,40 - 59,Karlovarský kraj,3014,5,1,0.0,23.66
2026-08-01,Kámoši.net,context,Desktop,Windows,Muž,40 - 59,Ústecký kraj,61463,131,14,0.0,482.47
2026-08-01,Kámoši.net,context,Desktop,Windows,Muž,40 - 59,Liberecký kraj,191,1,0,0.0,1.5
2026-08-01,Kámoši.net,context,Desktop,Windows,Muž,40 - 59,Královéhradecký kraj,7550,10,0,0.0,59.27
2026-08-01,Kámoši.net,context,Desktop,Windows,Muž,40 - 59,Pardubický kraj,7485,13,0,0.0,58.76
2026-08-01,Kámoši.net,context,Desktop,Windows,Muž,40 - 59,Kraj Vysočina,11705,26,4,0.0,91.88
2026-08-01,Kámoši.net,context,Desktop,Windows,Muž,40 - 59,Jihomoravský kraj,17539,36,4,0.0,137.68
2026-08-01,Kámoši.net,context,Desktop,Windows,Muž,40 - 59,Olomoucký kraj,6388,16,0,0.0,50.14
2026-08-01,Kámoši.net,context,Desktop,Windows,Muž,40 - 59,Zlínský kraj,36777,81,9,0.0,288.69
2026-08-01,Kámoši.net,context,Desktop,Windows,Muž,40 - 59,Moravskoslezský kraj,2313,8,3,0.0,18.16
2026-08-01,Kámoši.net,context,,,Žena,25 - 39,Hlavní město Praha,1,0,0,0.0,0.0
2026-08-01,Kámoši.net,context,,,Žena,25 - 39,Středočeský kraj,1,0,0,0.0,0.0
2026-08-01,Kámoši.net,context,,,Žena,25 - 39,Jihočeský kraj,1,0,0,0.0,0.0
2026-08-01,Kámoši.net,context,,,Žena,25 - 39,Plzeňský kraj,1,0,0,0.0,0.0
2026-08-01,Kámoši.net,context,,,Žena,25 - 39,Karlovarský kraj,1,0,0,0.0,0.0
2026-08-01,Kámoši.net,context,,,Žena,25 - 39,Ústecký kraj,1,0,0,0.0,0.0
2026-08-01,Kámoši.net,context,,,Žena,25 - 39,Liberecký kraj,1,0,0,0.0,0.0
2026-08-01,Kámoši.net,context,,,Žena,25 - 39,Královéhradecký kraj,1,0,0,0.0,0.0
2026-08-01,Kámoši.net,context,,,Žena,25 - 39,Pardubický kraj,1,0,0,0.0,0.0
2026-08-01,Kámoši.net,context,,,Žena,25 - 39,Kraj Vysočina,1,0,0,0.0,0.0
2026-08-01,Kámoši.net,context,,,Žena,25 - 39,Jihomoravský kraj,1,0,0,0.0,0.0
2026-08-01,Kámoši.net,context,,,Žena,25 - 39,Olomoucký kraj,1,0,0,0.0,0.0
2026-08-01,Kámoši.net,context,,,Žena,25 - 39,Zlínský kraj,1,0,0,0.0,0.0
2026-08-01,Kámoši.net,context,,,Žena,25 - 39,Moravskoslezský kraj,1,0,0,0.0,0.0
2026-08-01,Pozdní Zprávy,context,Tablet,iPadOS,Muž,Neznámý,Hlavní město Praha,844,2,0,0.0,8.15
2026-08-01,Pozdní Zprávy,context,Tablet,iPadOS,Muž,Neznámý,Středočeský kraj,11,0,0,0.0,0.11
2026-08-01,Pozdní Zprávy,context,Tablet,iPadOS,Muž,Neznámý,Jihočeský kraj,24,0,0,0.0,0.23
2026-08-01,Pozdní Zprávy,context,Tablet,iPadOS,Muž,Neznámý,Plzeňský kraj,16,0,0,0.0,0.15
2026-08-01,Pozdní Zprávy,context,Tablet,iPadOS,Muž,Neznámý,Karlovarský kraj,89,0,0,0.0,0.86
2026-08-01,Pozdní Zprávy,context,Tablet,iPadOS,Muž,Neznámý,Ústecký kraj,36,0,0,0.0,0.35
2026-08-01,Pozdní Zprávy,context,Tablet,iPadOS,Muž,Neznámý,Liberecký kraj,194,0,0,0.0,1.87
2026-08-01,Pozdní Zprávy,context,Tablet,iPadOS,Muž,Neznámý,Královéhradecký kraj,62,0,0,0.0,0.6
2026-08-01,Pozdní Zprávy,context,Tablet,iPadOS,Muž,Neznámý,Pardubický kraj,253,0,0,0.0,2.44
2026-08-01,Pozdní Zprávy,context,Tablet,iPadOS,Muž,Neznámý,Kraj Vysočina,291,4,0,0.0,2.81
2026-08-01,Pozdní Zprávy,context,Tablet,iPadOS,Muž,Neznámý,Jihomoravský kraj,56,1,0,0.0,0.54
2026-08-01,Pozdní Zprávy,context,Tablet,iPadOS,Muž,Neznámý,Olomoucký kraj,605,2,0,0.0,5.84
2026-08-01,Pozdní Zprávy,context,Tablet,iPadOS,Muž,Neznámý,Zlínský kraj,423,0,0,0.0,4.09
2026-08-01,Pozdní Zprávy,context,Tablet,iPadOS,Muž,Neznámý,Moravskoslezský kraj,180,0,0,0.0,1.74
2026-08-01,Pozdní Zprávy,context,Desktop,macOS,Muž,60+,Hlavní město Praha,6315,26,1,315.57,131.83
2026-08-01,Pozdní Zprávy,context,Desktop,macOS,Muž,60+,Středočeský kraj,3466,7,0,0.0,72.36
2026-08-01,Pozdní Zprávy,context,Desktop,macOS,Muž,60+,Jihočeský kraj,20178,79,3,946.71,421.24
2026-08-01,Pozdní Zprávy,context,Desktop,macOS,Muž,60+,Plzeňský kraj,3830,16,0,0.0,79.96
2026-08-01,Pozdní Zprávy,context,Desktop,macOS,Muž,60+,Karlovarský kraj,4319,22,1,315.57,90.16
2026-08-01,Pozdní Zprávy,context,Desktop,macOS,Muž,60+,Ústecký kraj,22366,88,4,1262.27,466.91
2026-08-01,Pozdní Zprávy,context,Desktop,macOS,Muž,60+,Liberecký kraj,1519,8,0,0.0,31.71
2026-08-01,Pozdní Zprávy,context,Desktop,macOS,Muž,60+,Královéhradecký kraj,2577,13,0,0.0,53.8
2026-08-01,Pozdní Zprávy,context,Desktop,macOS,Muž,60+,Pardubický kraj,6303,26,1,315.57,131.58
2026-08-01,Pozdní Zprávy,context,Desktop,macOS,Muž,60+,Kraj Vysočina,9310,36,0,0.0,194.36
2026-08-01,Pozdní Zprávy,context,Desktop,macOS,Muž,60+,Jihomoravský kraj,7980,33,0,0.0,166.59
2026-08-01,Pozdní Zprávy,context,Desktop,macOS,Muž,60+,Olomoucký kraj,1936,5,0,0.0,40.42
2026-08-01,Pozdní Zprávy,context,Desktop,macOS,Muž,60+,Zlínský kraj,11672,41,0,0.0,243.67
2026-08-01,Pozdní Zprávy,context,Desktop,macOS,Muž,60+,Moravskoslezský kraj,24969,107,3,946.71,521.26
2026-08-01,Pozdní Zprávy,context,MediaHub,Android,Muž,Neznámý,Hlavní město Praha,1,0,0,0.0,0.0
2026-08-01,Pozdní Zprávy,context,MediaHub,Android,Muž,Neznámý,Středočeský kraj,1,0,0,0.0,0.0
2026-08-01,Pozdní Zprávy,context,MediaHub,Android,Muž,Neznámý,Jihočeský kraj,1,0,0,0.0,0.0
2026-08-01,Pozdní Zprávy,context,MediaHub,Android,Muž,Neznámý,Plzeňský kraj,1,0,0,0.0,0.0
2026-08-01,Pozdní Zprávy,context,MediaHub,Android,Muž,Neznámý,Karlovarský kraj,1,0,0,0.0,0.0
2026-08-01,Pozdní Zprávy,context,MediaHub,Android,Muž,Neznámý,Ústecký kraj,1,0,0,0.0,0.0
2026-08-01,Pozdní Zprávy,context,MediaHub,Android,Muž,Neznámý,Liberecký kraj,1,0,0,0.0,0.0
2026-08-01,Pozdní Zprávy,context,MediaHub,Android,Muž,Neznámý,Královéhradecký kraj,1,0,0,0.0,0.0
2026-08-01,Pozdní Zprávy,context,MediaHub,Android,Muž,Neznámý,Pardubický kraj,1,0,0,0.0,0.0
2026-08-01,Pozdní Zprávy,context,MediaHub,Android,Muž,Neznámý,Kraj Vysočina,1,0,0,0.0,0.0
2026-08-01,Pozdní Zprávy,context,MediaHub,Android,Muž,Neznámý,Jihomoravský kraj,1,0,0,0.0,0.0
2026-08-01,Pozdní Zprávy,context,MediaHub,Android,Muž,Neznámý,Olomoucký kraj,1,0,0,0.0,0.0
2026-08-01,Pozdní Zprávy,context,MediaHub,Android,Muž,Neznámý,Zlínský kraj,1,0,0,0.0,0.0
2026-08-01,Pozdní Zprávy,context,MediaHub,Android,Muž,Neznámý,Moravskoslezský kraj,1,0,0,0.0,0.0
2026-08-01,Pozdní Zprávy,context,Console,Windows,Neznámý,Neznámý,Hlavní město Praha,1,0,0,0.0,0.0
2026-08-01,Pozdní Zprávy,context,Console,Windows,Neznámý,Neznámý,Středočeský kraj,1,0,0,0.0,0.0
2026-08-01,Pozdní Zprávy,context,Console,Windows,Neznámý,Neznámý,Jihočeský kraj,1,0,0,0.0,0.0
2026-08-01,Pozdní Zprávy,context,Console,Windows,Neznámý,Neznámý,Plzeňský kraj,2,0,0,0.0,0.0
2026-08-01,Pozdní Zprávy,context,Console,Windows,Neznámý,Neznámý,Karlovarský kraj,2,0,0,0.0,0.0
2026-08-01,Pozdní Zprávy,context,Console,Windows,Neznámý,Neznámý,Ústecký kraj,1,0,0,0.0,0.0
2026-08-01,Pozdní Zprávy,context,Console,Windows,Neznámý,Neznámý,Liberecký kraj,1,0,0,0.0,0.0
2026-08-01,Pozdní Zprávy,context,Console,Windows,Neznámý,Neznámý,Královéhradecký kraj,1,0,0,0.0,0.0
2026-08-01,Pozdní Zprávy,context,Console,Windows,Neznámý,Neznámý,Pardubický kraj,1,0,0,0.0,0.0
2026-08-01,Pozdní Zprávy,context,Console,Windows,Neznámý,Neznámý,Kraj Vysočina,3,0,0,0.0,0.0
2026-08-01,Pozdní Zprávy,context,Console,Windows,Neznámý,Neznámý,Jihomoravský kraj,1,0,0,0.0,0.0
2026-08-01,Pozdní Zprávy,context,Console,Windows,Neznámý,Neznámý,Olomoucký kraj,1,0,0,0.0,0.0
2026-08-01,Pozdní Zprávy,context,Console,Windows,Neznámý,Neznámý,Zlínský kraj,2,0,0,0.0,0.0
2026-08-01,Pozdní Zprávy,context,Console,Windows,Neznámý,Neznámý,Moravskoslezský kraj,1,0,0,0.0,0.0
2026-08-01,Poštovna.cz,context,,,Muž,40 - 59,Hlavní město Praha,1,0,0,0.0,0.0
2026-08-01,Poštovna.cz,context,,,Muž,40 - 59,Středočeský kraj,1,0,0,0.0,0.0
2026-08-01,Poštovna.cz,context,,,Muž,40 - 59,Jihočeský kraj,1,0,0,0.0,0.0
2026-08-01,Poštovna.cz,context,,,Muž,40 - 59,Plzeňský kraj,1,0,0,0.0,0.0
2026-08-01,Poštovna.cz,context,,,Muž,40 - 59,Karlovarský kraj,1,0,0,0.0,0.0
2026-08-01,Poštovna.cz,context,,,Muž,40 - 59,Ústecký kraj,1,0,0,0.0,0.0
2026-08-01,Poštovna.cz,context,,,Muž,40 - 59,Liberecký kraj,1,0,0,0.0,0.0
2026-08-01,Poštovna.cz,context,,,Muž,40 - 59,Královéhradecký kraj,1,0,0,0.0,0.0
2026-08-01,Poštovna.cz,context,,,Muž,40 - 59,Pardubický kraj,1,0,0,0.0,0.0
2026-08-01,Poštovna.cz,context,,,Muž,40 - 59,Kraj Vysočina,1,0,0,0.0,0.0
2026-08-01,Poštovna.cz,context,,,Muž,40 - 59,Jihomoravský kraj,1,0,0,0.0,0.0
2026-08-01,Poštovna.cz,context,,,Muž,40 - 59,Olomoucký kraj,1,0,0,0.0,0.0
2026-08-01,Poštovna.cz,context,,,Muž,40 - 59,Zlínský kraj,1,0,0,0.0,0.0
2026-08-01,Poštovna.cz,context,,,Muž,40 - 59,Moravskoslezský kraj,1,0,0,0.0,0.0
2026-08-01,Poštovna.cz,context,Tablet,iPadOS,Muž,Neznámý,Hlavní město Praha,6,0,0,0.0,0.0
2026-08-01,Poštovna.cz,context,Tablet,iPadOS,Muž,Neznámý,Středočeský kraj,7,0,0,0.0,0.0
2026-08-01,Poštovna.cz,context,Tablet,iPadOS,Muž,Neznámý,Jihočeský kraj,4,0,0,0.0,0.0
2026-08-01,Poštovna.cz,context,Tablet,iPadOS,Muž,Neznámý,Plzeňský kraj,1,0,0,0.0,0.0
2026-08-01,Poštovna.cz,context,Tablet,iPadOS,Muž,Neznámý,Karlovarský kraj,1,0,0,0.0,0.0
2026-08-01,Poštovna.cz,context,Tablet,iPadOS,Muž,Neznámý,Ústecký kraj,5,0,0,0.0,0.0
2026-08-01,Poštovna.cz,context,Tablet,iPadOS,Muž,Neznámý,Liberecký kraj,10,0,0,0.0,0.0
2026-08-01,Poštovna.cz,context,Tablet,iPadOS,Muž,Neznámý,Královéhradecký kraj,13,0,0,0.0,0.0
2026-08-01,Poštovna.cz,context,Tablet,iPadOS,Muž,Neznámý,Pardubický kraj,8,0,0,0.0,0.0
2026-08-01,Poštovna.cz,context,Tablet,iPadOS,Muž,Neznámý,Kraj Vysočina,1,0,0,0.0,0.0
2026-08-01,Poštovna.cz,context,Tablet,iPadOS,Muž,Neznámý,Jihomoravský kraj,9,0,0,0.0,0.0
2026-08-01,Poštovna.cz,context,Tablet,iPadOS,Muž,Neznámý,Olomoucký kraj,18,0,0,0.0,0.0
2026-08-01,Poštovna.cz,context,Tablet,iPadOS,Muž,Neznámý,Zlínský kraj,2,0,0,0.0,0.0
2026-08-01,Poštovna.cz,context,Tablet,iPadOS,Muž,Neznámý,Moravskoslezský kraj,35,0,0,0.0,0.0
2026-08-01,Poštovna.cz,context,SmartPhone,Android,Žena,25 - 39,Hlavní město Praha,8743,17,0,0.0,180.57
2026-08-01,Poštovna.cz,context,SmartPhone,Android,Žena,25 - 39,Středočeský kraj,5612,5,0,0.0,115.9
2026-08-01,Poštovna.cz,context,SmartPhone,Android,Žena,25 - 39,Jihočeský kraj,845,1,0,0.0,17.45
2026-08-01,Poštovna.cz,context,SmartPhone,Android,Žena,25 - 39,Plzeňský kraj,4346,7,0,0.0,89.76
2026-08-01,Poštovna.cz,context,SmartPhone,Android,Žena,25 - 39,Karlovarský kraj,3193,3,0,0.0,65.94
2026-08-01,Poštovna.cz,context,SmartPhone,Android,Žena,25 - 39,Ústecký kraj,1921,4,1,1048.36,39.67
2026-08-01,Poštovna.cz,context,SmartPhone,Android,Žena,25 - 39,Liberecký kraj,6466,14,1,1048.36,133.54
2026-08-01,Poštovna.cz,context,SmartPhone,Android,Žena,25 - 39,Královéhradecký kraj,1022,2,0,0.0,21.11
2026-08-01,Poštovna.cz,context,SmartPhone,Android,Žena,25 - 39,Pardubický kraj,15244,22,1,1048.36,314.83
2026-08-01,Poštovna.cz,context,SmartPhone,Android,Žena,25 - 39,Kraj Vysočina,579,1,0,0.0,11.96
2026-08-01,Poštovna.cz,context,SmartPhone,Android,Žena,25 - 39,Jihomoravský kraj,2388,2,0,0.0,49.32
2026-08-01,Poštovna.cz,context,SmartPhone,Android,Žena,25 - 39,Olomoucký kraj,143,0,0,0.0,2.95
2026-08-01,Poštovna.cz,context,SmartPhone,Android,Žena,25 - 39,Zlínský kraj,1740,1,0,0.0,35.94
2026-08-01,Poštovna.cz,context,SmartPhone,Android,Žena,25 - 39,Moravskoslezský kraj,1779,4,0,0.0,36.74
2026-08-01,Poštovna.cz,context,Desktop,macOS,Muž,60+,Hlavní město Praha,262,0,0,0.0,6.84
2026-08-01,Poštovna.cz,context,Desktop,macOS,Muž,60+,Středočeský kraj,535,3,0,0.0,13.96
2026-08-01,Poštovna.cz,context,Desktop,macOS,Muž,60+,Jihočeský kraj,376,2,0,0.0,9.81
2026-08-01,Poštovna.cz,context,Desktop,macOS,Muž,60+,Plzeňský kraj,35,0,0,0.0,0.91
2026-08-01,Poštovna.cz,context,Desktop,macOS,Muž,60+,Karlovarský kraj,1366,1,0,0.0,35.65
2026-08-01,Poštovna.cz,context,Desktop,macOS,Muž,60+,Ústecký kraj,1395,4,0,0.0,36.41
2026-08-01,Poštovna.cz,context,Desktop,macOS,Muž,60+,Liberecký kraj,691,3,0,0.0,18.03
2026-08-01,Poštovna.cz,context,Desktop,macOS,Muž,60+,Královéhradecký kraj,308,4,0,0.0,8.04
2026-08-01,Poštovna.cz,context,Desktop,macOS,Muž,60+,Pardubický kraj,1190,7,0,0.0,31.06
2026-08-01,Poštovna.cz,context,Desktop,macOS,Muž,60+,Kraj Vysočina,300,1,0,0.0,7.83
2026-08-01,Poštovna.cz,context,Desktop,macOS,Muž,60+,Jihomoravský kraj,1598,5,0,0.0,41.71
2026-08-01,Poštovna.cz,context,Desktop,macOS,Muž,60+,Olomoucký kraj,976,2,0,0.0,25.47
2026-08-01,Poštovna.cz,context,Desktop,macOS,Muž,60+,Zlínský kraj,121,1,0,0.0,3.16
2026-08-01,Poštovna.cz,context,Desktop,macOS,Muž,60+,Moravskoslezský kraj,760,2,0,0.0,19.84
2026-08-01,ProTety.cz,context,Tablet,Android,Muž,Neznámý,Hlavní město Praha,3,0,0,0.0,0.02
2026-08-01,ProTety.cz,context,Tablet,Android,Muž,Neznámý,Středočeský kraj,86,1,0,0.0,0.67
2026-08-01,ProTety.cz,context,Tablet,Android,Muž,Neznámý,Jihočeský kraj,25,0,0,0.0,0.2
2026-08-01,ProTety.cz,context,Tablet,Android,Muž,Neznámý,Plzeňský kraj,87,0,0,0.0,0.68
2026-08-01,ProTety.cz,context,Tablet,Android,Muž,Neznámý,Karlovarský kraj,55,0,0,0.0,0.43
2026-08-01,ProTety.cz,context,Tablet,Android,Muž,Neznámý,Ústecký kraj,27,0,0,0.0,0.21
2026-08-01,ProTety.cz,context,Tablet,Android,Muž,Neznámý,Liberecký kraj,6,0,0,0.0,0.05
2026-08-01,ProTety.cz,context,Tablet,Android,Muž,Neznámý,Královéhradecký kraj,84,0,0,0.0,0.66
2026-08-01,ProTety.cz,context,Tablet,Android,Muž,Neznámý,Pardubický kraj,43,0,0,0.0,0.34
2026-08-01,ProTety.cz,context,Tablet,Android,Muž,Neznámý,Kraj Vysočina,21,0,0,0.0,0.16
2026-08-01,ProTety.cz,context,Tablet,Android,Muž,Neznámý,Jihomoravský kraj,18,0,0,0.0,0.14
2026-08-01,ProTety.cz,context,Tablet,Android,Muž,Neznámý,Olomoucký kraj,32,0,0,0.0,0.25
2026-08-01,ProTety.cz,context,Tablet,Android,Muž,Neznámý,Zlínský kraj,104,0,0,0.0,0.82
2026-08-01,ProTety.cz,context,Tablet,Android,Muž,Neznámý,Moravskoslezský kraj,23,0,0,0.0,0.18
2026-08-01,ProTety.cz,context,Tablet,,Muž,60+,Hlavní město Praha,4,0,0,0.0,0.06
2026-08-01,ProTety.cz,context,Tablet,,Muž,60+,Středočeský kraj,43,0,0,0.0,0.61
2026-08-01,ProTety.cz,context,Tablet,,Muž,60+,Jihočeský kraj,59,0,0,0.0,0.84
2026-08-01,ProTety.cz,context,Tablet,,Muž,60+,Plzeňský kraj,24,0,0,0.0,0.34
2026-08-01,ProTety.cz,context,Tablet,,Muž,60+,Karlovarský kraj,20,0,0,0.0,0.29
2026-08-01,ProTety.cz,context,Tablet,,Muž,60+,Ústecký kraj,21,1,0,0.0,0.3
2026-08-01,ProTety.cz,context,Tablet,,Muž,60+,Liberecký kraj,35,0,0,0.0,0.5
2026-08-01,ProTety.cz,context,Tablet,,Muž,60+,Královéhradecký kraj,62,0,0,0.0,0.89
2026-08-01,ProTety.cz,context,Tablet,,Muž,60+,Pardubický kraj,24,0,0,0.0,0.34
2026-08-01,ProTety.cz,context,Tablet,,Muž,60+,Kraj Vysočina,24,0,0,0.0,0.34
2026-08-01,ProTety.cz,context,Tablet,,Muž,60+,Jihomoravský kraj,126,0,0,0.0,1.8
2026-08-01,ProTety.cz,context,Tablet,,Muž,60+,Olomoucký kraj,18,0,0,0.0,0.26
2026-08-01,ProTety.cz,context,Tablet,,Muž,60+,Zlínský kraj,72,0,0,0.0,1.03
2026-08-01,ProTety.cz,context,Tablet,,Muž,60+,Moravskoslezský kraj,68,0,0,0.0,0.97
2026-08-01,ProTety.cz,context,MediaHub,Android,Žena,25 - 39,Hlavní město Praha,1,0,0,0.0,0.0
2026-08-01,ProTety.cz,context,MediaHub,Android,Žena,25 - 39,Středočeský kraj,1,0,0,0.0,0.0
2026-08-01,ProTety.cz,context,MediaHub,Android,Žena,25 - 39,Jihočeský kraj,1,0,0,0.0,0.0
2026-08-01,ProTety.cz,context,MediaHub,Android,Žena,25 - 39,Plzeňský kraj,1,0,0,0.0,0.0
2026-08-01,ProTety.cz,context,MediaHub,Android,Žena,25 - 39,Karlovarský kraj,1,0,0,0.0,0.0
2026-08-01,ProTety.cz,context,MediaHub,Android,Žena,25 - 39,Ústecký kraj,1,0,0,0.0,0.0
2026-08-01,ProTety.cz,context,MediaHub,Android,Žena,25 - 39,Liberecký kraj,1,0,0,0.0,0.0
2026-08-01,ProTety.cz,context,MediaHub,Android,Žena,25 - 39,Královéhradecký kraj,1,0,0,0.0,0.0
2026-08-01,ProTety.cz,context,MediaHub,Android,Žena,25 - 39,Pardubický kraj,1,0,0,0.0,0.0
2026-08-01,ProTety.cz,context,MediaHub,Android,Žena,25 - 39,Kraj Vysočina,1,0,0,0.0,0.0
2026-08-01,ProTety.cz,context,MediaHub,Android,Žena,25 - 39,Jihomoravský kraj,1,0,0,0.0,0.0
2026-08-01,ProTety.cz,context,MediaHub,Android,Žena,25 - 39,Olomoucký kraj,1,0,0,0.0,0.0
2026-08-01,ProTety.cz,context,MediaHub,Android,Žena,25 - 39,Zlínský kraj,1,0,0,0.0,0.0
2026-08-01,ProTety.cz,context,MediaHub,Android,Žena,25 - 39,Moravskoslezský kraj,1,0,0,0.0,0.0
2026-08-02,Aktualitky.cz,context,SmallScreen,Android,Neznámý,Neznámý,Hlavní město Praha,1,0,0,0.0,0.0
2026-08-02,Aktualitky.cz,context,SmallScreen,Android,Neznámý,Neznámý,Středočeský kraj,1,0,0,0.0,0.0
2026-08-02,Aktualitky.cz,context,SmallScreen,Android,Neznámý,Neznámý,Jihočeský kraj,1,0,0,0.0,0.0
2026-08-02,Aktualitky.cz,context,SmallScreen,Android,Neznámý,Neznámý,Plzeňský kraj,1,0,0,0.0,0.0
2026-08-02,Aktualitky.cz,context,SmallScreen,Android,Neznámý,Neznámý,Karlovarský kraj,1,0,0,0.0,0.0
2026-08-02,Aktualitky.cz,context,SmallScreen,Android,Neznámý,Neznámý,Ústecký kraj,1,0,0,0.0,0.0
2026-08-02,Aktualitky.cz,context,SmallScreen,Android,Neznámý,Neznámý,Liberecký kraj,1,0,0,0.0,0.0
2026-08-02,Aktualitky.cz,context,SmallScreen,Android,Neznámý,Neznámý,Královéhradecký kraj,1,0,0,0.0,0.0
2026-08-02,Aktualitky.cz,context,SmallScreen,Android,Neznámý,Neznámý,Pardubický kraj,1,0,0,0.0,0.0
2026-08-02,Aktualitky.cz,context,SmallScreen,Android,Neznámý,Neznámý,Kraj Vysočina,1,0,0,0.0,0.0
2026-08-02,Aktualitky.cz,context,SmallScreen,Android,Neznámý,Neznámý,Jihomoravský kraj,1,0,0,0.0,0.0
2026-08-02,Aktualitky.cz,context,SmallScreen,Android,Neznámý,Neznámý,Olomoucký kraj,1,0,0,0.0,0.0
2026-08-02,Aktualitky.cz,context,SmallScreen,Android,Neznámý,Neznámý,Zlínský kraj,1,0,0,0.0,0.0
2026-08-02,Aktualitky.cz,context,SmallScreen,Android,Neznámý,Neznámý,Moravskoslezský kraj,1,0,0,0.0,0.0
2026-08-02,Aktualitky.cz,context,Desktop,ChromeOS,Muž,60+,Hlavní město Praha,181,2,0,0.0,4.09
2026-08-02,Aktualitky.cz,context,Desktop,ChromeOS,Muž,60+,Středočeský kraj,238,1,0,0.0,5.38
2026-08-02,Aktualitky.cz,context,Desktop,ChromeOS,Muž,60+,Jihočeský kraj,199,2,0,0.0,4.49
2026-08-02,Aktualitky.cz,context,Desktop,ChromeOS,Muž,60+,Plzeňský kraj,82,0,0,0.0,1.85
2026-08-02,Aktualitky.cz,context,Desktop,ChromeOS,Muž,60+,Karlovarský kraj,63,0,0,0.0,1.42
2026-08-02,Aktualitky.cz,context,Desktop,ChromeOS,Muž,60+,Ústecký kraj,228,0,0,0.0,5.15
2026-08-02,Aktualitky.cz,context,Desktop,ChromeOS,Muž,60+,Liberecký kraj,209,1,0,0.0,4.72
2026-08-02,Aktualitky.cz,context,Desktop,ChromeOS,Muž,60+,Královéhradecký kraj,60,0,0,0.0,1.36
2026-08-02,Aktualitky.cz,context,Desktop,ChromeOS,Muž,60+,Pardubický kraj,72,0,0,0.0,1.63
2026-08-02,Aktualitky.cz,context,Desktop,ChromeOS,Muž,60+,Kraj Vysočina,154,1,0,0.0,3.48
2026-08-02,Aktualitky.cz,context,Desktop,ChromeOS,Muž,60+,Jihomoravský kraj,1,0,0,0.0,0.02
2026-08-02,Aktualitky.cz,context,Desktop,ChromeOS,Muž,60+,Olomoucký kraj,276,1,0,0.0,6.23
2026-08-02,Aktualitky.cz,context,Desktop,ChromeOS,Muž,60+,Zlínský kraj,501,2,0,0.0,11.31
2026-08-02,Aktualitky.cz,context,Desktop,ChromeOS,Muž,60+,Moravskoslezský kraj,428,1,0,0.0,9.67
2026-08-02,Baráky.cz,context,Desktop,Windows,Neznámý,25 - 39,Hlavní město Praha,1,0,0,0.0,0.01
2026-08-02,Baráky.cz,context,Desktop,Windows,Neznámý,25 - 39,Středočeský kraj,1,0,0,0.0,0.01
2026-08-02,Baráky.cz,context,Desktop,Windows,Neznámý,25 - 39,Jihočeský kraj,1,0,0,0.0,0.01
2026-08-02,Baráky.cz,context,Desktop,Windows,Neznámý,25 - 39,Plzeňský kraj,2,0,0,0.0,0.03
2026-08-02,Baráky.cz,context,Desktop,Windows,Neznámý,25 - 39,Karlovarský kraj,1,0,0,0.0,0.01
2026-08-02,Baráky.cz,context,Desktop,Windows,Neznámý,25 - 39,Ústecký kraj,3,0,0,0.0,0.04
2026-08-02,Baráky.cz,context,Desktop,Windows,Neznámý,25 - 39,Liberecký kraj,3,0,0,0.0,0.04
2026-08-02,Baráky.cz,context,Desktop,Windows,Neznámý,25 - 39,Královéhradecký kraj,5,0,0,0.0,0.06
2026-08-02,Baráky.cz,context,Desktop,Windows,Neznámý,25 - 39,Pardubický kraj,3,0,0,0.0,0.04
2026-08-02,Baráky.cz,context,Desktop,Windows,Neznámý,25 - 39,Kraj Vysočina,2,0,0,0.0,0.03
2026-08-02,Baráky.cz,context,Desktop,Windows,Neznámý,25 - 39,Jihomoravský kraj,1,0,0,0.0,0.01
2026-08-02,Baráky.cz,context,Desktop,Windows,Neznámý,25 - 39,Olomoucký kraj,3,0,0,0.0,0.04
2026-08-02,Baráky.cz,context,Desktop,Windows,Neznámý,25 - 39,Zlínský kraj,1,0,0,0.0,0.01
2026-08-02,Baráky.cz,context,Desktop,Windows,Neznámý,25 - 39,Moravskoslezský kraj,3,0,0,0.0,0.04
2026-08-02,Blogeria.cz,context,Desktop,,Muž,25 - 39,Hlavní město Praha,47,0,0,0.0,0.75
2026-08-02,Blogeria.cz,context,Desktop,,Muž,25 - 39,Středočeský kraj,360,1,0,0.0,5.78
2026-08-02,Blogeria.cz,context,Desktop,,Muž,25 - 39,Jihočeský kraj,76,0,0,0.0,1.22
2026-08-02,Blogeria.cz,context,Desktop,,Muž,25 - 39,Plzeňský kraj,36,0,0,0.0,0.58
2026-08-02,Blogeria.cz,context,Desktop,,Muž,25 - 39,Karlovarský kraj,20,0,0,0.0,0.32
2026-08-02,Blogeria.cz,context,Desktop,,Muž,25 - 39,Ústecký kraj,38,0,0,0.0,0.61
2026-08-02,Blogeria.cz,context,Desktop,,Muž,25 - 39,Liberecký kraj,4,0,0,0.0,0.06
2026-08-02,Blogeria.cz,context,Desktop,,Muž,25 - 39,Královéhradecký kraj,107,0,0,0.0,1.72
2026-08-02,Blogeria.cz,context,Desktop,,Muž,25 - 39,Pardubický kraj,722,2,0,0.0,11.6
2026-08-02,Blogeria.cz,context,Desktop,,Muž,25 - 39,Kraj Vysočina,257,1,0,0.0,4.13
2026-08-02,Blogeria.cz,context,Desktop,,Muž,25 - 39,Jihomoravský kraj,182,0,0,0.0,2.92
2026-08-02,Blogeria.cz,context,Desktop,,Muž,25 - 39,Olomoucký kraj,468,1,0,0.0,7.52
2026-08-02,Blogeria.cz,context,Desktop,,Muž,25 - 39,Zlínský kraj,60,0,0,0.0,0.96
2026-08-02,Blogeria.cz,context,Desktop,,Muž,25 - 39,Moravskoslezský kraj,152,0,0,0.0,2.44
2026-08-02,Drbárna.cz,context,,,Žena,60+,Hlavní město Praha,7,0,0,0.0,0.0
2026-08-02,Drbárna.cz,context,,,Žena,60+,Středočeský kraj,13,0,0,0.0,0.0
2026-08-02,Drbárna.cz,context,,,Žena,60+,Jihočeský kraj,8,0,0,0.0,0.0
2026-08-02,Drbárna.cz,context,,,Žena,60+,Plzeňský kraj,10,0,0,0.0,0.0
2026-08-02,Drbárna.cz,context,,,Žena,60+,Karlovarský kraj,1,0,0,0.0,0.0
2026-08-02,Drbárna.cz,context,,,Žena,60+,Ústecký kraj,1,0,0,0.0,0.0
2026-08-02,Drbárna.cz,context,,,Žena,60+,Liberecký kraj,4,0,0,0.0,0.0
2026-08-02,Drbárna.cz,context,,,Žena,60+,Královéhradecký kraj,1,0,0,0.0,0.0
2026-08-02,Drbárna.cz,context,,,Žena,60+,Pardubický kraj,10,0,0,0.0,0.0
2026-08-02,Drbárna.cz,context,,,Žena,60+,Kraj Vysočina,3,0,0,0.0,0.0
2026-08-02,Drbárna.cz,context,,,Žena,60+,Jihomoravský kraj,6,0,0,0.0,0.0
2026-08-02,Drbárna.cz,context,,,Žena,60+,Olomoucký kraj,17,0,0,0.0,0.0
2026-08-02,Drbárna.cz,context,,,Žena,60+,Zlínský kraj,2,0,0,0.0,0.0
2026-08-02,Drbárna.cz,context,,,Žena,60+,Moravskoslezský kraj,6,0,0,0.0,0.0
2026-08-02,Kliknito.cz,context,Desktop,ChromeOS,Muž,40 - 59,Hlavní město Praha,123,0,0,0.0,2.13
2026-08-02,Kliknito.cz,context,Desktop,ChromeOS,Muž,40 - 59,Středočeský kraj,394,0,0,0.0,6.82
2026-08-02,Kliknito.cz,context,Desktop,ChromeOS,Muž,40 - 59,Jihočeský kraj,163,2,1,0.0,2.82
2026-08-02,Kliknito.cz,context,Desktop,ChromeOS,Muž,40 - 59,Plzeňský kraj,958,5,0,0.0,16.59
2026-08-02,Kliknito.cz,context,Desktop,ChromeOS,Muž,40 - 59,Karlovarský kraj,791,4,0,0.0,13.7
2026-08-02,Kliknito.cz,context,Desktop,ChromeOS,Muž,40 - 59,Ústecký kraj,590,2,1,0.0,10.22
2026-08-02,Kliknito.cz,context,Desktop,ChromeOS,Muž,40 - 59,Liberecký kraj,689,5,1,0.0,11.93
2026-08-02,Kliknito.cz,context,Desktop,ChromeOS,Muž,40 - 59,Královéhradecký kraj,405,3,2,0.0,7.01
2026-08-02,Kliknito.cz,context,Desktop,ChromeOS,Muž,40 - 59,Pardubický kraj,1665,11,3,0.0,28.84
2026-08-02,Kliknito.cz,context,Desktop,ChromeOS,Muž,40 - 59,Kraj Vysočina,190,0,0,0.0,3.29
2026-08-02,Kliknito.cz,context,Desktop,ChromeOS,Muž,40 - 59,Jihomoravský kraj,53,0,0,0.0,0.92
2026-08-02,Kliknito.cz,context,Desktop,ChromeOS,Muž,40 - 59,Olomoucký kraj,897,3,0,0.0,15.54
2026-08-02,Kliknito.cz,context,Desktop,ChromeOS,Muž,40 - 59,Zlínský kraj,2758,8,3,0.0,47.77
2026-08-02,Kliknito.cz,context,Desktop,ChromeOS,Muž,40 - 59,Moravskoslezský kraj,197,0,0,0.0,3.41
2026-08-02,Kliknito.cz,context,EReader,Android,Žena,40 - 59,Hlavní město Praha,2,0,0,0.0,0.01
2026-08-02,Kliknito.cz,context,EReader,Android,Žena,40 - 59,Středočeský kraj,1,0,0,0.0,0.01
2026-08-02,Kliknito.cz,context,EReader,Android,Žena,40 - 59,Jihočeský kraj,1,0,0,0.0,0.01
2026-08-02,Kliknito.cz,context,EReader,Android,Žena,40 - 59,Plzeňský kraj,1,0,0,0.0,0.01
2026-08-02,Kliknito.cz,context,EReader,Android,Žena,40 - 59,Karlovarský kraj,2,0,0,0.0,0.01
2026-08-02,Kliknito.cz,context,EReader,Android,Žena,40 - 59,Ústecký kraj,5,0,0,0.0,0.03
2026-08-02,Kliknito.cz,context,EReader,Android,Žena,40 - 59,Liberecký kraj,1,0,0,0.0,0.01
2026-08-02,Kliknito.cz,context,EReader,Android,Žena,40 - 59,Královéhradecký kraj,1,0,0,0.0,0.01
2026-08-02,Kliknito.cz,context,EReader,Android,Žena,40 - 59,Pardubický kraj,1,0,0,0.0,0.01
2026-08-02,Kliknito.cz,context,EReader,Android,Žena,40 - 59,Kraj Vysočina,1,0,0,0.0,0.01
2026-08-02,Kliknito.cz,context,EReader,Android,Žena,40 - 59,Jihomoravský kraj,1,0,0,0.0,0.01
2026-08-02,Kliknito.cz,context,EReader,Android,Žena,40 - 59,Olomoucký kraj,7,0,0,0.0,0.05
2026-08-02,Kliknito.cz,context,EReader,Android,Žena,40 - 59,Zlínský kraj,3,0,0,0.0,0.02
2026-08-02,Kliknito.cz,context,EReader,Android,Žena,40 - 59,Moravskoslezský kraj,1,0,0,0.0,0.01
2026-08-02,Kliknito.cz,context,SmartPhone,,Muž,25 - 39,Hlavní město Praha,273,3,0,0.0,5.81
2026-08-02,Kliknito.cz,context,SmartPhone,,Muž,25 - 39,Středočeský kraj,149,1,0,0.0,3.17
2026-08-02,Kliknito.cz,context,SmartPhone,,Muž,25 - 39,Jihočeský kraj,83,0,0,0.0,1.77
2026-08-02,Kliknito.cz,context,SmartPhone,,Muž,25 - 39,Plzeňský kraj,86,0,0,0.0,1.83
2026-08-02,Kliknito.cz,context,SmartPhone,,Muž,25 - 39,Karlovarský kraj,464,4,0,0.0,9.88
2026-08-02,Kliknito.cz,context,SmartPhone,,Muž,25 - 39,Ústecký kraj,51,0,0,0.0,1.09
2026-08-02,Kliknito.cz,context,SmartPhone,,Muž,25 - 39,Liberecký kraj,288,1,0,0.0,6.13
2026-08-02,Kliknito.cz,context,SmartPhone,,Muž,25 - 39,Královéhradecký kraj,12,0,0,0.0,0.26
2026-08-02,Kliknito.cz,context,SmartPhone,,Muž,25 - 39,Pardubický kraj,427,1,0,0.0,9.09
2026-08-02,Kliknito.cz,context,SmartPhone,,Muž,25 - 39,Kraj Vysočina,761,5,0,0.0,16.21
2026-08-02,Kliknito.cz,context,SmartPhone,,Muž,25 - 39,Jihomoravský kraj,404,1,0,0.0,8.6
2026-08-02,Kliknito.cz,context,SmartPhone,,Muž,25 - 39,Olomoucký kraj,57,0,0,0.0,1.21
2026-08-02,Kliknito.cz,context,SmartPhone,,Muž,25 - 39,Zlínský kraj,23,0,0,0.0,0.49
2026-08-02,Kliknito.cz,context,SmartPhone,,Muž,25 - 39,Moravskoslezský kraj,372,2,1,0.0,7.92
2026-08-02,Kliknito.cz,context,SmartPhone,Ubuntu,Muž,40 - 59,Hlavní město Praha,1,0,0,0.0,0.0
2026-08-02,Kliknito.cz,context,SmartPhone,Ubuntu,Muž,40 - 59,Středočeský kraj,1,0,0,0.0,0.0
2026-08-02,Kliknito.cz,context,SmartPhone,Ubuntu,Muž,40 - 59,Jihočeský kraj,1,0,0,0.0,0.0
2026-08-02,Kliknito.cz,context,SmartPhone,Ubuntu,Muž,40 - 59,Plzeňský kraj,1,0,0,0.0,0.0
2026-08-02,Kliknito.cz,context,SmartPhone,Ubuntu,Muž,40 - 59,Karlovarský kraj,1,0,0,0.0,0.0
2026-08-02,Kliknito.cz,context,SmartPhone,Ubuntu,Muž,40 - 59,Ústecký kraj,1,0,0,0.0,0.0
2026-08-02,Kliknito.cz,context,SmartPhone,Ubuntu,Muž,40 - 59,Liberecký kraj,1,0,0,0.0,0.0
2026-08-02,Kliknito.cz,context,SmartPhone,Ubuntu,Muž,40 - 59,Královéhradecký kraj,1,0,0,0.0,0.0
2026-08-02,Kliknito.cz,context,SmartPhone,Ubuntu,Muž,40 - 59,Pardubický kraj,1,0,0,0.0,0.0
2026-08-02,Kliknito.cz,context,SmartPhone,Ubuntu,Muž,40 - 59,Kraj Vysočina,1,0,0,0.0,0.0
2026-08-02,Kliknito.cz,context,SmartPhone,Ubuntu,Muž,40 - 59,Jihomoravský kraj,1,0,0,0.0,0.0
2026-08-02,Kliknito.cz,context,SmartPhone,Ubuntu,Muž,40 - 59,Olomoucký kraj,1,0,0,0.0,0.0
2026-08-02,Kliknito.cz,context,SmartPhone,Ubuntu,Muž,40 - 59,Zlínský kraj,1,0,0,0.0,0.0
2026-08-02,Kliknito.cz,context,SmartPhone,Ubuntu,Muž,40 - 59,Moravskoslezský kraj,1,0,0,0.0,0.0
2026-08-02,Kliknito.cz,context,Tv,,Muž,25 - 39,Hlavní město Praha,2,0,0,0.0,0.0
2026-08-02,Kliknito.cz,context,Tv,,Muž,25 - 39,Středočeský kraj,12,0,0,0.0,0.02
2026-08-02,Kliknito.cz,context,Tv,,Muž,25 - 39,Jihočeský kraj,16,0,0,0.0,0.02
2026-08-02,Kliknito.cz,context,Tv,,Muž,25 - 39,Plzeňský kraj,6,0,0,0.0,0.01
2026-08-02,Kliknito.cz,context,Tv,,Muž,25 - 39,Karlovarský kraj,4,0,0,0.0,0.01
2026-08-02,Kliknito.cz,context,Tv,,Muž,25 - 39,Ústecký kraj,8,0,0,0.0,0.01
2026-08-02,Kliknito.cz,context,Tv,,Muž,25 - 39,Liberecký kraj,6,0,0,0.0,0.01
2026-08-02,Kliknito.cz,context,Tv,,Muž,25 - 39,Královéhradecký kraj,3,0,0,0.0,0.0
2026-08-02,Kliknito.cz,context,Tv,,Muž,25 - 39,Pardubický kraj,14,0,0,0.0,0.02
2026-08-02,Kliknito.cz,context,Tv,,Muž,25 - 39,Kraj Vysočina,22,0,0,0.0,0.03
2026-08-02,Kliknito.cz,context,Tv,,Muž,25 - 39,Jihomoravský kraj,5,0,0,0.0,0.01
2026-08-02,Kliknito.cz,context,Tv,,Muž,25 - 39,Olomoucký kraj,13,0,0,0.0,0.02
2026-08-02,Kliknito.cz,context,Tv,,Muž,25 - 39,Zlínský kraj,3,0,0,0.0,0.0
2026-08-02,Kliknito.cz,context,Tv,,Muž,25 - 39,Moravskoslezský kraj,9,0,0,0.0,0.01
2026-08-02,Kliknito.cz,context,Desktop,,Neznámý,60+,Hlavní město Praha,1,0,0,0.0,0.0
2026-08-02,Kliknito.cz,context,Desktop,,Neznámý,60+,Středočeský kraj,1,0,0,0.0,0.0
2026-08-02,Kliknito.cz,context,Desktop,,Neznámý,60+,Jihočeský kraj,1,0,0,0.0,0.0
2026-08-02,Kliknito.cz,context,Desktop,,Neznámý,60+,Plzeňský kraj,1,0,0,0.0,0.0
2026-08-02,Kliknito.cz,context,Desktop,,Neznámý,60+,Karlovarský kraj,1,0,0,0.0,0.0
2026-08-02,Kliknito.cz,context,Desktop,,Neznámý,60+,Ústecký kraj,1,0,0,0.0,0.0
2026-08-02,Kliknito.cz,context,Desktop,,Neznámý,60+,Liberecký kraj,1,0,0,0.0,0.0
2026-08-02,Kliknito.cz,context,Desktop,,Neznámý,60+,Královéhradecký kraj,1,0,0,0.0,0.0
2026-08-02,Kliknito.cz,context,Desktop,,Neznámý,60+,Pardubický kraj,1,0,0,0.0,0.0
2026-08-02,Kliknito.cz,context,Desktop,,Neznámý,60+,Kraj Vysočina,1,0,0,0.0,0.0
2026-08-02,Kliknito.cz,context,Desktop,,Neznámý,60+,Jihomoravský kraj,1,0,0,0.0,0.0
2026-08-02,Kliknito.cz,context,Desktop,,Neznámý,60+,Olomoucký kraj,1,0,0,0.0,0.0
2026-08-02,Kliknito.cz,context,Desktop,,Neznámý,60+,Zlínský kraj,1,0,0,0.0,0.0
2026-08-02,Kliknito.cz,context,Desktop,,Neznámý,60+,Moravskoslezský kraj,1,0,0,0.0,0.0
2026-08-02,Kliknito.cz,context,,,Muž,25 - 39,Hlavní město Praha,1,0,0,0.0,0.0
2026-08-02,Kliknito.cz,context,,,Muž,25 - 39,Středočeský kraj,6,0,0,0.0,0.01
2026-08-02,Kliknito.cz,context,,,Muž,25 - 39,Jihočeský kraj,4,0,0,0.0,0.01
2026-08-02,Kliknito.cz,context,,,Muž,25 - 39,Plzeňský kraj,1,0,0,0.0,0.0
2026-08-02,Kliknito.cz,context,,,Muž,25 - 39,Karlovarský kraj,6,0,0,0.0,0.01
2026-08-02,Kliknito.cz,context,,,Muž,25 - 39,Ústecký kraj,1,0,0,0.0,0.0
2026-08-02,Kliknito.cz,context,,,Muž,25 - 39,Liberecký kraj,2,0,0,0.0,0.0
2026-08-02,Kliknito.cz,context,,,Muž,25 - 39,Královéhradecký kraj,2,0,0,0.0,0.0
2026-08-02,Kliknito.cz,context,,,Muž,25 - 39,Pardubický kraj,18,0,0,0.0,0.03
2026-08-02,Kliknito.cz,context,,,Muž,25 - 39,Kraj Vysočina,3,0,0,0.0,0.0
2026-08-02,Kliknito.cz,context,,,Muž,25 - 39,Jihomoravský kraj,3,0,0,0.0,0.0
2026-08-02,Kliknito.cz,context,,,Muž,25 - 39,Olomoucký kraj,2,0,0,0.0,0.0
2026-08-02,Kliknito.cz,context,,,Muž,25 - 39,Zlínský kraj,6,0,0,0.0,0.01
2026-08-02,Kliknito.cz,context,,,Muž,25 - 39,Moravskoslezský kraj,1,0,0,0.0,0.0
2026-08-02,Kopačka.cz,context,SmartPhone,Android,Žena,40 - 59,Hlavní město Praha,522,0,0,0.0,5.38
2026-08-02,Kopačka.cz,context,SmartPhone,Android,Žena,40 - 59,Středočeský kraj,34762,72,2,120.95,358.47
2026-08-02,Kopačka.cz,context,SmartPhone,Android,Žena,40 - 59,Jihočeský kraj,9580,20,1,60.48,98.79
2026-08-02,Kopačka.cz,context,SmartPhone,Android,Žena,40 - 59,Plzeňský kraj,18370,33,0,0.0,189.43
2026-08-02,Kopačka.cz,context,SmartPhone,Android,Žena,40 - 59,Karlovarský kraj,7813,19,1,60.48,80.57
2026-08-02,Kopačka.cz,context,SmartPhone,Android,Žena,40 - 59,Ústecký kraj,16444,30,2,120.95,169.57
2026-08-02,Kopačka.cz,context,SmartPhone,Android,Žena,40 - 59,Liberecký kraj,15532,38,3,181.43,160.17
2026-08-02,Kopačka.cz,context,SmartPhone,Android,Žena,40 - 59,Královéhradecký kraj,45527,82,3,181.43,469.48
2026-08-02,Kopačka.cz,context,SmartPhone,Android,Žena,40 - 59,Pardubický kraj,13342,18,2,120.95,137.58
2026-08-02,Kopačka.cz,context,SmartPhone,Android,Žena,40 - 59,Kraj Vysočina,4021,7,0,0.0,41.47
2026-08-02,Kopačka.cz,context,SmartPhone,Android,Žena,40 - 59,Jihomoravský kraj,7430,10,0,0.0,76.62
2026-08-02,Kopačka.cz,context,SmartPhone,Android,Žena,40 - 59,Olomoucký kraj,3220,6,0,0.0,33.21
2026-08-02,Kopačka.cz,context,SmartPhone,Android,Žena,40 - 59,Zlínský kraj,4641,10,2,120.95,47.86
2026-08-02,Kopačka.cz,context,SmartPhone,Android,Žena,40 - 59,Moravskoslezský kraj,19293,37,1,60.48,198.95
2026-08-02,Kopačka.cz,context,SmartPhone,iOS,Muž,40 - 59,Hlavní město Praha,56061,90,11,635.04,456.39
2026-08-02,Kopačka.cz,context,SmartPhone,iOS,Muž,40 - 59,Středočeský kraj,6964,11,2,115.46,56.69
2026-08-02,Kopačka.cz,context,SmartPhone,iOS,Muž,40 - 59,Jihočeský kraj,26879,45,1,57.73,218.82
2026-08-02,Kopačka.cz,context,SmartPhone,iOS,Muž,40 - 59,Plzeňský kraj,27235,45,2,115.46,221.72
2026-08-02,Kopačka.cz,context,SmartPhone,iOS,Muž,40 - 59,Karlovarský kraj,19071,29,0,0.0,155.26
2026-08-02,Kopačka.cz,context,SmartPhone,iOS,Muž,40 - 59,Ústecký kraj,16822,22,3,173.19,136.95
2026-08-02,Kopačka.cz,context,SmartPhone,iOS,Muž,40 - 59,Liberecký kraj,4263,4,1,57.73,34.7
2026-08-02,Kopačka.cz,context,SmartPhone,iOS,Muž,40 - 59,Královéhradecký kraj,6136,15,3,173.19,49.95
2026-08-02,Kopačka.cz,context,SmartPhone,iOS,Muž,40 - 59,Pardubický kraj,5144,2,0,0.0,41.88
2026-08-02,Kopačka.cz,context,SmartPhone,iOS,Muž,40 - 59,Kraj Vysočina,123033,183,13,750.51,1001.6
2026-08-02,Kopačka.cz,context,SmartPhone,iOS,Muž,40 - 59,Jihomoravský kraj,25547,39,2,115.46,207.98
2026-08-02,Kopačka.cz,context,SmartPhone,iOS,Muž,40 - 59,Olomoucký kraj,214794,307,12,692.78,1748.62
2026-08-02,Kopačka.cz,context,SmartPhone,iOS,Muž,40 - 59,Zlínský kraj,6326,8,0,0.0,51.5
2026-08-02,Kopačka.cz,context,SmartPhone,iOS,Muž,40 - 59,Moravskoslezský kraj,971,2,0,0.0,7.9
2026-08-02,Kámoši.net,context,Tv,Tizen,Žena,Neznámý,Hlavní město Praha,1,0,0,0.0,0.0
2026-08-02,Kámoši.net,context,Tv,Tizen,Žena,Neznámý,Středočeský kraj,1,0,0,0.0,0.0
2026-08-02,Kámoši.net,context,Tv,Tizen,Žena,Neznámý,Jihočeský kraj,1,0,0,0.0,0.0
2026-08-02,Kámoši.net,context,Tv,Tizen,Žena,Neznámý,Plzeňský kraj,1,0,0,0.0,0.0
2026-08-02,Kámoši.net,context,Tv,Tizen,Žena,Neznámý,Karlovarský kraj,1,0,0,0.0,0.0
2026-08-02,Kámoši.net,context,Tv,Tizen,Žena,Neznámý,Ústecký kraj,1,0,0,0.0,0.0
2026-08-02,Kámoši.net,context,Tv,Tizen,Žena,Neznámý,Liberecký kraj,1,0,0,0.0,0.0
2026-08-02,Kámoši.net,context,Tv,Tizen,Žena,Neznámý,Královéhradecký kraj,1,0,0,0.0,0.0
2026-08-02,Kámoši.net,context,Tv,Tizen,Žena,Neznámý,Pardubický kraj,1,0,0,0.0,0.0
2026-08-02,Kámoši.net,context,Tv,Tizen,Žena,Neznámý,Kraj Vysočina,1,0,0,0.0,0.0
2026-08-02,Kámoši.net,context,Tv,Tizen,Žena,Neznámý,Jihomoravský kraj,1,0,0,0.0,0.0
2026-08-02,Kámoši.net,context,Tv,Tizen,Žena,Neznámý,Olomoucký kraj,1,0,0,0.0,0.0
2026-08-02,Kámoši.net,context,Tv,Tizen,Žena,Neznámý,Zlínský kraj,1,0,0,0.0,0.0
2026-08-02,Kámoši.net,context,Tv,Tizen,Žena,Neznámý,Moravskoslezský kraj,1,0,0,0.0,0.0
2026-08-02,Kámoši.net,context,EReader,Android,Muž,40 - 59,Hlavní město Praha,1,0,0,0.0,0.01
2026-08-02,Kámoši.net,context,EReader,Android,Muž,40 - 59,Středočeský kraj,1,0,0,0.0,0.01
2026-08-02,Kámoši.net,context,EReader,Android,Muž,40 - 59,Jihočeský kraj,5,0,0,0.0,0.04
2026-08-02,Kámoši.net,context,EReader,Android,Muž,40 - 59,Plzeňský kraj,1,0,0,0.0,0.01
2026-08-02,Kámoši.net,context,EReader,Android,Muž,40 - 59,Karlovarský kraj,3,0,0,0.0,0.02
2026-08-02,Kámoši.net,context,EReader,Android,Muž,40 - 59,Ústecký kraj,2,0,0,0.0,0.01
2026-08-02,Kámoši.net,context,EReader,Android,Muž,40 - 59,Liberecký kraj,1,0,0,0.0,0.01
2026-08-02,Kámoši.net,context,EReader,Android,Muž,40 - 59,Královéhradecký kraj,1,0,0,0.0,0.01
2026-08-02,Kámoši.net,context,EReader,Android,Muž,40 - 59,Pardubický kraj,2,0,0,0.0,0.01
2026-08-02,Kámoši.net,context,EReader,Android,Muž,40 - 59,Kraj Vysočina,1,0,0,0.0,0.01
2026-08-02,Kámoši.net,context,EReader,Android,Muž,40 - 59,Jihomoravský kraj,2,0,0,0.0,0.01
2026-08-02,Kámoši.net,context,EReader,Android,Muž,40 - 59,Olomoucký kraj,2,0,0,0.0,0.01
2026-08-02,Kámoši.net,context,EReader,Android,Muž,40 - 59,Zlínský kraj,1,0,0,0.0,0.01
2026-08-02,Kámoši.net,context,EReader,Android,Muž,40 - 59,Moravskoslezský kraj,2,0,0,0.0,0.01
2026-08-02,Kámoši.net,context,Desktop,,Muž,40 - 59,Hlavní město Praha,2460,4,0,0.0,32.15
2026-08-02,Kámoši.net,context,Desktop,,Muž,40 - 59,Středočeský kraj,175,0,0,0.0,2.29
2026-08-02,Kámoši.net,context,Desktop,,Muž,40 - 59,Jihočeský kraj,385,2,0,0.0,5.03
2026-08-02,Kámoši.net,context,Desktop,,Muž,40 - 59,Plzeňský kraj,3110,3,0,0.0,40.65
2026-08-02,Kámoši.net,context,Desktop,,Muž,40 - 59,Karlovarský kraj,2285,3,0,0.0,29.86
2026-08-02,Kámoši.net,context,Desktop,,Muž,40 - 59,Ústecký kraj,897,2,1,0.0,11.72
2026-08-02,Kámoši.net,context,Desktop,,Muž,40 - 59,Liberecký kraj,1197,4,0,0.0,15.64
2026-08-02,Kámoši.net,context,Desktop,,Muž,40 - 59,Královéhradecký kraj,323,1,0,0.0,4.22
2026-08-02,Kámoši.net,context,Desktop,,Muž,40 - 59,Pardubický kraj,301,0,0,0.0,3.93
2026-08-02,Kámoši.net,context,Desktop,,Muž,40 - 59,Kraj Vysočina,803,2,0,0.0,10.49
2026-08-02,Kámoši.net,context,Desktop,,Muž,40 - 59,Jihomoravský kraj,636,0,0,0.0,8.31
2026-08-02,Kámoši.net,context,Desktop,,Muž,40 - 59,Olomoucký kraj,3900,14,1,0.0,50.97
2026-08-02,Kámoši.net,context,Desktop,,Muž,40 - 59,Zlínský kraj,283,0,0,0.0,3.7
2026-08-02,Kámoši.net,context,Desktop,,Muž,40 - 59,Moravskoslezský kraj,1563,9,1,0.0,20.43
2026-08-02,Pozdní Zprávy,context,Desktop,Windows,Neznámý,60+,Hlavní město Praha,8,0,0,0.0,0.03
2026-08-02,Pozdní Zprávy,context,Desktop,Windows,Neznámý,60+,Středočeský kraj,7,0,0,0.0,0.03
2026-08-02,Pozdní Zprávy,context,Desktop,Windows,Neznámý,60+,Jihočeský kraj,13,0,0,0.0,0.05
2026-08-02,Pozdní Zprávy,context,Desktop,Windows,Neznámý,60+,Plzeňský kraj,1,0,0,0.0,0.0
2026-08-02,Pozdní Zprávy,context,Desktop,Windows,Neznámý,60+,Karlovarský kraj,9,0,0,0.0,0.03
2026-08-02,Pozdní Zprávy,context,Desktop,Windows,Neznámý,60+,Ústecký kraj,12,0,0,0.0,0.05
2026-08-02,Pozdní Zprávy,context,Desktop,Windows,Neznámý,60+,Liberecký kraj,6,0,0,0.0,0.02
2026-08-02,Pozdní Zprávy,context,Desktop,Windows,Neznámý,60+,Královéhradecký kraj,6,0,0,0.0,0.02
2026-08-02,Pozdní Zprávy,context,Desktop,Windows,Neznámý,60+,Pardubický kraj,1,0,0,0.0,0.0
2026-08-02,Pozdní Zprávy,context,Desktop,Windows,Neznámý,60+,Kraj Vysočina,2,0,0,0.0,0.01
2026-08-02,Pozdní Zprávy,context,Desktop,Windows,Neznámý,60+,Jihomoravský kraj,11,0,0,0.0,0.04
2026-08-02,Pozdní Zprávy,context,Desktop,Windows,Neznámý,60+,Olomoucký kraj,8,0,0,0.0,0.03
2026-08-02,Pozdní Zprávy,context,Desktop,Windows,Neznámý,60+,Zlínský kraj,4,0,0,0.0,0.02
2026-08-02,Pozdní Zprávy,context,Desktop,Windows,Neznámý,60+,Moravskoslezský kraj,8,0,0,0.0,0.03
2026-08-02,Pozdní Zprávy,context,MediaHub,,Žena,60+,Hlavní město Praha,4,0,0,0.0,0.01
2026-08-02,Pozdní Zprávy,context,MediaHub,,Žena,60+,Středočeský kraj,2,0,0,0.0,0.01
2026-08-02,Pozdní Zprávy,context,MediaHub,,Žena,60+,Jihočeský kraj,1,0,0,0.0,0.0
2026-08-02,Pozdní Zprávy,context,MediaHub,,Žena,60+,Plzeňský kraj,1,0,0,0.0,0.0
2026-08-02,Pozdní Zprávy,context,MediaHub,,Žena,60+,Karlovarský kraj,4,0,0,0.0,0.01
2026-08-02,Pozdní Zprávy,context,MediaHub,,Žena,60+,Ústecký kraj,1,0,0,0.0,0.0
2026-08-02,Pozdní Zprávy,context,MediaHub,,Žena,60+,Liberecký kraj,1,0,0,0.0,0.0
2026-08-02,Pozdní Zprávy,context,MediaHub,,Žena,60+,Královéhradecký kraj,1,0,0,0.0,0.0
2026-08-02,Pozdní Zprávy,context,MediaHub,,Žena,60+,Pardubický kraj,2,0,0,0.0,0.01
2026-08-02,Pozdní Zprávy,context,MediaHub,,Žena,60+,Kraj Vysočina,1,0,0,0.0,0.0
2026-08-02,Pozdní Zprávy,context,MediaHub,,Žena,60+,Jihomoravský kraj,2,0,0,0.0,0.01
2026-08-02,Pozdní Zprávy,context,MediaHub,,Žena,60+,Olomoucký kraj,1,0,0,0.0,0.0
2026-08-02,Pozdní Zprávy,context,MediaHub,,Žena,60+,Zlínský kraj,2,0,0,0.0,0.01
2026-08-02,Pozdní Zprávy,context,MediaHub,,Žena,60+,Moravskoslezský kraj,1,0,0,0.0,0.0
2026-08-02,Poštovna.cz,context,SmartPhone,Android,Žena,60+,Hlavní město Praha,767,5,0,0.0,21.04
2026-08-02,Poštovna.cz,context,SmartPhone,Android,Žena,60+,Středočeský kraj,13046,79,4,2909.83,357.95
2026-08-02,Poštovna.cz,context,SmartPhone,Android,Žena,60+,Jihočeský kraj,1067,4,0,0.0,29.28
2026-08-02,Poštovna.cz,context,SmartPhone,Android,Žena,60+,Plzeňský kraj,5469,33,2,1454.91,150.05
2026-08-02,Poštovna.cz,context,SmartPhone,Android,Žena,60+,Karlovarský kraj,5236,35,0,0.0,143.66
2026-08-02,Poštovna.cz,context,SmartPhone,Android,Žena,60+,Ústecký kraj,1053,5,0,0.0,28.89
2026-08-02,Poštovna.cz,context,SmartPhone,Android,Žena,60+,Liberecký kraj,3352,16,0,0.0,91.97
2026-08-02,Poštovna.cz,context,SmartPhone,Android,Žena,60+,Královéhradecký kraj,6346,32,0,0.0,174.12
2026-08-02,Poštovna.cz,context,SmartPhone,Android,Žena,60+,Pardubický kraj,865,5,0,0.0,23.73
2026-08-02,Poštovna.cz,context,SmartPhone,Android,Žena,60+,Kraj Vysočina,1264,3,0,0.0,34.68
2026-08-02,Poštovna.cz,context,SmartPhone,Android,Žena,60+,Jihomoravský kraj,6972,37,0,0.0,191.29
2026-08-02,Poštovna.cz,context,SmartPhone,Android,Žena,60+,Olomoucký kraj,9766,60,1,727.46,267.95
2026-08-02,Poštovna.cz,context,SmartPhone,Android,Žena,60+,Zlínský kraj,19540,103,4,2909.83,536.12
2026-08-02,Poštovna.cz,context,SmartPhone,Android,Žena,60+,Moravskoslezský kraj,9244,48,1,727.46,253.63
2026-08-02,ProTety.cz,context,SmartPhone,,Žena,60+,Hlavní město Praha,338,2,0,0.0,8.89
2026-08-02,ProTety.cz,context,SmartPhone,,Žena,60+,Středočeský kraj,169,1,0,0.0,4.45
2026-08-02,ProTety.cz,context,SmartPhone,,Žena,60+,Jihočeský kraj,122,1,0,0.0,3.21
2026-08-02,ProTety.cz,context,SmartPhone,,Žena,60+,Plzeňský kraj,268,3,0,0.0,7.05
2026-08-02,ProTety.cz,context,SmartPhone,,Žena,60+,Karlovarský kraj,233,0,0,0.0,6.13
2026-08-02,ProTety.cz,context,SmartPhone,,Žena,60+,Ústecký kraj,435,1,0,0.0,11.44
2026-08-02,ProTety.cz,context,SmartPhone,,Žena,60+,Liberecký kraj,976,8,0,0.0,25.68
2026-08-02,ProTety.cz,context,SmartPhone,,Žena,60+,Královéhradecký kraj,631,3,0,0.0,16.6
2026-08-02,ProTety.cz,context,SmartPhone,,Žena,60+,Pardubický kraj,452,1,0,0.0,11.89
2026-08-02,ProTety.cz,context,SmartPhone,,Žena,60+,Kraj Vysočina,401,5,0,0.0,10.55
2026-08-02,ProTety.cz,context,SmartPhone,,Žena,60+,Jihomoravský kraj,503,4,0,0.0,13.23
2026-08-02,ProTety.cz,context,SmartPhone,,Žena,60+,Olomoucký kraj,1211,7,0,0.0,31.86
2026-08-02,ProTety.cz,context,SmartPhone,,Žena,60+,Zlínský kraj,90,1,0,0.0,2.37
2026-08-02,ProTety.cz,context,SmartPhone,,Žena,60+,Moravskoslezský kraj,244,2,0,0.0,6.42
2026-08-02,ProTety.cz,context,Tablet,,Žena,Neznámý,Hlavní město Praha,1,0,0,0.0,0.0
2026-08-02,ProTety.cz,context,Tablet,,Žena,Neznámý,Středočeský kraj,1,0,0,0.0,0.0
2026-08-02,ProTety.cz,context,Tablet,,Žena,Neznámý,Jihočeský kraj,3,0,0,0.0,0.0
2026-08-02,ProTety.cz,context,Tablet,,Žena,Neznámý,Plzeňský kraj,2,0,0,0.0,0.0
2026-08-02,ProTety.cz,context,Tablet,,Žena,Neznámý,Karlovarský kraj,2,0,0,0.0,0.0
2026-08-02,ProTety.cz,context,Tablet,,Žena,Neznámý,Ústecký kraj,1,0,0,0.0,0.0
2026-08-02,ProTety.cz,context,Tablet,,Žena,Neznámý,Liberecký kraj,1,0,0,0.0,0.0
2026-08-02,ProTety.cz,context,Tablet,,Žena,Neznámý,Královéhradecký kraj,2,0,0,0.0,0.0
2026-08-02,ProTety.cz,context,Tablet,,Žena,Neznámý,Pardubický kraj,1,0,0,0.0,0.0
2026-08-02,ProTety.cz,context,Tablet,,Žena,Neznámý,Kraj Vysočina,3,0,0,0.0,0.0
2026-08-02,ProTety.cz,context,Tablet,,Žena,Neznámý,Jihomoravský kraj,3,0,0,0.0,0.0
2026-08-02,ProTety.cz,context,Tablet,,Žena,Neznámý,Olomoucký kraj,2,0,0,0.0,0.0
2026-08-02,ProTety.cz,context,Tablet,,Žena,Neznámý,Zlínský kraj,1,0,0,0.0,0.0
2026-08-02,ProTety.cz,context,Tablet,,Žena,Neznámý,Moravskoslezský kraj,1,0,0,0.0,0.0
2026-08-02,ProTety.cz,context,Desktop,macOS,Muž,25 - 39,Hlavní město Praha,116,0,0,0.0,1.36
2026-08-02,ProTety.cz,context,Desktop,macOS,Muž,25 - 39,Středočeský kraj,255,1,0,0.0,2.99
2026-08-02,ProTety.cz,context,Desktop,macOS,Muž,25 - 39,Jihočeský kraj,259,0,0,0.0,3.04
2026-08-02,ProTety.cz,context,Desktop,macOS,Muž,25 - 39,Plzeňský kraj,152,0,0,0.0,1.78
2026-08-02,ProTety.cz,context,Desktop,macOS,Muž,25 - 39,Karlovarský kraj,71,0,0,0.0,0.83
2026-08-02,ProTety.cz,context,Desktop,macOS,Muž,25 - 39,Ústecký kraj,111,1,0,0.0,1.3
2026-08-02,ProTety.cz,context,Desktop,macOS,Muž,25 - 39,Liberecký kraj,23,0,0,0.0,0.27
2026-08-02,ProTety.cz,context,Desktop,macOS,Muž,25 - 39,Královéhradecký kraj,148,0,0,0.0,1.73
2026-08-02,ProTety.cz,context,Desktop,macOS,Muž,25 - 39,Pardubický kraj,53,0,0,0.0,0.62
2026-08-02,ProTety.cz,context,Desktop,macOS,Muž,25 - 39,Kraj Vysočina,78,0,0,0.0,0.91
2026-08-02,ProTety.cz,context,Desktop,macOS,Muž,25 - 39,Jihomoravský kraj,159,1,0,0.0,1.86
2026-08-02,ProTety.cz,context,Desktop,macOS,Muž,25 - 39,Olomoucký kraj,263,1,0,0.0,3.08
2026-08-02,ProTety.cz,context,Desktop,macOS,Muž,25 - 39,Zlínský kraj,303,0,0,0.0,3.55
2026-08-02,ProTety.cz,context,Desktop,macOS,Muž,25 - 39,Moravskoslezský kraj,290,1,0,0.0,3.4
2026-08-03,Aktualitky.cz,context,,,Žena,18 - 24,Hlavní město Praha,1,0,0,0.0,0.0
2026-08-03,Aktualitky.cz,context,,,Žena,18 - 24,Středočeský kraj,1,0,0,0.0,0.0
2026-08-03,Aktualitky.cz,context,,,Žena,18 - 24,Jihočeský kraj,1,0,0,0.0,0.0
2026-08-03,Aktualitky.cz,context,,,Žena,18 - 24,Plzeňský kraj,1,0,0,0.0,0.0
2026-08-03,Aktualitky.cz,context,,,Žena,18 - 24,Karlovarský kraj,1,0,0,0.0,0.0
2026-08-03,Aktualitky.cz,context,,,Žena,18 - 24,Ústecký kraj,1,0,0,0.0,0.0
2026-08-03,Aktualitky.cz,context,,,Žena,18 - 24,Liberecký kraj,1,0,0,0.0,0.0
2026-08-03,Aktualitky.cz,context,,,Žena,18 - 24,Královéhradecký kraj,1,0,0,0.0,0.0
2026-08-03,Aktualitky.cz,context,,,Žena,18 - 24,Pardubický kraj,1,0,0,0.0,0.0
2026-08-03,Aktualitky.cz,context,,,Žena,18 - 24,Kraj Vysočina,1,0,0,0.0,0.0
2026-08-03,Aktualitky.cz,context,,,Žena,18 - 24,Jihomoravský kraj,1,0,0,0.0,0.0
2026-08-03,Aktualitky.cz,context,,,Žena,18 - 24,Olomoucký kraj,1,0,0,0.0,0.0
2026-08-03,Aktualitky.cz,context,,,Žena,18 - 24,Zlínský kraj,1,0,0,0.0,0.0
2026-08-03,Aktualitky.cz,context,,,Žena,18 - 24,Moravskoslezský kraj,1,0,0,0.0,0.0
2026-08-03,Aktualitky.cz,context,Tv,,Muž,Neznámý,Hlavní město Praha,2,0,0,0.0,0.0
2026-08-03,Aktualitky.cz,context,Tv,,Muž,Neznámý,Středočeský kraj,2,0,0,0.0,0.0
2026-08-03,Aktualitky.cz,context,Tv,,Muž,Neznámý,Jihočeský kraj,5,0,0,0.0,0.0
2026-08-03,Aktualitky.cz,context,Tv,,Muž,Neznámý,Plzeňský kraj,5,0,0,0.0,0.0
2026-08-03,Aktualitky.cz,context,Tv,,Muž,Neznámý,Karlovarský kraj,8,0,0,0.0,0.0
2026-08-03,Aktualitky.cz,context,Tv,,Muž,Neznámý,Ústecký kraj,9,0,0,0.0,0.0
2026-08-03,Aktualitky.cz,context,Tv,,Muž,Neznámý,Liberecký kraj,14,0,0,0.0,0.01
2026-08-03,Aktualitky.cz,context,Tv,,Muž,Neznámý,Královéhradecký kraj,10,0,0,0.0,0.0
2026-08-03,Aktualitky.cz,context,Tv,,Muž,Neznámý,Pardubický kraj,2,0,0,0.0,0.0
2026-08-03,Aktualitky.cz,context,Tv,,Muž,Neznámý,Kraj Vysočina,9,0,0,0.0,0.0
2026-08-03,Aktualitky.cz,context,Tv,,Muž,Neznámý,Jihomoravský kraj,1,0,0,0.0,0.0
2026-08-03,Aktualitky.cz,context,Tv,,Muž,Neznámý,Olomoucký kraj,18,0,0,0.0,0.01
2026-08-03,Aktualitky.cz,context,Tv,,Muž,Neznámý,Zlínský kraj,2,0,0,0.0,0.0
2026-08-03,Aktualitky.cz,context,Tv,,Muž,Neznámý,Moravskoslezský kraj,4,0,0,0.0,0.0
2026-08-03,Aktualitky.cz,context,SmallScreen,Android,Žena,60+,Hlavní město Praha,2,1,0,0.0,0.05
2026-08-03,Aktualitky.cz,context,SmallScreen,Android,Žena,60+,Středočeský kraj,2,0,0,0.0,0.05
2026-08-03,Aktualitky.cz,context,SmallScreen,Android,Žena,60+,Jihočeský kraj,2,0,0,0.0,0.05
2026-08-03,Aktualitky.cz,context,SmallScreen,Android,Žena,60+,Plzeňský kraj,24,0,0,0.0,0.56
2026-08-03,Aktualitky.cz,context,SmallScreen,Android,Žena,60+,Karlovarský kraj,8,0,0,0.0,0.19
2026-08-03,Aktualitky.cz,context,SmallScreen,Android,Žena,60+,Ústecký kraj,2,0,0,0.0,0.05
2026-08-03,Aktualitky.cz,context,SmallScreen,Android,Žena,60+,Liberecký kraj,10,0,0,0.0,0.23
2026-08-03,Aktualitky.cz,context,SmallScreen,Android,Žena,60+,Královéhradecký kraj,11,0,0,0.0,0.26
2026-08-03,Aktualitky.cz,context,SmallScreen,Android,Žena,60+,Pardubický kraj,8,0,0,0.0,0.19
2026-08-03,Aktualitky.cz,context,SmallScreen,Android,Žena,60+,Kraj Vysočina,2,0,0,0.0,0.05
2026-08-03,Aktualitky.cz,context,SmallScreen,Android,Žena,60+,Jihomoravský kraj,19,0,0,0.0,0.44
2026-08-03,Aktualitky.cz,context,SmallScreen,Android,Žena,60+,Olomoucký kraj,1,0,0,0.0,0.02
2026-08-03,Aktualitky.cz,context,SmallScreen,Android,Žena,60+,Zlínský kraj,2,0,0,0.0,0.05
2026-08-03,Aktualitky.cz,context,SmallScreen,Android,Žena,60+,Moravskoslezský kraj,4,0,0,0.0,0.09
2026-08-03,Baráky.cz,context,Desktop,,Žena,40 - 59,Hlavní město Praha,7,0,0,0.0,0.09
2026-08-03,Baráky.cz,context,Desktop,,Žena,40 - 59,Středočeský kraj,1319,2,0,0.0,17.54
2026-08-03,Baráky.cz,context,Desktop,,Žena,40 - 59,Jihočeský kraj,449,1,0,0.0,5.97
2026-08-03,Baráky.cz,context,Desktop,,Žena,40 - 59,Plzeňský kraj,890,2,0,0.0,11.83
2026-08-03,Baráky.cz,context,Desktop,,Žena,40 - 59,Karlovarský kraj,1194,2,0,0.0,15.88
2026-08-03,Baráky.cz,context,Desktop,,Žena,40 - 59,Ústecký kraj,45,0,0,0.0,0.6
2026-08-03,Baráky.cz,context,Desktop,,Žena,40 - 59,Liberecký kraj,66,0,0,0.0,0.88
2026-08-03,Baráky.cz,context,Desktop,,Žena,40 - 59,Královéhradecký kraj,226,1,0,0.0,3.0
2026-08-03,Baráky.cz,context,Desktop,,Žena,40 - 59,Pardubický kraj,1571,4,0,0.0,20.89
2026-08-03,Baráky.cz,context,Desktop,,Žena,40 - 59,Kraj Vysočina,185,0,0,0.0,2.46
2026-08-03,Baráky.cz,context,Desktop,,Žena,40 - 59,Jihomoravský kraj,1014,2,0,0.0,13.48
2026-08-03,Baráky.cz,context,Desktop,,Žena,40 - 59,Olomoucký kraj,821,1,0,0.0,10.92
2026-08-03,Baráky.cz,context,Desktop,,Žena,40 - 59,Zlínský kraj,44,0,0,0.0,0.59
2026-08-03,Baráky.cz,context,Desktop,,Žena,40 - 59,Moravskoslezský kraj,112,0,0,0.0,1.49
2026-08-03,Baráky.cz,context,SmartWatch,Android,Neznámý,Neznámý,Hlavní město Praha,1,0,0,0.0,0.0
2026-08-03,Baráky.cz,context,SmartWatch,Android,Neznámý,Neznámý,Středočeský kraj,1,0,0,0.0,0.0
2026-08-03,Baráky.cz,context,SmartWatch,Android,Neznámý,Neznámý,Jihočeský kraj,1,0,0,0.0,0.0
2026-08-03,Baráky.cz,context,SmartWatch,Android,Neznámý,Neznámý,Plzeňský kraj,1,0,0,0.0,0.0
2026-08-03,Baráky.cz,context,SmartWatch,Android,Neznámý,Neznámý,Karlovarský kraj,1,0,0,0.0,0.0
2026-08-03,Baráky.cz,context,SmartWatch,Android,Neznámý,Neznámý,Ústecký kraj,1,0,0,0.0,0.0
2026-08-03,Baráky.cz,context,SmartWatch,Android,Neznámý,Neznámý,Liberecký kraj,1,0,0,0.0,0.0
2026-08-03,Baráky.cz,context,SmartWatch,Android,Neznámý,Neznámý,Královéhradecký kraj,1,0,0,0.0,0.0
2026-08-03,Baráky.cz,context,SmartWatch,Android,Neznámý,Neznámý,Pardubický kraj,1,0,0,0.0,0.0
2026-08-03,Baráky.cz,context,SmartWatch,Android,Neznámý,Neznámý,Kraj Vysočina,1,0,0,0.0,0.0
2026-08-03,Baráky.cz,context,SmartWatch,Android,Neznámý,Neznámý,Jihomoravský kraj,1,0,0,0.0,0.0
2026-08-03,Baráky.cz,context,SmartWatch,Android,Neznámý,Neznámý,Olomoucký kraj,1,0,0,0.0,0.0
2026-08-03,Baráky.cz,context,SmartWatch,Android,Neznámý,Neznámý,Zlínský kraj,1,0,0,0.0,0.0
2026-08-03,Baráky.cz,context,SmartWatch,Android,Neznámý,Neznámý,Moravskoslezský kraj,1,0,0,0.0,0.0
2026-08-03,Baráky.cz,context,Tablet,Android,Žena,Neznámý,Hlavní město Praha,43,1,0,0.0,0.45
2026-08-03,Baráky.cz,context,Tablet,Android,Žena,Neznámý,Středočeský kraj,144,0,0,0.0,1.49
2026-08-03,Baráky.cz,context,Tablet,Android,Žena,Neznámý,Jihočeský kraj,267,0,0,0.0,2.76
2026-08-03,Baráky.cz,context,Tablet,Android,Žena,Neznámý,Plzeňský kraj,91,0,0,0.0,0.94
2026-08-03,Baráky.cz,context,Tablet,Android,Žena,Neznámý,Karlovarský kraj,33,0,0,0.0,0.34
2026-08-03,Baráky.cz,context,Tablet,Android,Žena,Neznámý,Ústecký kraj,22,0,0,0.0,0.23
2026-08-03,Baráky.cz,context,Tablet,Android,Žena,Neznámý,Liberecký kraj,44,0,0,0.0,0.46
2026-08-03,Baráky.cz,context,Tablet,Android,Žena,Neznámý,Královéhradecký kraj,19,0,0,0.0,0.2
2026-08-03,Baráky.cz,context,Tablet,Android,Žena,Neznámý,Pardubický kraj,186,0,0,0.0,1.93
2026-08-03,Baráky.cz,context,Tablet,Android,Žena,Neznámý,Kraj Vysočina,158,0,0,0.0,1.64
2026-08-03,Baráky.cz,context,Tablet,Android,Žena,Neznámý,Jihomoravský kraj,8,0,0,0.0,0.08
2026-08-03,Baráky.cz,context,Tablet,Android,Žena,Neznámý,Olomoucký kraj,12,1,0,0.0,0.12
2026-08-03,Baráky.cz,context,Tablet,Android,Žena,Neznámý,Zlínský kraj,37,0,0,0.0,0.38
2026-08-03,Baráky.cz,context,Tablet,Android,Žena,Neznámý,Moravskoslezský kraj,40,0,0,0.0,0.41
2026-08-03,Blogeria.cz,context,Tv,,Muž,25 - 39,Hlavní město Praha,1,0,0,0.0,0.0
2026-08-03,Blogeria.cz,context,Tv,,Muž,25 - 39,Středočeský kraj,1,0,0,0.0,0.0
2026-08-03,Blogeria.cz,context,Tv,,Muž,25 - 39,Jihočeský kraj,1,0,0,0.0,0.0
2026-08-03,Blogeria.cz,context,Tv,,Muž,25 - 39,Plzeňský kraj,1,0,0,0.0,0.0
2026-08-03,Blogeria.cz,context,Tv,,Muž,25 - 39,Karlovarský kraj,1,0,0,0.0,0.0
2026-08-03,Blogeria.cz,context,Tv,,Muž,25 - 39,Ústecký kraj,1,0,0,0.0,0.0
2026-08-03,Blogeria.cz,context,Tv,,Muž,25 - 39,Liberecký kraj,1,0,0,0.0,0.0
2026-08-03,Blogeria.cz,context,Tv,,Muž,25 - 39,Královéhradecký kraj,1,0,0,0.0,0.0
2026-08-03,Blogeria.cz,context,Tv,,Muž,25 - 39,Pardubický kraj,1,0,0,0.0,0.0
2026-08-03,Blogeria.cz,context,Tv,,Muž,25 - 39,Kraj Vysočina,1,0,0,0.0,0.0
2026-08-03,Blogeria.cz,context,Tv,,Muž,25 - 39,Jihomoravský kraj,1,0,0,0.0,0.0
2026-08-03,Blogeria.cz,context,Tv,,Muž,25 - 39,Olomoucký kraj,1,0,0,0.0,0.0
2026-08-03,Blogeria.cz,context,Tv,,Muž,25 - 39,Zlínský kraj,1,0,0,0.0,0.0
2026-08-03,Blogeria.cz,context,Tv,,Muž,25 - 39,Moravskoslezský kraj,1,0,0,0.0,0.0
2026-08-03,Drbárna.cz,context,SmartPhone,iOS,Muž,60+,Hlavní město Praha,41815,127,4,166.64,538.3
2026-08-03,Drbárna.cz,context,SmartPhone,iOS,Muž,60+,Středočeský kraj,66415,209,13,541.59,854.99
2026-08-03,Drbárna.cz,context,SmartPhone,iOS,Muž,60+,Jihočeský kraj,24262,88,2,83.32,312.34
2026-08-03,Drbárna.cz,context,SmartPhone,iOS,Muž,60+,Plzeňský kraj,15991,59,2,83.32,205.86
2026-08-03,Drbárna.cz,context,SmartPhone,iOS,Muž,60+,Karlovarský kraj,9141,27,1,41.66,117.68
2026-08-03,Drbárna.cz,context,SmartPhone,iOS,Muž,60+,Ústecký kraj,24957,92,6,249.97,321.28
2026-08-03,Drbárna.cz,context,SmartPhone,iOS,Muž,60+,Liberecký kraj,20431,60,4,166.64,263.02
2026-08-03,Drbárna.cz,context,SmartPhone,iOS,Muž,60+,Královéhradecký kraj,2389,10,1,41.66,30.75
2026-08-03,Drbárna.cz,context,SmartPhone,iOS,Muž,60+,Pardubický kraj,5878,11,1,41.66,75.67
2026-08-03,Drbárna.cz,context,SmartPhone,iOS,Muž,60+,Kraj Vysočina,1339,6,0,0.0,17.24
2026-08-03,Drbárna.cz,context,SmartPhone,iOS,Muž,60+,Jihomoravský kraj,5477,21,1,41.66,70.51
2026-08-03,Drbárna.cz,context,SmartPhone,iOS,Muž,60+,Olomoucký kraj,9879,42,0,0.0,127.18
2026-08-03,Drbárna.cz,context,SmartPhone,iOS,Muž,60+,Zlínský kraj,26121,76,5,208.3,336.27
2026-08-03,Drbárna.cz,context,SmartPhone,iOS,Muž,60+,Moravskoslezský kraj,20227,67,0,0.0,260.39
2026-08-03,Kliknito.cz,context,Tablet,iOS,Muž,18 - 24,Hlavní město Praha,1,0,0,0.0,0.0
2026-08-03,Kliknito.cz,context,Tablet,iOS,Muž,18 - 24,Středočeský kraj,1,0,0,0.0,0.0
2026-08-03,Kliknito.cz,context,Tablet,iOS,Muž,18 - 24,Jihočeský kraj,1,0,0,0.0,0.0
2026-08-03,Kliknito.cz,context,Tablet,iOS,Muž,18 - 24,Plzeňský kraj,1,0,0,0.0,0.0
2026-08-03,Kliknito.cz,context,Tablet,iOS,Muž,18 - 24,Karlovarský kraj,1,0,0,0.0,0.0
2026-08-03,Kliknito.cz,context,Tablet,iOS,Muž,18 - 24,Ústecký kraj,1,0,0,0.0,0.0
2026-08-03,Kliknito.cz,context,Tablet,iOS,Muž,18 - 24,Liberecký kraj,1,0,0,0.0,0.0
2026-08-03,Kliknito.cz,context,Tablet,iOS,Muž,18 - 24,Královéhradecký kraj,1,0,0,0.0,0.0
2026-08-03,Kliknito.cz,context,Tablet,iOS,Muž,18 - 24,Pardubický kraj,1,0,0,0.0,0.0
2026-08-03,Kliknito.cz,context,Tablet,iOS,Muž,18 - 24,Kraj Vysočina,1,0,0,0.0,0.0
2026-08-03,Kliknito.cz,context,Tablet,iOS,Muž,18 - 24,Jihomoravský kraj,1,0,0,0.0,0.0
2026-08-03,Kliknito.cz,context,Tablet,iOS,Muž,18 - 24,Olomoucký kraj,1,0,0,0.0,0.0
2026-08-03,Kliknito.cz,context,Tablet,iOS,Muž,18 - 24,Zlínský kraj,1,0,0,0.0,0.0
2026-08-03,Kliknito.cz,context,Tablet,iOS,Muž,18 - 24,Moravskoslezský kraj,1,0,0,0.0,0.0
2026-08-03,Kliknito.cz,context,Desktop,iOS,Muž,40 - 59,Hlavní město Praha,46,0,0,0.0,0.0
2026-08-03,Kliknito.cz,context,Desktop,iOS,Muž,40 - 59,Středočeský kraj,9,0,0,0.0,0.0
2026-08-03,Kliknito.cz,context,Desktop,iOS,Muž,40 - 59,Jihočeský kraj,19,0,0,0.0,0.0
2026-08-03,Kliknito.cz,context,Desktop,iOS,Muž,40 - 59,Plzeňský kraj,11,0,0,0.0,0.0
2026-08-03,Kliknito.cz,context,Desktop,iOS,Muž,40 - 59,Karlovarský kraj,9,0,0,0.0,0.0
2026-08-03,Kliknito.cz,context,Desktop,iOS,Muž,40 - 59,Ústecký kraj,8,0,0,0.0,0.0
2026-08-03,Kliknito.cz,context,Desktop,iOS,Muž,40 - 59,Liberecký kraj,12,0,0,0.0,0.0
2026-08-03,Kliknito.cz,context,Desktop,iOS,Muž,40 - 59,Královéhradecký kraj,39,0,0,0.0,0.0
2026-08-03,Kliknito.cz,context,Desktop,iOS,Muž,40 - 59,Pardubický kraj,56,0,0,0.0,0.0
2026-08-03,Kliknito.cz,context,Desktop,iOS,Muž,40 - 59,Kraj Vysočina,9,0,0,0.0,0.0
2026-08-03,Kliknito.cz,context,Desktop,iOS,Muž,40 - 59,Jihomoravský kraj,19,0,0,0.0,0.0
2026-08-03,Kliknito.cz,context,Desktop,iOS,Muž,40 - 59,Olomoucký kraj,4,0,0,0.0,0.0
2026-08-03,Kliknito.cz,context,Desktop,iOS,Muž,40 - 59,Zlínský kraj,19,0,0,0.0,0.0
2026-08-03,Kliknito.cz,context,Desktop,iOS,Muž,40 - 59,Moravskoslezský kraj,9,0,0,0.0,0.0
2026-08-03,Kliknito.cz,context,Tablet,,Žena,18 - 24,Hlavní město Praha,5,1,0,0.0,0.79
2026-08-03,Kliknito.cz,context,Tablet,,Žena,18 - 24,Středočeský kraj,2,0,0,0.0,0.31
2026-08-03,Kliknito.cz,context,Tablet,,Žena,18 - 24,Jihočeský kraj,38,2,0,0.0,5.97
2026-08-03,Kliknito.cz,context,Tablet,,Žena,18 - 24,Plzeňský kraj,7,0,0,0.0,1.1
2026-08-03,Kliknito.cz,context,Tablet,,Žena,18 - 24,Karlovarský kraj,4,0,0,0.0,0.63
2026-08-03,Kliknito.cz,context,Tablet,,Žena,18 - 24,Ústecký kraj,4,0,0,0.0,0.63
2026-08-03,Kliknito.cz,context,Tablet,,Žena,18 - 24,Liberecký kraj,13,0,0,0.0,2.04
2026-08-03,Kliknito.cz,context,Tablet,,Žena,18 - 24,Královéhradecký kraj,12,1,0,0.0,1.88
2026-08-03,Kliknito.cz,context,Tablet,,Žena,18 - 24,Pardubický kraj,5,0,0,0.0,0.79
2026-08-03,Kliknito.cz,context,Tablet,,Žena,18 - 24,Kraj Vysočina,3,0,0,0.0,0.47
2026-08-03,Kliknito.cz,context,Tablet,,Žena,18 - 24,Jihomoravský kraj,2,0,0,0.0,0.31
2026-08-03,Kliknito.cz,context,Tablet,,Žena,18 - 24,Olomoucký kraj,5,1,0,0.0,0.79
2026-08-03,Kliknito.cz,context,Tablet,,Žena,18 - 24,Zlínský kraj,5,0,0,0.0,0.79
2026-08-03,Kliknito.cz,context,Tablet,,Žena,18 - 24,Moravskoslezský kraj,13,0,0,0.0,2.04
2026-08-03,Kliknito.cz,context,Tablet,,Muž,60+,Hlavní město Praha,3304,22,2,0.0,81.3
2026-08-03,Kliknito.cz,context,Tablet,,Muž,60+,Středočeský kraj,1775,18,2,0.0,43.67
2026-08-03,Kliknito.cz,context,Tablet,,Muž,60+,Jihočeský kraj,1456,5,0,0.0,35.83
2026-08-03,Kliknito.cz,context,Tablet,,Muž,60+,Plzeňský kraj,4625,37,1,0.0,113.8
2026-08-03,Kliknito.cz,context,Tablet,,Muž,60+,Karlovarský kraj,249,1,0,0.0,6.13
2026-08-03,Kliknito.cz,context,Tablet,,Muž,60+,Ústecký kraj,1874,9,0,0.0,46.11
2026-08-03,Kliknito.cz,context,Tablet,,Muž,60+,Liberecký kraj,65,0,0,0.0,1.6
2026-08-03,Kliknito.cz,context,Tablet,,Muž,60+,Královéhradecký kraj,1055,6,0,0.0,25.96
2026-08-03,Kliknito.cz,context,Tablet,,Muž,60+,Pardubický kraj,225,2,0,0.0,5.54
2026-08-03,Kliknito.cz,context,Tablet,,Muž,60+,Kraj Vysočina,1699,6,0,0.0,41.8
2026-08-03,Kliknito.cz,context,Tablet,,Muž,60+,Jihomoravský kraj,301,0,0,0.0,7.41
2026-08-03,Kliknito.cz,context,Tablet,,Muž,60+,Olomoucký kraj,757,2,0,0.0,18.63
2026-08-03,Kliknito.cz,context,Tablet,,Muž,60+,Zlínský kraj,9280,59,3,0.0,228.34
2026-08-03,Kliknito.cz,context,Tablet,,Muž,60+,Moravskoslezský kraj,248,2,0,0.0,6.1
2026-08-03,Kopačka.cz,context,Desktop,Windows,Neznámý,25 - 39,Hlavní město Praha,1,0,0,0.0,0.0
2026-08-03,Kopačka.cz,context,Desktop,Windows,Neznámý,25 - 39,Středočeský kraj,1,0,0,0.0,0.0
2026-08-03,Kopačka.cz,context,Desktop,Windows,Neznámý,25 - 39,Jihočeský kraj,1,0,0,0.0,0.0
2026-08-03,Kopačka.cz,context,Desktop,Windows,Neznámý,25 - 39,Plzeňský kraj,1,0,0,0.0,0.0
2026-08-03,Kopačka.cz,context,Desktop,Windows,Neznámý,25 - 39,Karlovarský kraj,1,0,0,0.0,0.0
2026-08-03,Kopačka.cz,context,Desktop,Windows,Neznámý,25 - 39,Ústecký kraj,1,0,0,0.0,0.0
2026-08-03,Kopačka.cz,context,Desktop,Windows,Neznámý,25 - 39,Liberecký kraj,1,0,0,0.0,0.0
2026-08-03,Kopačka.cz,context,Desktop,Windows,Neznámý,25 - 39,Královéhradecký kraj,1,0,0,0.0,0.0
2026-08-03,Kopačka.cz,context,Desktop,Windows,Neznámý,25 - 39,Pardubický kraj,1,0,0,0.0,0.0
2026-08-03,Kopačka.cz,context,Desktop,Windows,Neznámý,25 - 39,Kraj Vysočina,1,0,0,0.0,0.0
2026-08-03,Kopačka.cz,context,Desktop,Windows,Neznámý,25 - 39,Jihomoravský kraj,1,0,0,0.0,0.0
2026-08-03,Kopačka.cz,context,Desktop,Windows,Neznámý,25 - 39,Olomoucký kraj,1,0,0,0.0,0.0
2026-08-03,Kopačka.cz,context,Desktop,Windows,Neznámý,25 - 39,Zlínský kraj,1,0,0,0.0,0.0
2026-08-03,Kopačka.cz,context,Desktop,Windows,Neznámý,25 - 39,Moravskoslezský kraj,1,0,0,0.0,0.0
2026-08-03,Kopačka.cz,context,Desktop,ChromeOS,Žena,Neznámý,Hlavní město Praha,1,0,0,0.0,0.01
2026-08-03,Kopačka.cz,context,Desktop,ChromeOS,Žena,Neznámý,Středočeský kraj,5,0,0,0.0,0.05
2026-08-03,Kopačka.cz,context,Desktop,ChromeOS,Žena,Neznámý,Jihočeský kraj,2,0,0,0.0,0.02
2026-08-03,Kopačka.cz,context,Desktop,ChromeOS,Žena,Neznámý,Plzeňský kraj,1,0,0,0.0,0.01
2026-08-03,Kopačka.cz,context,Desktop,ChromeOS,Žena,Neznámý,Karlovarský kraj,3,0,0,0.0,0.03
2026-08-03,Kopačka.cz,context,Desktop,ChromeOS,Žena,Neznámý,Ústecký kraj,2,0,0,0.0,0.02
2026-08-03,Kopačka.cz,context,Desktop,ChromeOS,Žena,Neznámý,Liberecký kraj,1,0,0,0.0,0.01
2026-08-03,Kopačka.cz,context,Desktop,ChromeOS,Žena,Neznámý,Královéhradecký kraj,1,0,0,0.0,0.01
2026-08-03,Kopačka.cz,context,Desktop,ChromeOS,Žena,Neznámý,Pardubický kraj,2,0,0,0.0,0.02
2026-08-03,Kopačka.cz,context,Desktop,ChromeOS,Žena,Neznámý,Kraj Vysočina,1,0,0,0.0,0.01
2026-08-03,Kopačka.cz,context,Desktop,ChromeOS,Žena,Neznámý,Jihomoravský kraj,3,0,0,0.0,0.03
2026-08-03,Kopačka.cz,context,Desktop,ChromeOS,Žena,Neznámý,Olomoucký kraj,2,0,0,0.0,0.02
2026-08-03,Kopačka.cz,context,Desktop,ChromeOS,Žena,Neznámý,Zlínský kraj,1,0,0,0.0,0.01
2026-08-03,Kopačka.cz,context,Desktop,ChromeOS,Žena,Neznámý,Moravskoslezský kraj,1,0,0,0.0,0.01
2026-08-03,Kopačka.cz,context,SmartPhone,,Žena,60+,Hlavní město Praha,1021,2,0,0.0,10.39
2026-08-03,Kopačka.cz,context,SmartPhone,,Žena,60+,Středočeský kraj,333,0,0,0.0,3.39
2026-08-03,Kopačka.cz,context,SmartPhone,,Žena,60+,Jihočeský kraj,601,4,0,0.0,6.11
2026-08-03,Kopačka.cz,context,SmartPhone,,Žena,60+,Plzeňský kraj,74,0,0,0.0,0.75
2026-08-03,Kopačka.cz,context,SmartPhone,,Žena,60+,Karlovarský kraj,134,0,0,0.0,1.36
2026-08-03,Kopačka.cz,context,SmartPhone,,Žena,60+,Ústecký kraj,458,2,0,0.0,4.66
2026-08-03,Kopačka.cz,context,SmartPhone,,Žena,60+,Liberecký kraj,211,2,0,0.0,2.15
2026-08-03,Kopačka.cz,context,SmartPhone,,Žena,60+,Královéhradecký kraj,108,0,0,0.0,1.1
2026-08-03,Kopačka.cz,context,SmartPhone,,Žena,60+,Pardubický kraj,63,0,0,0.0,0.64
2026-08-03,Kopačka.cz,context,SmartPhone,,Žena,60+,Kraj Vysočina,118,2,0,0.0,1.2
2026-08-03,Kopačka.cz,context,SmartPhone,,Žena,60+,Jihomoravský kraj,7,0,0,0.0,0.07
2026-08-03,Kopačka.cz,context,SmartPhone,,Žena,60+,Olomoucký kraj,540,2,0,0.0,5.49
2026-08-03,Kopačka.cz,context,SmartPhone,,Žena,60+,Zlínský kraj,1098,3,0,0.0,11.17
2026-08-03,Kopačka.cz,context,SmartPhone,,Žena,60+,Moravskoslezský kraj,286,1,0,0.0,2.91
2026-08-03,Kopačka.cz,context,SmartPhone,Android,Žena,25 - 39,Hlavní město Praha,1143,0,0,0.0,12.19
2026-08-03,Kopačka.cz,context,SmartPhone,Android,Žena,25 - 39,Středočeský kraj,605,3,0,0.0,6.45
2026-08-03,Kopačka.cz,context,SmartPhone,Android,Žena,25 - 39,Jihočeský kraj,3693,5,1,0.0,39.39
2026-08-03,Kopačka.cz,context,SmartPhone,Android,Žena,25 - 39,Plzeňský kraj,2876,5,0,0.0,30.68
2026-08-03,Kopačka.cz,context,SmartPhone,Android,Žena,25 - 39,Karlovarský kraj,2894,5,0,0.0,30.87
2026-08-03,Kopačka.cz,context,SmartPhone,Android,Žena,25 - 39,Ústecký kraj,617,1,0,0.0,6.58
2026-08-03,Kopačka.cz,context,SmartPhone,Android,Žena,25 - 39,Liberecký kraj,2356,7,0,0.0,25.13
2026-08-03,Kopačka.cz,context,SmartPhone,Android,Žena,25 - 39,Královéhradecký kraj,3037,4,0,0.0,32.39
2026-08-03,Kopačka.cz,context,SmartPhone,Android,Žena,25 - 39,Pardubický kraj,3368,4,1,0.0,35.92
2026-08-03,Kopačka.cz,context,SmartPhone,Android,Žena,25 - 39,Kraj Vysočina,3893,10,0,0.0,41.52
2026-08-03,Kopačka.cz,context,SmartPhone,Android,Žena,25 - 39,Jihomoravský kraj,5458,6,0,0.0,58.22
2026-08-03,Kopačka.cz,context,SmartPhone,Android,Žena,25 - 39,Olomoucký kraj,2570,5,0,0.0,27.41
2026-08-03,Kopačka.cz,context,SmartPhone,Android,Žena,25 - 39,Zlínský kraj,3390,7,1,0.0,36.16
2026-08-03,Kopačka.cz,context,SmartPhone,Android,Žena,25 - 39,Moravskoslezský kraj,997,0,0,0.0,10.63
2026-08-03,Kámoši.net,context,SmartPhone,Android,Muž,Neznámý,Hlavní město Praha,1026,1,0,0.0,8.57
2026-08-03,Kámoši.net,context,SmartPhone,Android,Muž,Neznámý,Středočeský kraj,98,0,0,0.0,0.82
2026-08-03,Kámoši.net,context,SmartPhone,Android,Muž,Neznámý,Jihočeský kraj,7,0,0,0.0,0.06
2026-08-03,Kámoši.net,context,SmartPhone,Android,Muž,Neznámý,Plzeňský kraj,461,1,0,0.0,3.85
2026-08-03,Kámoši.net,context,SmartPhone,Android,Muž,Neznámý,Karlovarský kraj,1326,2,0,0.0,11.08
2026-08-03,Kámoši.net,context,SmartPhone,Android,Muž,Neznámý,Ústecký kraj,782,3,0,0.0,6.54
2026-08-03,Kámoši.net,context,SmartPhone,Android,Muž,Neznámý,Liberecký kraj,145,1,0,0.0,1.21
2026-08-03,Kámoši.net,context,SmartPhone,Android,Muž,Neznámý,Královéhradecký kraj,656,4,0,0.0,5.48
2026-08-03,Kámoši.net,context,SmartPhone,Android,Muž,Neznámý,Pardubický kraj,5,0,0,0.0,0.04
2026-08-03,Kámoši.net,context,SmartPhone,Android,Muž,Neznámý,Kraj Vysočina,19,0,0,0.0,0.16
2026-08-03,Kámoši.net,context,SmartPhone,Android,Muž,Neznámý,Jihomoravský kraj,576,1,0,0.0,4.81
2026-08-03,Kámoši.net,context,SmartPhone,Android,Muž,Neznámý,Olomoucký kraj,1102,3,0,0.0,9.21
2026-08-03,Kámoši.net,context,SmartPhone,Android,Muž,Neznámý,Zlínský kraj,549,3,1,0.0,4.59
2026-08-03,Kámoši.net,context,SmartPhone,Android,Muž,Neznámý,Moravskoslezský kraj,243,0,0,0.0,2.03
2026-08-03,Pozdní Zprávy,context,SmallScreen,Android,Muž,60+,Hlavní město Praha,22,0,0,0.0,0.55
2026-08-03,Pozdní Zprávy,context,SmallScreen,Android,Muž,60+,Středočeský kraj,19,1,0,0.0,0.48
2026-08-03,Pozdní Zprávy,context,SmallScreen,Android,Muž,60+,Jihočeský kraj,42,0,0,0.0,1.06
2026-08-03,Pozdní Zprávy,context,SmallScreen,Android,Muž,60+,Plzeňský kraj,54,0,0,0.0,1.36
2026-08-03,Pozdní Zprávy,context,SmallScreen,Android,Muž,60+,Karlovarský kraj,4,0,0,0.0,0.1
2026-08-03,Pozdní Zprávy,context,SmallScreen,Android,Muž,60+,Ústecký kraj,23,0,0,0.0,0.58
2026-08-03,Pozdní Zprávy,context,SmallScreen,Android,Muž,60+,Liberecký kraj,36,0,0,0.0,0.91
2026-08-03,Pozdní Zprávy,context,SmallScreen,Android,Muž,60+,Královéhradecký kraj,14,1,0,0.0,0.35
2026-08-03,Pozdní Zprávy,context,SmallScreen,Android,Muž,60+,Pardubický kraj,2,0,0,0.0,0.05
2026-08-03,Pozdní Zprávy,context,SmallScreen,Android,Muž,60+,Kraj Vysočina,69,0,0,0.0,1.74
2026-08-03,Pozdní Zprávy,context,SmallScreen,Android,Muž,60+,Jihomoravský kraj,4,0,0,0.0,0.1
2026-08-03,Pozdní Zprávy,context,SmallScreen,Android,Muž,60+,Olomoucký kraj,8,0,0,0.0,0.2
2026-08-03,Pozdní Zprávy,context,SmallScreen,Android,Muž,60+,Zlínský kraj,7,0,0,0.0,0.18
2026-08-03,Pozdní Zprávy,context,SmallScreen,Android,Muž,60+,Moravskoslezský kraj,32,0,0,0.0,0.81
2026-08-03,Pozdní Zprávy,context,SmartPhone,Windows,Muž,40 - 59,Hlavní město Praha,1,0,0,0.0,0.0
2026-08-03,Pozdní Zprávy,context,SmartPhone,Windows,Muž,40 - 59,Středočeský kraj,1,0,0,0.0,0.0
2026-08-03,Pozdní Zprávy,context,SmartPhone,Windows,Muž,40 - 59,Jihočeský kraj,1,0,0,0.0,0.0
2026-08-03,Pozdní Zprávy,context,SmartPhone,Windows,Muž,40 - 59,Plzeňský kraj,1,0,0,0.0,0.0
2026-08-03,Pozdní Zprávy,context,SmartPhone,Windows,Muž,40 - 59,Karlovarský kraj,3,0,0,0.0,0.0
2026-08-03,Pozdní Zprávy,context,SmartPhone,Windows,Muž,40 - 59,Ústecký kraj,1,0,0,0.0,0.0
2026-08-03,Pozdní Zprávy,context,SmartPhone,Windows,Muž,40 - 59,Liberecký kraj,1,0,0,0.0,0.0
2026-08-03,Pozdní Zprávy,context,SmartPhone,Windows,Muž,40 - 59,Královéhradecký kraj,1,0,0,0.0,0.0
2026-08-03,Pozdní Zprávy,context,SmartPhone,Windows,Muž,40 - 59,Pardubický kraj,1,0,0,0.0,0.0
2026-08-03,Pozdní Zprávy,context,SmartPhone,Windows,Muž,40 - 59,Kraj Vysočina,1,0,0,0.0,0.0
2026-08-03,Pozdní Zprávy,context,SmartPhone,Windows,Muž,40 - 59,Jihomoravský kraj,1,0,0,0.0,0.0
2026-08-03,Pozdní Zprávy,context,SmartPhone,Windows,Muž,40 - 59,Olomoucký kraj,1,0,0,0.0,0.0
2026-08-03,Pozdní Zprávy,context,SmartPhone,Windows,Muž,40 - 59,Zlínský kraj,1,0,0,0.0,0.0
2026-08-03,Pozdní Zprávy,context,SmartPhone,Windows,Muž,40 - 59,Moravskoslezský kraj,1,0,0,0.0,0.0
2026-08-03,Pozdní Zprávy,context,SmartPhone,iOS,Muž,18 - 24,Hlavní město Praha,2830,6,0,0.0,20.66
2026-08-03,Pozdní Zprávy,context,SmartPhone,iOS,Muž,18 - 24,Středočeský kraj,1556,1,0,0.0,11.36
2026-08-03,Pozdní Zprávy,context,SmartPhone,iOS,Muž,18 - 24,Jihočeský kraj,162,0,0,0.0,1.18
2026-08-03,Pozdní Zprávy,context,SmartPhone,iOS,Muž,18 - 24,Plzeňský kraj,3449,5,1,0.0,25.18
2026-08-03,Pozdní Zprávy,context,SmartPhone,iOS,Muž,18 - 24,Karlovarský kraj,141,0,0,0.0,1.03
2026-08-03,Pozdní Zprávy,context,SmartPhone,iOS,Muž,18 - 24,Ústecký kraj,827,0,0,0.0,6.04
2026-08-03,Pozdní Zprávy,context,SmartPhone,iOS,Muž,18 - 24,Liberecký kraj,5144,7,0,0.0,37.56
2026-08-03,Pozdní Zprávy,context,SmartPhone,iOS,Muž,18 - 24,Královéhradecký kraj,124,0,0,0.0,0.91
2026-08-03,Pozdní Zprávy,context,SmartPhone,iOS,Muž,18 - 24,Pardubický kraj,1629,1,0,0.0,11.89
2026-08-03,Pozdní Zprávy,context,SmartPhone,iOS,Muž,18 - 24,Kraj Vysočina,2645,2,0,0.0,19.31
2026-08-03,Pozdní Zprávy,context,SmartPhone,iOS,Muž,18 - 24,Jihomoravský kraj,748,2,0,0.0,5.46
2026-08-03,Pozdní Zprávy,context,SmartPhone,iOS,Muž,18 - 24,Olomoucký kraj,1975,2,0,0.0,14.42
2026-08-03,Pozdní Zprávy,context,SmartPhone,iOS,Muž,18 - 24,Zlínský kraj,313,0,0,0.0,2.29
2026-08-03,Pozdní Zprávy,context,SmartPhone,iOS,Muž,18 - 24,Moravskoslezský kraj,5678,8,0,0.0,41.46
2026-08-03,Poštovna.cz,context,Tablet,,Žena,60+,Hlavní město Praha,43,1,0,0.0,0.7
2026-08-03,Poštovna.cz,context,Tablet,,Žena,60+,Středočeský kraj,34,0,0,0.0,0.55
2026-08-03,Poštovna.cz,context,Tablet,,Žena,60+,Jihočeský kraj,62,0,0,0.0,1.01
2026-08-03,Poštovna.cz,context,Tablet,,Žena,60+,Plzeňský kraj,8,0,0,0.0,0.13
2026-08-03,Poštovna.cz,context,Tablet,,Žena,60+,Karlovarský kraj,67,0,0,0.0,1.09
2026-08-03,Poštovna.cz,context,Tablet,,Žena,60+,Ústecký kraj,7,0,0,0.0,0.11
2026-08-03,Poštovna.cz,context,Tablet,,Žena,60+,Liberecký kraj,23,0,0,0.0,0.37
2026-08-03,Poštovna.cz,context,Tablet,,Žena,60+,Královéhradecký kraj,38,0,0,0.0,0.62
2026-08-03,Poštovna.cz,context,Tablet,,Žena,60+,Pardubický kraj,24,0,0,0.0,0.39
2026-08-03,Poštovna.cz,context,Tablet,,Žena,60+,Kraj Vysočina,10,0,0,0.0,0.16
2026-08-03,Poštovna.cz,context,Tablet,,Žena,60+,Jihomoravský kraj,6,0,0,0.0,0.1
2026-08-03,Poštovna.cz,context,Tablet,,Žena,60+,Olomoucký kraj,8,0,0,0.0,0.13
2026-08-03,Poštovna.cz,context,Tablet,,Žena,60+,Zlínský kraj,17,0,0,0.0,0.28
2026-08-03,Poštovna.cz,context,Tablet,,Žena,60+,Moravskoslezský kraj,19,0,0,0.0,0.31
2026-08-03,ProTety.cz,context,Desktop,ChromeOS,Žena,18 - 24,Hlavní město Praha,1,0,0,0.0,0.0
2026-08-03,ProTety.cz,context,Desktop,ChromeOS,Žena,18 - 24,Středočeský kraj,1,0,0,0.0,0.0
2026-08-03,ProTety.cz,context,Desktop,ChromeOS,Žena,18 - 24,Jihočeský kraj,1,0,0,0.0,0.0
2026-08-03,ProTety.cz,context,Desktop,ChromeOS,Žena,18 - 24,Plzeňský kraj,1,0,0,0.0,0.0
2026-08-03,ProTety.cz,context,Desktop,ChromeOS,Žena,18 - 24,Karlovarský kraj,1,0,0,0.0,0.0
2026-08-03,ProTety.cz,context,Desktop,ChromeOS,Žena,18 - 24,Ústecký kraj,1,0,0,0.0,0.0
2026-08-03,ProTety.cz,context,Desktop,ChromeOS,Žena,18 - 24,Liberecký kraj,1,0,0,0.0,0.0
2026-08-03,ProTety.cz,context,Desktop,ChromeOS,Žena,18 - 24,Královéhradecký kraj,1,0,0,0.0,0.0
2026-08-03,ProTety.cz,context,Desktop,ChromeOS,Žena,18 - 24,Pardubický kraj,1,0,0,0.0,0.0
2026-08-03,ProTety.cz,context,Desktop,ChromeOS,Žena,18 - 24,Kraj Vysočina,1,0,0,0.0,0.0
2026-08-03,ProTety.cz,context,Desktop,ChromeOS,Žena,18 - 24,Jihomoravský kraj,1,0,0,0.0,0.0
2026-08-03,ProTety.cz,context,Desktop,ChromeOS,Žena,18 - 24,Olomoucký kraj,1,0,0,0.0,0.0
2026-08-03,ProTety.cz,context,Desktop,ChromeOS,Žena,18 - 24,Zlínský kraj,1,0,0,0.0,0.0
2026-08-03,ProTety.cz,context,Desktop,ChromeOS,Žena,18 - 24,Moravskoslezský kraj,1,0,0,0.0,0.0
2026-08-03,ProTety.cz,context,Desktop,macOS,Neznámý,18 - 24,Hlavní město Praha,1,0,0,0.0,0.0
2026-08-03,ProTety.cz,context,Desktop,macOS,Neznámý,18 - 24,Středočeský kraj,1,0,0,0.0,0.0
2026-08-03,ProTety.cz,context,Desktop,macOS,Neznámý,18 - 24,Jihočeský kraj,1,0,0,0.0,0.0
2026-08-03,ProTety.cz,context,Desktop,macOS,Neznámý,18 - 24,Plzeňský kraj,1,0,0,0.0,0.0
2026-08-03,ProTety.cz,context,Desktop,macOS,Neznámý,18 - 24,Karlovarský kraj,1,0,0,0.0,0.0
2026-08-03,ProTety.cz,context,Desktop,macOS,Neznámý,18 - 24,Ústecký kraj,1,0,0,0.0,0.0
2026-08-03,ProTety.cz,context,Desktop,macOS,Neznámý,18 - 24,Liberecký kraj,1,0,0,0.0,0.0
2026-08-03,ProTety.cz,context,Desktop,macOS,Neznámý,18 - 24,Královéhradecký kraj,1,0,0,0.0,0.0
2026-08-03,ProTety.cz,context,Desktop,macOS,Neznámý,18 - 24,Pardubický kraj,1,0,0,0.0,0.0
2026-08-03,ProTety.cz,context,Desktop,macOS,Neznámý,18 - 24,Kraj Vysočina,1,0,0,0.0,0.0
2026-08-03,ProTety.cz,context,Desktop,macOS,Neznámý,18 - 24,Jihomoravský kraj,1,0,0,0.0,0.0
2026-08-03,ProTety.cz,context,Desktop,macOS,Neznámý,18 - 24,Olomoucký kraj,1,0,0,0.0,0.0
2026-08-03,ProTety.cz,context,Desktop,macOS,Neznámý,18 - 24,Zlínský kraj,1,0,0,0.0,0.0
2026-08-03,ProTety.cz,context,Desktop,macOS,Neznámý,18 - 24,Moravskoslezský kraj,1,0,0,0.0,0.0
2026-08-03,ProTety.cz,context,Desktop,Android,Muž,Neznámý,Hlavní město Praha,1,0,0,0.0,0.0
2026-08-03,ProTety.cz,context,Desktop,Android,Muž,Neznámý,Středočeský kraj,1,0,0,0.0,0.0
2026-08-03,ProTety.cz,context,Desktop,Android,Muž,Neznámý,Jihočeský kraj,1,0,0,0.0,0.0
2026-08-03,ProTety.cz,context,Desktop,Android,Muž,Neznámý,Plzeňský kraj,1,0,0,0.0,0.0
2026-08-03,ProTety.cz,context,Desktop,Android,Muž,Neznámý,Karlovarský kraj,2,0,0,0.0,0.0
2026-08-03,ProTety.cz,context,Desktop,Android,Muž,Neznámý,Ústecký kraj,1,0,0,0.0,0.0
2026-08-03,ProTety.cz,context,Desktop,Android,Muž,Neznámý,Liberecký kraj,2,0,0,0.0,0.0
2026-08-03,ProTety.cz,context,Desktop,Android,Muž,Neznámý,Královéhradecký kraj,1,0,0,0.0,0.0
2026-08-03,ProTety.cz,context,Desktop,Android,Muž,Neznámý,Pardubický kraj,1,0,0,0.0,0.0
2026-08-03,ProTety.cz,context,Desktop,Android,Muž,Neznámý,Kraj Vysočina,1,0,0,0.0,0.0
2026-08-03,ProTety.cz,context,Desktop,Android,Muž,Neznámý,Jihomoravský kraj,1,0,0,0.0,0.0
2026-08-03,ProTety.cz,context,Desktop,Android,Muž,Neznámý,Olomoucký kraj,1,0,0,0.0,0.0
2026-08-03,ProTety.cz,context,Desktop,Android,Muž,Neznámý,Zlínský kraj,1,0,0,0.0,0.0
2026-08-03,ProTety.cz,context,Desktop,Android,Muž,Neznámý,Moravskoslezský kraj,1,0,0,0.0,0.0
2026-08-04,Aktualitky.cz,context,Tv,,Muž,Neznámý,Hlavní město Praha,19,0,0,0.0,0.22
2026-08-04,Aktualitky.cz,context,Tv,,Muž,Neznámý,Středočeský kraj,3,0,0,0.0,0.04
2026-08-04,Aktualitky.cz,context,Tv,,Muž,Neznámý,Jihočeský kraj,5,0,0,0.0,0.06
2026-08-04,Aktualitky.cz,context,Tv,,Muž,Neznámý,Plzeňský kraj,10,0,0,0.0,0.12
2026-08-04,Aktualitky.cz,context,Tv,,Muž,Neznámý,Karlovarský kraj,26,1,0,0.0,0.31
2026-08-04,Aktualitky.cz,context,Tv,,Muž,Neznámý,Ústecký kraj,10,0,0,0.0,0.12
2026-08-04,Aktualitky.cz,context,Tv,,Muž,Neznámý,Liberecký kraj,3,0,0,0.0,0.04
2026-08-04,Aktualitky.cz,context,Tv,,Muž,Neznámý,Královéhradecký kraj,41,0,0,0.0,0.48
2026-08-04,Aktualitky.cz,context,Tv,,Muž,Neznámý,Pardubický kraj,64,0,0,0.0,0.76
2026-08-04,Aktualitky.cz,context,Tv,,Muž,Neznámý,Kraj Vysočina,1,0,0,0.0,0.01
2026-08-04,Aktualitky.cz,context,Tv,,Muž,Neznámý,Jihomoravský kraj,39,1,0,0.0,0.46
2026-08-04,Aktualitky.cz,context,Tv,,Muž,Neznámý,Olomoucký kraj,1,0,0,0.0,0.01
2026-08-04,Aktualitky.cz,context,Tv,,Muž,Neznámý,Zlínský kraj,27,0,0,0.0,0.32
2026-08-04,Aktualitky.cz,context,Tv,,Muž,Neznámý,Moravskoslezský kraj,7,0,0,0.0,0.08
2026-08-04,Aktualitky.cz,context,Mobile,Android,Muž,60+,Hlavní město Praha,1,0,0,0.0,0.0
2026-08-04,Aktualitky.cz,context,Mobile,Android,Muž,60+,Středočeský kraj,1,0,0,0.0,0.0
2026-08-04,Aktualitky.cz,context,Mobile,Android,Muž,60+,Jihočeský kraj,1,0,0,0.0,0.0
2026-08-04,Aktualitky.cz,context,Mobile,Android,Muž,60+,Plzeňský kraj,1,0,0,0.0,0.0
2026-08-04,Aktualitky.cz,context,Mobile,Android,Muž,60+,Karlovarský kraj,1,0,0,0.0,0.0
2026-08-04,Aktualitky.cz,context,Mobile,Android,Muž,60+,Ústecký kraj,1,0,0,0.0,0.0
2026-08-04,Aktualitky.cz,context,Mobile,Android,Muž,60+,Liberecký kraj,1,0,0,0.0,0.0
2026-08-04,Aktualitky.cz,context,Mobile,Android,Muž,60+,Královéhradecký kraj,1,0,0,0.0,0.0
2026-08-04,Aktualitky.cz,context,Mobile,Android,Muž,60+,Pardubický kraj,1,0,0,0.0,0.0
2026-08-04,Aktualitky.cz,context,Mobile,Android,Muž,60+,Kraj Vysočina,1,0,0,0.0,0.0
2026-08-04,Aktualitky.cz,context,Mobile,Android,Muž,60+,Jihomoravský kraj,1,0,0,0.0,0.0
2026-08-04,Aktualitky.cz,context,Mobile,Android,Muž,60+,Olomoucký kraj,1,0,0,0.0,0.0
2026-08-04,Aktualitky.cz,context,Mobile,Android,Muž,60+,Zlínský kraj,1,0,0,0.0,0.0
2026-08-04,Aktualitky.cz,context,Mobile,Android,Muž,60+,Moravskoslezský kraj,1,0,0,0.0,0.0
2026-08-04,Aktualitky.cz,context,Tablet,iPadOS,Žena,60+,Hlavní město Praha,6168,32,1,0.0,130.62
2026-08-04,Aktualitky.cz,context,Tablet,iPadOS,Žena,60+,Středočeský kraj,5386,26,0,0.0,114.06
2026-08-04,Aktualitky.cz,context,Tablet,iPadOS,Žena,60+,Jihočeský kraj,367,0,0,0.0,7.77
2026-08-04,Aktualitky.cz,context,Tablet,iPadOS,Žena,60+,Plzeňský kraj,463,0,0,0.0,9.81
2026-08-04,Aktualitky.cz,context,Tablet,iPadOS,Žena,60+,Karlovarský kraj,2375,20,0,0.0,50.3
2026-08-04,Aktualitky.cz,context,Tablet,iPadOS,Žena,60+,Ústecký kraj,2200,14,0,0.0,46.59
2026-08-04,Aktualitky.cz,context,Tablet,iPadOS,Žena,60+,Liberecký kraj,40,1,0,0.0,0.85
2026-08-04,Aktualitky.cz,context,Tablet,iPadOS,Žena,60+,Královéhradecký kraj,258,1,0,0.0,5.46
2026-08-04,Aktualitky.cz,context,Tablet,iPadOS,Žena,60+,Pardubický kraj,2046,11,0,0.0,43.33
2026-08-04,Aktualitky.cz,context,Tablet,iPadOS,Žena,60+,Kraj Vysočina,1538,6,0,0.0,32.57
2026-08-04,Aktualitky.cz,context,Tablet,iPadOS,Žena,60+,Jihomoravský kraj,3963,29,1,0.0,83.93
2026-08-04,Aktualitky.cz,context,Tablet,iPadOS,Žena,60+,Olomoucký kraj,672,1,0,0.0,14.23
2026-08-04,Aktualitky.cz,context,Tablet,iPadOS,Žena,60+,Zlínský kraj,13542,82,1,0.0,286.78
2026-08-04,Aktualitky.cz,context,Tablet,iPadOS,Žena,60+,Moravskoslezský kraj,735,1,0,0.0,15.57
2026-08-04,Aktualitky.cz,context,MediaHub,Android,Muž,40 - 59,Hlavní město Praha,7,0,0,0.0,0.03
2026-08-04,Aktualitky.cz,context,MediaHub,Android,Muž,40 - 59,Středočeský kraj,6,0,0,0.0,0.02
2026-08-04,Aktualitky.cz,context,MediaHub,Android,Muž,40 - 59,Jihočeský kraj,5,0,0,0.0,0.02
2026-08-04,Aktualitky.cz,context,MediaHub,Android,Muž,40 - 59,Plzeňský kraj,2,0,0,0.0,0.01
2026-08-04,Aktualitky.cz,context,MediaHub,Android,Muž,40 - 59,Karlovarský kraj,1,0,0,0.0,0.0
2026-08-04,Aktualitky.cz,context,MediaHub,Android,Muž,40 - 59,Ústecký kraj,9,0,0,0.0,0.03
2026-08-04,Aktualitky.cz,context,MediaHub,Android,Muž,40 - 59,Liberecký kraj,1,0,0,0.0,0.0
2026-08-04,Aktualitky.cz,context,MediaHub,Android,Muž,40 - 59,Královéhradecký kraj,3,0,0,0.0,0.01
2026-08-04,Aktualitky.cz,context,MediaHub,Android,Muž,40 - 59,Pardubický kraj,2,0,0,0.0,0.01
2026-08-04,Aktualitky.cz,context,MediaHub,Android,Muž,40 - 59,Kraj Vysočina,9,0,0,0.0,0.03
2026-08-04,Aktualitky.cz,context,MediaHub,Android,Muž,40 - 59,Jihomoravský kraj,3,0,0,0.0,0.01
2026-08-04,Aktualitky.cz,context,MediaHub,Android,Muž,40 - 59,Olomoucký kraj,5,0,0,0.0,0.02
2026-08-04,Aktualitky.cz,context,MediaHub,Android,Muž,40 - 59,Zlínský kraj,12,0,0,0.0,0.04
2026-08-04,Aktualitky.cz,context,MediaHub,Android,Muž,40 - 59,Moravskoslezský kraj,6,0,0,0.0,0.02
2026-08-04,Aktualitky.cz,context,SmartPhone,Windows,Žena,60+,Hlavní město Praha,1,0,0,0.0,0.0
2026-08-04,Aktualitky.cz,context,SmartPhone,Windows,Žena,60+,Středočeský kraj,1,0,0,0.0,0.0
2026-08-04,Aktualitky.cz,context,SmartPhone,Windows,Žena,60+,Jihočeský kraj,1,0,0,0.0,0.0
2026-08-04,Aktualitky.cz,context,SmartPhone,Windows,Žena,60+,Plzeňský kraj,1,0,0,0.0,0.0
2026-08-04,Aktualitky.cz,context,SmartPhone,Windows,Žena,60+,Karlovarský kraj,1,0,0,0.0,0.0
2026-08-04,Aktualitky.cz,context,SmartPhone,Windows,Žena,60+,Ústecký kraj,1,0,0,0.0,0.0
2026-08-04,Aktualitky.cz,context,SmartPhone,Windows,Žena,60+,Liberecký kraj,2,0,0,0.0,0.0
2026-08-04,Aktualitky.cz,context,SmartPhone,Windows,Žena,60+,Královéhradecký kraj,1,0,0,0.0,0.0
2026-08-04,Aktualitky.cz,context,SmartPhone,Windows,Žena,60+,Pardubický kraj,1,0,0,0.0,0.0
2026-08-04,Aktualitky.cz,context,SmartPhone,Windows,Žena,60+,Kraj Vysočina,1,0,0,0.0,0.0
2026-08-04,Aktualitky.cz,context,SmartPhone,Windows,Žena,60+,Jihomoravský kraj,1,0,0,0.0,0.0
2026-08-04,Aktualitky.cz,context,SmartPhone,Windows,Žena,60+,Olomoucký kraj,1,0,0,0.0,0.0
2026-08-04,Aktualitky.cz,context,SmartPhone,Windows,Žena,60+,Zlínský kraj,1,0,0,0.0,0.0
2026-08-04,Aktualitky.cz,context,SmartPhone,Windows,Žena,60+,Moravskoslezský kraj,1,0,0,0.0,0.0
2026-08-04,Aktualitky.cz,context,Tablet,,Žena,25 - 39,Hlavní město Praha,1,0,0,0.0,0.0
2026-08-04,Aktualitky.cz,context,Tablet,,Žena,25 - 39,Středočeský kraj,8,0,0,0.0,0.02
2026-08-04,Aktualitky.cz,context,Tablet,,Žena,25 - 39,Jihočeský kraj,2,0,0,0.0,0.01
2026-08-04,Aktualitky.cz,context,Tablet,,Žena,25 - 39,Plzeňský kraj,6,0,0,0.0,0.02
2026-08-04,Aktualitky.cz,context,Tablet,,Žena,25 - 39,Karlovarský kraj,2,0,0,0.0,0.01
2026-08-04,Aktualitky.cz,context,Tablet,,Žena,25 - 39,Ústecký kraj,2,0,0,0.0,0.01
2026-08-04,Aktualitky.cz,context,Tablet,,Žena,25 - 39,Liberecký kraj,7,0,0,0.0,0.02
2026-08-04,Aktualitky.cz,context,Tablet,,Žena,25 - 39,Královéhradecký kraj,9,0,0,0.0,0.03
2026-08-04,Aktualitky.cz,context,Tablet,,Žena,25 - 39,Pardubický kraj,6,0,0,0.0,0.02
2026-08-04,Aktualitky.cz,context,Tablet,,Žena,25 - 39,Kraj Vysočina,5,0,0,0.0,0.02
2026-08-04,Aktualitky.cz,context,Tablet,,Žena,25 - 39,Jihomoravský kraj,15,0,0,0.0,0.05
2026-08-04,Aktualitky.cz,context,Tablet,,Žena,25 - 39,Olomoucký kraj,4,0,0,0.0,0.01
2026-08-04,Aktualitky.cz,context,Tablet,,Žena,25 - 39,Zlínský kraj,5,0,0,0.0,0.02
2026-08-04,Aktualitky.cz,context,Tablet,,Žena,25 - 39,Moravskoslezský kraj,12,0,0,0.0,0.04
2026-08-04,Baráky.cz,context,SmartPhone,Android,Neznámý,Neznámý,Hlavní město Praha,1341,1,0,0.0,5.05
2026-08-04,Baráky.cz,context,SmartPhone,Android,Neznámý,Neznámý,Středočeský kraj,1216,0,0,0.0,4.58
2026-08-04,Baráky.cz,context,SmartPhone,Android,Neznámý,Neznámý,Jihočeský kraj,100,0,0,0.0,0.38
2026-08-04,Baráky.cz,context,SmartPhone,Android,Neznámý,Neznámý,Plzeňský kraj,1856,4,0,0.0,6.98
2026-08-04,Baráky.cz,context,SmartPhone,Android,Neznámý,Neznámý,Karlovarský kraj,892,2,0,0.0,3.36
2026-08-04,Baráky.cz,context,SmartPhone,Android,Neznámý,Neznámý,Ústecký kraj,274,0,0,0.0,1.03
2026-08-04,Baráky.cz,context,SmartPhone,Android,Neznámý,Neznámý,Liberecký kraj,711,1,0,0.0,2.68
2026-08-04,Baráky.cz,context,SmartPhone,Android,Neznámý,Neznámý,Královéhradecký kraj,2040,2,0,0.0,7.68
2026-08-04,Baráky.cz,context,SmartPhone,Android,Neznámý,Neznámý,Pardubický kraj,2005,1,0,0.0,7.54
2026-08-04,Baráky.cz,context,SmartPhone,Android,Neznámý,Neznámý,Kraj Vysočina,820,0,0,0.0,3.09
2026-08-04,Baráky.cz,context,SmartPhone,Android,Neznámý,Neznámý,Jihomoravský kraj,1750,2,0,0.0,6.59
2026-08-04,Baráky.cz,context,SmartPhone,Android,Neznámý,Neznámý,Olomoucký kraj,65,0,0,0.0,0.24
2026-08-04,Baráky.cz,context,SmartPhone,Android,Neznámý,Neznámý,Zlínský kraj,2381,2,0,0.0,8.96
2026-08-04,Baráky.cz,context,SmartPhone,Android,Neznámý,Neznámý,Moravskoslezský kraj,895,2,0,0.0,3.37
2026-08-04,Baráky.cz,context,Tv,Tizen,Neznámý,Neznámý,Hlavní město Praha,1,0,0,0.0,0.0
2026-08-04,Baráky.cz,context,Tv,Tizen,Neznámý,Neznámý,Středočeský kraj,1,0,0,0.0,0.0
2026-08-04,Baráky.cz,context,Tv,Tizen,Neznámý,Neznámý,Jihočeský kraj,1,0,0,0.0,0.0
2026-08-04,Baráky.cz,context,Tv,Tizen,Neznámý,Neznámý,Plzeňský kraj,1,0,0,0.0,0.0
2026-08-04,Baráky.cz,context,Tv,Tizen,Neznámý,Neznámý,Karlovarský kraj,1,0,0,0.0,0.0
2026-08-04,Baráky.cz,context,Tv,Tizen,Neznámý,Neznámý,Ústecký kraj,1,0,0,0.0,0.0
2026-08-04,Baráky.cz,context,Tv,Tizen,Neznámý,Neznámý,Liberecký kraj,1,0,0,0.0,0.0
2026-08-04,Baráky.cz,context,Tv,Tizen,Neznámý,Neznámý,Královéhradecký kraj,1,0,0,0.0,0.0
2026-08-04,Baráky.cz,context,Tv,Tizen,Neznámý,Neznámý,Pardubický kraj,1,0,0,0.0,0.0
2026-08-04,Baráky.cz,context,Tv,Tizen,Neznámý,Neznámý,Kraj Vysočina,1,0,0,0.0,0.0
2026-08-04,Baráky.cz,context,Tv,Tizen,Neznámý,Neznámý,Jihomoravský kraj,1,0,0,0.0,0.0
2026-08-04,Baráky.cz,context,Tv,Tizen,Neznámý,Neznámý,Olomoucký kraj,1,0,0,0.0,0.0
2026-08-04,Baráky.cz,context,Tv,Tizen,Neznámý,Neznámý,Zlínský kraj,1,0,0,0.0,0.0
2026-08-04,Baráky.cz,context,Tv,Tizen,Neznámý,Neznámý,Moravskoslezský kraj,1,0,0,0.0,0.0
2026-08-04,Baráky.cz,context,Desktop,ChromeOS,Neznámý,Neznámý,Hlavní město Praha,5,0,0,0.0,0.0
2026-08-04,Baráky.cz,context,Desktop,ChromeOS,Neznámý,Neznámý,Středočeský kraj,1,0,0,0.0,0.0
2026-08-04,Baráky.cz,context,Desktop,ChromeOS,Neznámý,Neznámý,Jihočeský kraj,6,0,0,0.0,0.0
2026-08-04,Baráky.cz,context,Desktop,ChromeOS,Neznámý,Neznámý,Plzeňský kraj,6,0,0,0.0,0.0
2026-08-04,Baráky.cz,context,Desktop,ChromeOS,Neznámý,Neznámý,Karlovarský kraj,9,0,0,0.0,0.0
2026-08-04,Baráky.cz,context,Desktop,ChromeOS,Neznámý,Neznámý,Ústecký kraj,2,0,0,0.0,0.0
2026-08-04,Baráky.cz,context,Desktop,ChromeOS,Neznámý,Neznámý,Liberecký kraj,1,0,0,0.0,0.0
2026-08-04,Baráky.cz,context,Desktop,ChromeOS,Neznámý,Neznámý,Královéhradecký kraj,8,0,0,0.0,0.0
2026-08-04,Baráky.cz,context,Desktop,ChromeOS,Neznámý,Neznámý,Pardubický kraj,10,0,0,0.0,0.0
2026-08-04,Baráky.cz,context,Desktop,ChromeOS,Neznámý,Neznámý,Kraj Vysočina,1,0,0,0.0,0.0
2026-08-04,Baráky.cz,context,Desktop,ChromeOS,Neznámý,Neznámý,Jihomoravský kraj,5,0,0,0.0,0.0
2026-08-04,Baráky.cz,context,Desktop,ChromeOS,Neznámý,Neznámý,Olomoucký kraj,7,0,0,0.0,0.0
2026-08-04,Baráky.cz,context,Desktop,ChromeOS,Neznámý,Neznámý,Zlínský kraj,5,0,0,0.0,0.0
2026-08-04,Baráky.cz,context,Desktop,ChromeOS,Neznámý,Neznámý,Moravskoslezský kraj,4,0,0,0.0,0.0
2026-08-04,Baráky.cz,context,Tablet,,Muž,25 - 39,Hlavní město Praha,1,0,0,0.0,0.0
2026-08-04,Baráky.cz,context,Tablet,,Muž,25 - 39,Středočeský kraj,2,0,0,0.0,0.0
2026-08-04,Baráky.cz,context,Tablet,,Muž,25 - 39,Jihočeský kraj,10,0,0,0.0,0.0
2026-08-04,Baráky.cz,context,Tablet,,Muž,25 - 39,Plzeňský kraj,1,0,0,0.0,0.0
2026-08-04,Baráky.cz,context,Tablet,,Muž,25 - 39,Karlovarský kraj,2,0,0,0.0,0.0
2026-08-04,Baráky.cz,context,Tablet,,Muž,25 - 39,Ústecký kraj,4,0,0,0.0,0.0
2026-08-04,Baráky.cz,context,Tablet,,Muž,25 - 39,Liberecký kraj,2,0,0,0.0,0.0
2026-08-04,Baráky.cz,context,Tablet,,Muž,25 - 39,Královéhradecký kraj,4,0,0,0.0,0.0
2026-08-04,Baráky.cz,context,Tablet,,Muž,25 - 39,Pardubický kraj,8,0,0,0.0,0.0
2026-08-04,Baráky.cz,context,Tablet,,Muž,25 - 39,Kraj Vysočina,1,0,0,0.0,0.0
2026-08-04,Baráky.cz,context,Tablet,,Muž,25 - 39,Jihomoravský kraj,11,0,0,0.0,0.0
2026-08-04,Baráky.cz,context,Tablet,,Muž,25 - 39,Olomoucký kraj,4,0,0,0.0,0.0
2026-08-04,Baráky.cz,context,Tablet,,Muž,25 - 39,Zlínský kraj,1,0,0,0.0,0.0
2026-08-04,Baráky.cz,context,Tablet,,Muž,25 - 39,Moravskoslezský kraj,3,0,0,0.0,0.0
2026-08-04,Blogeria.cz,context,Tablet,Windows,Neznámý,Neznámý,Hlavní město Praha,1,0,0,0.0,0.0
2026-08-04,Blogeria.cz,context,Tablet,Windows,Neznámý,Neznámý,Středočeský kraj,1,0,0,0.0,0.0
2026-08-04,Blogeria.cz,context,Tablet,Windows,Neznámý,Neznámý,Jihočeský kraj,1,0,0,0.0,0.0
2026-08-04,Blogeria.cz,context,Tablet,Windows,Neznámý,Neznámý,Plzeňský kraj,1,0,0,0.0,0.0
2026-08-04,Blogeria.cz,context,Tablet,Windows,Neznámý,Neznámý,Karlovarský kraj,1,0,0,0.0,0.0
2026-08-04,Blogeria.cz,context,Tablet,Windows,Neznámý,Neznámý,Ústecký kraj,1,0,0,0.0,0.0
2026-08-04,Blogeria.cz,context,Tablet,Windows,Neznámý,Neznámý,Liberecký kraj,1,0,0,0.0,0.0
2026-08-04,Blogeria.cz,context,Tablet,Windows,Neznámý,Neznámý,Královéhradecký kraj,1,0,0,0.0,0.0
2026-08-04,Blogeria.cz,context,Tablet,Windows,Neznámý,Neznámý,Pardubický kraj,1,0,0,0.0,0.0
2026-08-04,Blogeria.cz,context,Tablet,Windows,Neznámý,Neznámý,Kraj Vysočina,1,0,0,0.0,0.0
2026-08-04,Blogeria.cz,context,Tablet,Windows,Neznámý,Neznámý,Jihomoravský kraj,1,0,0,0.0,0.0
2026-08-04,Blogeria.cz,context,Tablet,Windows,Neznámý,Neznámý,Olomoucký kraj,1,0,0,0.0,0.0
2026-08-04,Blogeria.cz,context,Tablet,Windows,Neznámý,Neznámý,Zlínský kraj,1,0,0,0.0,0.0
2026-08-04,Blogeria.cz,context,Tablet,Windows,Neznámý,Neznámý,Moravskoslezský kraj,1,0,0,0.0,0.0
2026-08-04,Blogeria.cz,context,Tablet,,Žena,40 - 59,Hlavní město Praha,97,0,0,0.0,1.78
2026-08-04,Blogeria.cz,context,Tablet,,Žena,40 - 59,Středočeský kraj,61,0,0,0.0,1.12
2026-08-04,Blogeria.cz,context,Tablet,,Žena,40 - 59,Jihočeský kraj,63,0,0,0.0,1.16
2026-08-04,Blogeria.cz,context,Tablet,,Žena,40 - 59,Plzeňský kraj,85,1,0,0.0,1.56
2026-08-04,Blogeria.cz,context,Tablet,,Žena,40 - 59,Karlovarský kraj,28,0,0,0.0,0.51
2026-08-04,Blogeria.cz,context,Tablet,,Žena,40 - 59,Ústecký kraj,11,0,0,0.0,0.2
2026-08-04,Blogeria.cz,context,Tablet,,Žena,40 - 59,Liberecký kraj,2,0,0,0.0,0.04
2026-08-04,Blogeria.cz,context,Tablet,,Žena,40 - 59,Královéhradecký kraj,36,0,0,0.0,0.66
2026-08-04,Blogeria.cz,context,Tablet,,Žena,40 - 59,Pardubický kraj,52,0,0,0.0,0.95
2026-08-04,Blogeria.cz,context,Tablet,,Žena,40 - 59,Kraj Vysočina,25,0,0,0.0,0.46
2026-08-04,Blogeria.cz,context,Tablet,,Žena,40 - 59,Jihomoravský kraj,57,0,0,0.0,1.05
2026-08-04,Blogeria.cz,context,Tablet,,Žena,40 - 59,Olomoucký kraj,23,0,0,0.0,0.42
2026-08-04,Blogeria.cz,context,Tablet,,Žena,40 - 59,Zlínský kraj,64,1,0,0.0,1.17
2026-08-04,Blogeria.cz,context,Tablet,,Žena,40 - 59,Moravskoslezský kraj,37,0,0,0.0,0.68
2026-08-04,Drbárna.cz,context,Desktop,ChromeOS,Muž,Neznámý,Hlavní město Praha,5,0,0,0.0,0.0
2026-08-04,Drbárna.cz,context,Desktop,ChromeOS,Muž,Neznámý,Středočeský kraj,44,0,0,0.0,0.03
2026-08-04,Drbárna.cz,context,Desktop,ChromeOS,Muž,Neznámý,Jihočeský kraj,12,0,0,0.0,0.01
2026-08-04,Drbárna.cz,context,Desktop,ChromeOS,Muž,Neznámý,Plzeňský kraj,9,0,0,0.0,0.01
2026-08-04,Drbárna.cz,context,Desktop,ChromeOS,Muž,Neznámý,Karlovarský kraj,17,0,0,0.0,0.01
2026-08-04,Drbárna.cz,context,Desktop,ChromeOS,Muž,Neznámý,Ústecký kraj,2,0,0,0.0,0.0
2026-08-04,Drbárna.cz,context,Desktop,ChromeOS,Muž,Neznámý,Liberecký kraj,13,0,0,0.0,0.01
2026-08-04,Drbárna.cz,context,Desktop,ChromeOS,Muž,Neznámý,Královéhradecký kraj,10,0,0,0.0,0.01
2026-08-04,Drbárna.cz,context,Desktop,ChromeOS,Muž,Neznámý,Pardubický kraj,4,0,0,0.0,0.0
2026-08-04,Drbárna.cz,context,Desktop,ChromeOS,Muž,Neznámý,Kraj Vysočina,22,0,0,0.0,0.01
2026-08-04,Drbárna.cz,context,Desktop,ChromeOS,Muž,Neznámý,Jihomoravský kraj,5,0,0,0.0,0.0
2026-08-04,Drbárna.cz,context,Desktop,ChromeOS,Muž,Neznámý,Olomoucký kraj,9,0,0,0.0,0.01
2026-08-04,Drbárna.cz,context,Desktop,ChromeOS,Muž,Neznámý,Zlínský kraj,11,0,0,0.0,0.01
2026-08-04,Drbárna.cz,context,Desktop,ChromeOS,Muž,Neznámý,Moravskoslezský kraj,16,0,0,0.0,0.01
2026-08-04,Kliknito.cz,context,SmartPhone,iOS,Muž,60+,Hlavní město Praha,45707,194,13,6256.28,687.9
2026-08-04,Kliknito.cz,context,SmartPhone,iOS,Muž,60+,Středočeský kraj,80370,319,16,7700.03,1209.58
2026-08-04,Kliknito.cz,context,SmartPhone,iOS,Muž,60+,Jihočeský kraj,24488,106,6,2887.51,368.55
2026-08-04,Kliknito.cz,context,SmartPhone,iOS,Muž,60+,Plzeňský kraj,21641,65,6,2887.51,325.7
2026-08-04,Kliknito.cz,context,SmartPhone,iOS,Muž,60+,Karlovarský kraj,21826,95,6,2887.51,328.48
2026-08-04,Kliknito.cz,context,SmartPhone,iOS,Muž,60+,Ústecký kraj,13634,52,0,0.0,205.19
2026-08-04,Kliknito.cz,context,SmartPhone,iOS,Muž,60+,Liberecký kraj,122091,526,37,17806.33,1837.49
2026-08-04,Kliknito.cz,context,SmartPhone,iOS,Muž,60+,Královéhradecký kraj,556,4,0,0.0,8.37
2026-08-04,Kliknito.cz,context,SmartPhone,iOS,Muž,60+,Pardubický kraj,66838,264,18,8662.54,1005.92
2026-08-04,Kliknito.cz,context,SmartPhone,iOS,Muž,60+,Kraj Vysočina,24702,106,4,1925.01,371.77
2026-08-04,Kliknito.cz,context,SmartPhone,iOS,Muž,60+,Jihomoravský kraj,74874,341,13,6256.28,1126.87
2026-08-04,Kliknito.cz,context,SmartPhone,iOS,Muž,60+,Olomoucký kraj,23563,98,5,2406.26,354.63
2026-08-04,Kliknito.cz,context,SmartPhone,iOS,Muž,60+,Zlínský kraj,19561,82,5,2406.26,294.4
2026-08-04,Kliknito.cz,context,SmartPhone,iOS,Muž,60+,Moravskoslezský kraj,30443,141,6,2887.51,458.17
2026-08-04,Kliknito.cz,context,Console,,Neznámý,Neznámý,Hlavní město Praha,1,0,0,0.0,0.0
2026-08-04,Kliknito.cz,context,Console,,Neznámý,Neznámý,Středočeský kraj,1,0,0,0.0,0.0
2026-08-04,Kliknito.cz,context,Console,,Neznámý,Neznámý,Jihočeský kraj,1,0,0,0.0,0.0
2026-08-04,Kliknito.cz,context,Console,,Neznámý,Neznámý,Plzeňský kraj,1,0,0,0.0,0.0
2026-08-04,Kliknito.cz,context,Console,,Neznámý,Neznámý,Karlovarský kraj,1,0,0,0.0,0.0
2026-08-04,Kliknito.cz,context,Console,,Neznámý,Neznámý,Ústecký kraj,1,0,0,0.0,0.0
2026-08-04,Kliknito.cz,context,Console,,Neznámý,Neznámý,Liberecký kraj,1,0,0,0.0,0.0
2026-08-04,Kliknito.cz,context,Console,,Neznámý,Neznámý,Královéhradecký kraj,1,0,0,0.0,0.0
2026-08-04,Kliknito.cz,context,Console,,Neznámý,Neznámý,Pardubický kraj,1,0,0,0.0,0.0
2026-08-04,Kliknito.cz,context,Console,,Neznámý,Neznámý,Kraj Vysočina,1,0,0,0.0,0.0
2026-08-04,Kliknito.cz,context,Console,,Neznámý,Neznámý,Jihomoravský kraj,1,0,0,0.0,0.0
2026-08-04,Kliknito.cz,context,Console,,Neznámý,Neznámý,Olomoucký kraj,1,0,0,0.0,0.0
2026-08-04,Kliknito.cz,context,Console,,Neznámý,Neznámý,Zlínský kraj,1,0,0,0.0,0.0
2026-08-04,Kliknito.cz,context,Console,,Neznámý,Neznámý,Moravskoslezský kraj,1,0,0,0.0,0.0
2026-08-04,Kopačka.cz,context,Desktop,Android,Muž,60+,Hlavní město Praha,2,0,0,0.0,0.0
2026-08-04,Kopačka.cz,context,Desktop,Android,Muž,60+,Středočeský kraj,4,0,0,0.0,0.0
2026-08-04,Kopačka.cz,context,Desktop,Android,Muž,60+,Jihočeský kraj,2,0,0,0.0,0.0
2026-08-04,Kopačka.cz,context,Desktop,Android,Muž,60+,Plzeňský kraj,1,0,0,0.0,0.0
2026-08-04,Kopačka.cz,context,Desktop,Android,Muž,60+,Karlovarský kraj,1,0,0,0.0,0.0
2026-08-04,Kopačka.cz,context,Desktop,Android,Muž,60+,Ústecký kraj,1,0,0,0.0,0.0
2026-08-04,Kopačka.cz,context,Desktop,Android,Muž,60+,Liberecký kraj,1,0,0,0.0,0.0
2026-08-04,Kopačka.cz,context,Desktop,Android,Muž,60+,Královéhradecký kraj,7,0,0,0.0,0.0
2026-08-04,Kopačka.cz,context,Desktop,Android,Muž,60+,Pardubický kraj,5,0,0,0.0,0.0
2026-08-04,Kopačka.cz,context,Desktop,Android,Muž,60+,Kraj Vysočina,3,0,0,0.0,0.0
2026-08-04,Kopačka.cz,context,Desktop,Android,Muž,60+,Jihomoravský kraj,1,0,0,0.0,0.0
2026-08-04,Kopačka.cz,context,Desktop,Android,Muž,60+,Olomoucký kraj,1,0,0,0.0,0.0
2026-08-04,Kopačka.cz,context,Desktop,Android,Muž,60+,Zlínský kraj,5,0,0,0.0,0.0
2026-08-04,Kopačka.cz,context,Desktop,Android,Muž,60+,Moravskoslezský kraj,2,0,0,0.0,0.0
2026-08-04,Kopačka.cz,context,Desktop,ChromeOS,Muž,Neznámý,Hlavní město Praha,6,0,0,0.0,0.03
2026-08-04,Kopačka.cz,context,Desktop,ChromeOS,Muž,Neznámý,Středočeský kraj,5,0,0,0.0,0.03
2026-08-04,Kopačka.cz,context,Desktop,ChromeOS,Muž,Neznámý,Jihočeský kraj,5,0,0,0.0,0.03
2026-08-04,Kopačka.cz,context,Desktop,ChromeOS,Muž,Neznámý,Plzeňský kraj,2,0,0,0.0,0.01
2026-08-04,Kopačka.cz,context,Desktop,ChromeOS,Muž,Neznámý,Karlovarský kraj,1,0,0,0.0,0.01
2026-08-04,Kopačka.cz,context,Desktop,ChromeOS,Muž,Neznámý,Ústecký kraj,4,0,0,0.0,0.02
2026-08-04,Kopačka.cz,context,Desktop,ChromeOS,Muž,Neznámý,Liberecký kraj,7,0,0,0.0,0.04
2026-08-04,Kopačka.cz,context,Desktop,ChromeOS,Muž,Neznámý,Královéhradecký kraj,2,0,0,0.0,0.01
2026-08-04,Kopačka.cz,context,Desktop,ChromeOS,Muž,Neznámý,Pardubický kraj,2,0,0,0.0,0.01
2026-08-04,Kopačka.cz,context,Desktop,ChromeOS,Muž,Neznámý,Kraj Vysočina,2,0,0,0.0,0.01
2026-08-04,Kopačka.cz,context,Desktop,ChromeOS,Muž,Neznámý,Jihomoravský kraj,3,0,0,0.0,0.02
2026-08-04,Kopačka.cz,context,Desktop,ChromeOS,Muž,Neznámý,Olomoucký kraj,4,0,0,0.0,0.02
2026-08-04,Kopačka.cz,context,Desktop,ChromeOS,Muž,Neznámý,Zlínský kraj,6,0,0,0.0,0.03
2026-08-04,Kopačka.cz,context,Desktop,ChromeOS,Muž,Neznámý,Moravskoslezský kraj,3,0,0,0.0,0.02
2026-08-04,Kopačka.cz,context,Desktop,iOS,Neznámý,Neznámý,Hlavní město Praha,1,0,0,0.0,0.0
2026-08-04,Kopačka.cz,context,Desktop,iOS,Neznámý,Neznámý,Středočeský kraj,1,0,0,0.0,0.0
2026-08-04,Kopačka.cz,context,Desktop,iOS,Neznámý,Neznámý,Jihočeský kraj,1,0,0,0.0,0.0
2026-08-04,Kopačka.cz,context,Desktop,iOS,Neznámý,Neznámý,Plzeňský kraj,1,0,0,0.0,0.0
2026-08-04,Kopačka.cz,context,Desktop,iOS,Neznámý,Neznámý,Karlovarský kraj,1,0,0,0.0,0.0
2026-08-04,Kopačka.cz,context,Desktop,iOS,Neznámý,Neznámý,Ústecký kraj,1,0,0,0.0,0.0
2026-08-04,Kopačka.cz,context,Desktop,iOS,Neznámý,Neznámý,Liberecký kraj,1,0,0,0.0,0.0
2026-08-04,Kopačka.cz,context,Desktop,iOS,Neznámý,Neznámý,Královéhradecký kraj,1,0,0,0.0,0.0
2026-08-04,Kopačka.cz,context,Desktop,iOS,Neznámý,Neznámý,Pardubický kraj,1,0,0,0.0,0.0
2026-08-04,Kopačka.cz,context,Desktop,iOS,Neznámý,Neznámý,Kraj Vysočina,1,0,0,0.0,0.0
2026-08-04,Kopačka.cz,context,Desktop,iOS,Neznámý,Neznámý,Jihomoravský kraj,1,0,0,0.0,0.0
2026-08-04,Kopačka.cz,context,Desktop,iOS,Neznámý,Neznámý,Olomoucký kraj,1,0,0,0.0,0.0
2026-08-04,Kopačka.cz,context,Desktop,iOS,Neznámý,Neznámý,Zlínský kraj,1,0,0,0.0,0.0
2026-08-04,Kopačka.cz,context,Desktop,iOS,Neznámý,Neznámý,Moravskoslezský kraj,1,0,0,0.0,0.0
2026-08-04,Kopačka.cz,context,Desktop,macOS,Muž,25 - 39,Hlavní město Praha,1099,0,0,0.0,5.33
2026-08-04,Kopačka.cz,context,Desktop,macOS,Muž,25 - 39,Středočeský kraj,2032,1,0,0.0,9.85
2026-08-04,Kopačka.cz,context,Desktop,macOS,Muž,25 - 39,Jihočeský kraj,367,0,0,0.0,1.78
2026-08-04,Kopačka.cz,context,Desktop,macOS,Muž,25 - 39,Plzeňský kraj,834,0,0,0.0,4.04
2026-08-04,Kopačka.cz,context,Desktop,macOS,Muž,25 - 39,Karlovarský kraj,1094,0,0,0.0,5.3
2026-08-04,Kopačka.cz,context,Desktop,macOS,Muž,25 - 39,Ústecký kraj,2776,1,0,0.0,13.46
2026-08-04,Kopačka.cz,context,Desktop,macOS,Muž,25 - 39,Liberecký kraj,4647,1,0,0.0,22.53
2026-08-04,Kopačka.cz,context,Desktop,macOS,Muž,25 - 39,Královéhradecký kraj,7321,5,0,0.0,35.49
2026-08-04,Kopačka.cz,context,Desktop,macOS,Muž,25 - 39,Pardubický kraj,674,0,0,0.0,3.27
2026-08-04,Kopačka.cz,context,Desktop,macOS,Muž,25 - 39,Kraj Vysočina,3930,3,0,0.0,19.05
2026-08-04,Kopačka.cz,context,Desktop,macOS,Muž,25 - 39,Jihomoravský kraj,1407,1,0,0.0,6.82
2026-08-04,Kopačka.cz,context,Desktop,macOS,Muž,25 - 39,Olomoucký kraj,1450,3,0,0.0,7.03
2026-08-04,Kopačka.cz,context,Desktop,macOS,Muž,25 - 39,Zlínský kraj,1646,3,0,0.0,7.98
2026-08-04,Kopačka.cz,context,Desktop,macOS,Muž,25 - 39,Moravskoslezský kraj,122,0,0,0.0,0.59
2026-08-04,Kopačka.cz,context,,,Neznámý,Neznámý,Hlavní město Praha,1,0,0,0.0,0.0
2026-08-04,Kopačka.cz,context,,,Neznámý,Neznámý,Středočeský kraj,1,0,0,0.0,0.0
2026-08-04,Kopačka.cz,context,,,Neznámý,Neznámý,Jihočeský kraj,1,0,0,0.0,0.0
2026-08-04,Kopačka.cz,context,,,Neznámý,Neznámý,Plzeňský kraj,1,0,0,0.0,0.0
2026-08-04,Kopačka.cz,context,,,Neznámý,Neznámý,Karlovarský kraj,1,0,0,0.0,0.0
2026-08-04,Kopačka.cz,context,,,Neznámý,Neznámý,Ústecký kraj,1,0,0,0.0,0.0
2026-08-04,Kopačka.cz,context,,,Neznámý,Neznámý,Liberecký kraj,1,0,0,0.0,0.0
2026-08-04,Kopačka.cz,context,,,Neznámý,Neznámý,Královéhradecký kraj,1,0,0,0.0,0.0
2026-08-04,Kopačka.cz,context,,,Neznámý,Neznámý,Pardubický kraj,1,0,0,0.0,0.0
2026-08-04,Kopačka.cz,context,,,Neznámý,Neznámý,Kraj Vysočina,1,0,0,0.0,0.0
2026-08-04,Kopačka.cz,context,,,Neznámý,Neznámý,Jihomoravský kraj,1,0,0,0.0,0.0
2026-08-04,Kopačka.cz,context,,,Neznámý,Neznámý,Olomoucký kraj,1,0,0,0.0,0.0
2026-08-04,Kopačka.cz,context,,,Neznámý,Neznámý,Zlínský kraj,1,0,0,0.0,0.0
2026-08-04,Kopačka.cz,context,,,Neznámý,Neznámý,Moravskoslezský kraj,1,0,0,0.0,0.0
2026-08-04,Kámoši.net,context,Tablet,Android,Žena,Neznámý,Hlavní město Praha,5,0,0,0.0,0.03
2026-08-04,Kámoši.net,context,Tablet,Android,Žena,Neznámý,Středočeský kraj,14,0,0,0.0,0.08
2026-08-04,Kámoši.net,context,Tablet,Android,Žena,Neznámý,Jihočeský kraj,124,1,0,0.0,0.69
2026-08-04,Kámoši.net,context,Tablet,Android,Žena,Neznámý,Plzeňský kraj,4,0,0,0.0,0.02
2026-08-04,Kámoši.net,context,Tablet,Android,Žena,Neznámý,Karlovarský kraj,6,0,0,0.0,0.03
2026-08-04,Kámoši.net,context,Tablet,Android,Žena,Neznámý,Ústecký kraj,51,0,0,0.0,0.29
2026-08-04,Kámoši.net,context,Tablet,Android,Žena,Neznámý,Liberecký kraj,22,0,0,0.0,0.12
2026-08-04,Kámoši.net,context,Tablet,Android,Žena,Neznámý,Královéhradecký kraj,1,0,0,0.0,0.01
2026-08-04,Kámoši.net,context,Tablet,Android,Žena,Neznámý,Pardubický kraj,89,1,0,0.0,0.5
2026-08-04,Kámoši.net,context,Tablet,Android,Žena,Neznámý,Kraj Vysočina,6,0,0,0.0,0.03
2026-08-04,Kámoši.net,context,Tablet,Android,Žena,Neznámý,Jihomoravský kraj,13,0,0,0.0,0.07
2026-08-04,Kámoši.net,context,Tablet,Android,Žena,Neznámý,Olomoucký kraj,51,0,0,0.0,0.29
2026-08-04,Kámoši.net,context,Tablet,Android,Žena,Neznámý,Zlínský kraj,101,1,0,0.0,0.57
2026-08-04,Kámoši.net,context,Tablet,Android,Žena,Neznámý,Moravskoslezský kraj,33,0,0,0.0,0.18
2026-08-04,Kámoši.net,context,Desktop,iOS,Muž,Neznámý,Hlavní město Praha,1,0,0,0.0,0.0
2026-08-04,Kámoši.net,context,Desktop,iOS,Muž,Neznámý,Středočeský kraj,1,0,0,0.0,0.0
2026-08-04,Kámoši.net,context,Desktop,iOS,Muž,Neznámý,Jihočeský kraj,1,0,0,0.0,0.0
2026-08-04,Kámoši.net,context,Desktop,iOS,Muž,Neznámý,Plzeňský kraj,1,0,0,0.0,0.0
2026-08-04,Kámoši.net,context,Desktop,iOS,Muž,Neznámý,Karlovarský kraj,1,0,0,0.0,0.0
2026-08-04,Kámoši.net,context,Desktop,iOS,Muž,Neznámý,Ústecký kraj,1,0,0,0.0,0.0
2026-08-04,Kámoši.net,context,Desktop,iOS,Muž,Neznámý,Liberecký kraj,1,0,0,0.0,0.0
2026-08-04,Kámoši.net,context,Desktop,iOS,Muž,Neznámý,Královéhradecký kraj,1,0,0,0.0,0.0
2026-08-04,Kámoši.net,context,Desktop,iOS,Muž,Neznámý,Pardubický kraj,1,0,0,0.0,0.0
2026-08-04,Kámoši.net,context,Desktop,iOS,Muž,Neznámý,Kraj Vysočina,1,0,0,0.0,0.0
2026-08-04,Kámoši.net,context,Desktop,iOS,Muž,Neznámý,Jihomoravský kraj,1,0,0,0.0,0.0
2026-08-04,Kámoši.net,context,Desktop,iOS,Muž,Neznámý,Olomoucký kraj,1,0,0,0.0,0.0
2026-08-04,Kámoši.net,context,Desktop,iOS,Muž,Neznámý,Zlínský kraj,1,0,0,0.0,0.0
2026-08-04,Kámoši.net,context,Desktop,iOS,Muž,Neznámý,Moravskoslezský kraj,1,0,0,0.0,0.0
2026-08-04,Pozdní Zprávy,context,SmartWatch,Android,Muž,40 - 59,Hlavní město Praha,1,0,0,0.0,0.0
2026-08-04,Pozdní Zprávy,context,SmartWatch,Android,Muž,40 - 59,Středočeský kraj,1,0,0,0.0,0.0
2026-08-04,Pozdní Zprávy,context,SmartWatch,Android,Muž,40 - 59,Jihočeský kraj,1,0,0,0.0,0.0
2026-08-04,Pozdní Zprávy,context,SmartWatch,Android,Muž,40 - 59,Plzeňský kraj,1,0,0,0.0,0.0
2026-08-04,Pozdní Zprávy,context,SmartWatch,Android,Muž,40 - 59,Karlovarský kraj,1,0,0,0.0,0.0
2026-08-04,Pozdní Zprávy,context,SmartWatch,Android,Muž,40 - 59,Ústecký kraj,1,0,0,0.0,0.0
2026-08-04,Pozdní Zprávy,context,SmartWatch,Android,Muž,40 - 59,Liberecký kraj,1,0,0,0.0,0.0
2026-08-04,Pozdní Zprávy,context,SmartWatch,Android,Muž,40 - 59,Královéhradecký kraj,1,0,0,0.0,0.0
2026-08-04,Pozdní Zprávy,context,SmartWatch,Android,Muž,40 - 59,Pardubický kraj,1,0,0,0.0,0.0
2026-08-04,Pozdní Zprávy,context,SmartWatch,Android,Muž,40 - 59,Kraj Vysočina,1,0,0,0.0,0.0
2026-08-04,Pozdní Zprávy,context,SmartWatch,Android,Muž,40 - 59,Jihomoravský kraj,1,0,0,0.0,0.0
2026-08-04,Pozdní Zprávy,context,SmartWatch,Android,Muž,40 - 59,Olomoucký kraj,1,0,0,0.0,0.0
2026-08-04,Pozdní Zprávy,context,SmartWatch,Android,Muž,40 - 59,Zlínský kraj,1,0,0,0.0,0.0
2026-08-04,Pozdní Zprávy,context,SmartWatch,Android,Muž,40 - 59,Moravskoslezský kraj,1,0,0,0.0,0.0
2026-08-04,Pozdní Zprávy,context,Desktop,ChromeOS,Neznámý,Neznámý,Hlavní město Praha,52,0,0,0.0,0.17
2026-08-04,Pozdní Zprávy,context,Desktop,ChromeOS,Neznámý,Neznámý,Středočeský kraj,20,0,0,0.0,0.07
2026-08-04,Pozdní Zprávy,context,Desktop,ChromeOS,Neznámý,Neznámý,Jihočeský kraj,7,0,0,0.0,0.02
2026-08-04,Pozdní Zprávy,context,Desktop,ChromeOS,Neznámý,Neznámý,Plzeňský kraj,27,0,0,0.0,0.09
2026-08-04,Pozdní Zprávy,context,Desktop,ChromeOS,Neznámý,Neznámý,Karlovarský kraj,36,0,0,0.0,0.12
2026-08-04,Pozdní Zprávy,context,Desktop,ChromeOS,Neznámý,Neznámý,Ústecký kraj,4,0,0,0.0,0.01
2026-08-04,Pozdní Zprávy,context,Desktop,ChromeOS,Neznámý,Neznámý,Liberecký kraj,16,0,0,0.0,0.05
2026-08-04,Pozdní Zprávy,context,Desktop,ChromeOS,Neznámý,Neznámý,Královéhradecký kraj,58,0,0,0.0,0.19
2026-08-04,Pozdní Zprávy,context,Desktop,ChromeOS,Neznámý,Neznámý,Pardubický kraj,62,0,0,0.0,0.2
2026-08-04,Pozdní Zprávy,context,Desktop,ChromeOS,Neznámý,Neznámý,Kraj Vysočina,27,0,0,0.0,0.09
2026-08-04,Pozdní Zprávy,context,Desktop,ChromeOS,Neznámý,Neznámý,Jihomoravský kraj,25,0,0,0.0,0.08
2026-08-04,Pozdní Zprávy,context,Desktop,ChromeOS,Neznámý,Neznámý,Olomoucký kraj,5,0,0,0.0,0.02
2026-08-04,Pozdní Zprávy,context,Desktop,ChromeOS,Neznámý,Neznámý,Zlínský kraj,54,0,0,0.0,0.18
2026-08-04,Pozdní Zprávy,context,Desktop,ChromeOS,Neznámý,Neznámý,Moravskoslezský kraj,87,0,0,0.0,0.29
2026-08-05,Aktualitky.cz,context,SmartPhone,,Žena,40 - 59,Hlavní město Praha,689,1,0,0.0,21.39
2026-08-05,Aktualitky.cz,context,SmartPhone,,Žena,40 - 59,Středočeský kraj,116,1,0,0.0,3.6
2026-08-05,Aktualitky.cz,context,SmartPhone,,Žena,40 - 59,Jihočeský kraj,1263,5,0,0.0,39.21
2026-08-05,Aktualitky.cz,context,SmartPhone,,Žena,40 - 59,Plzeňský kraj,126,1,0,0.0,3.91
2026-08-05,Aktualitky.cz,context,SmartPhone,,Žena,40 - 59,Karlovarský kraj,352,2,0,0.0,10.93
2026-08-05,Aktualitky.cz,context,SmartPhone,,Žena,40 - 59,Ústecký kraj,41,0,0,0.0,1.27
2026-08-05,Aktualitky.cz,context,SmartPhone,,Žena,40 - 59,Liberecký kraj,1466,2,0,0.0,45.51
2026-08-05,Aktualitky.cz,context,SmartPhone,,Žena,40 - 59,Královéhradecký kraj,1663,1,0,0.0,51.62
2026-08-05,Aktualitky.cz,context,SmartPhone,,Žena,40 - 59,Pardubický kraj,576,1,0,0.0,17.88
2026-08-05,Aktualitky.cz,context,SmartPhone,,Žena,40 - 59,Kraj Vysočina,159,0,0,0.0,4.94
2026-08-05,Aktualitky.cz,context,SmartPhone,,Žena,40 - 59,Jihomoravský kraj,91,0,0,0.0,2.82
2026-08-05,Aktualitky.cz,context,SmartPhone,,Žena,40 - 59,Olomoucký kraj,1098,4,0,0.0,34.09
2026-08-05,Aktualitky.cz,context,SmartPhone,,Žena,40 - 59,Zlínský kraj,277,0,0,0.0,8.6
2026-08-05,Aktualitky.cz,context,SmartPhone,,Žena,40 - 59,Moravskoslezský kraj,781,2,0,0.0,24.24
2026-08-05,Baráky.cz,context,SmartPhone,iOS,Muž,18 - 24,Hlavní město Praha,286,7,0,0.0,13.9
2026-08-05,Baráky.cz,context,SmartPhone,iOS,Muž,18 - 24,Středočeský kraj,1944,27,0,0.0,94.47
2026-08-05,Baráky.cz,context,SmartPhone,iOS,Muž,18 - 24,Jihočeský kraj,38,1,0,0.0,1.85
2026-08-05,Baráky.cz,context,SmartPhone,iOS,Muž,18 - 24,Plzeňský kraj,815,14,0,0.0,39.61
2026-08-05,Baráky.cz,context,SmartPhone,iOS,Muž,18 - 24,Karlovarský kraj,1427,16,0,0.0,69.35
2026-08-05,Baráky.cz,context,SmartPhone,iOS,Muž,18 - 24,Ústecký kraj,1682,39,0,0.0,81.74
2026-08-05,Baráky.cz,context,SmartPhone,iOS,Muž,18 - 24,Liberecký kraj,2397,42,0,0.0,116.48
2026-08-05,Baráky.cz,context,SmartPhone,iOS,Muž,18 - 24,Královéhradecký kraj,69,0,0,0.0,3.35
2026-08-05,Baráky.cz,context,SmartPhone,iOS,Muž,18 - 24,Pardubický kraj,1734,27,0,0.0,84.26
2026-08-05,Baráky.cz,context,SmartPhone,iOS,Muž,18 - 24,Kraj Vysočina,416,11,0,0.0,20.22
2026-08-05,Baráky.cz,context,SmartPhone,iOS,Muž,18 - 24,Jihomoravský kraj,248,1,0,0.0,12.05
2026-08-05,Baráky.cz,context,SmartPhone,iOS,Muž,18 - 24,Olomoucký kraj,1200,25,0,0.0,58.31
2026-08-05,Baráky.cz,context,SmartPhone,iOS,Muž,18 - 24,Zlínský kraj,245,5,0,0.0,11.91
2026-08-05,Baráky.cz,context,SmartPhone,iOS,Muž,18 - 24,Moravskoslezský kraj,2668,48,0,0.0,129.65
2026-08-05,Baráky.cz,context,Tablet,iPadOS,Muž,Neznámý,Hlavní město Praha,1,0,0,0.0,0.01
2026-08-05,Baráky.cz,context,Tablet,iPadOS,Muž,Neznámý,Středočeský kraj,23,0,0,0.0,0.19
2026-08-05,Baráky.cz,context,Tablet,iPadOS,Muž,Neznámý,Jihočeský kraj,10,0,0,0.0,0.08
2026-08-05,Baráky.cz,context,Tablet,iPadOS,Muž,Neznámý,Plzeňský kraj,68,1,0,0.0,0.57
2026-08-05,Baráky.cz,context,Tablet,iPadOS,Muž,Neznámý,Karlovarský kraj,25,0,0,0.0,0.21
2026-08-05,Baráky.cz,context,Tablet,iPadOS,Muž,Neznámý,Ústecký kraj,15,0,0,0.0,0.13
2026-08-05,Baráky.cz,context,Tablet,iPadOS,Muž,Neznámý,Liberecký kraj,23,0,0,0.0,0.19
2026-08-05,Baráky.cz,context,Tablet,iPadOS,Muž,Neznámý,Královéhradecký kraj,34,0,0,0.0,0.29
2026-08-05,Baráky.cz,context,Tablet,iPadOS,Muž,Neznámý,Pardubický kraj,6,0,0,0.0,0.05
2026-08-05,Baráky.cz,context,Tablet,iPadOS,Muž,Neznámý,Kraj Vysočina,8,0,0,0.0,0.07
2026-08-05,Baráky.cz,context,Tablet,iPadOS,Muž,Neznámý,Jihomoravský kraj,49,0,0,0.0,0.41
2026-08-05,Baráky.cz,context,Tablet,iPadOS,Muž,Neznámý,Olomoucký kraj,47,0,0,0.0,0.4
2026-08-05,Baráky.cz,context,Tablet,iPadOS,Muž,Neznámý,Zlínský kraj,12,0,0,0.0,0.1
2026-08-05,Baráky.cz,context,Tablet,iPadOS,Muž,Neznámý,Moravskoslezský kraj,52,0,0,0.0,0.44
2026-08-05,Blogeria.cz,context,Console,,Muž,40 - 59,Hlavní město Praha,1,0,0,0.0,0.0
2026-08-05,Blogeria.cz,context,Console,,Muž,40 - 59,Středočeský kraj,1,0,0,0.0,0.0
2026-08-05,Blogeria.cz,context,Console,,Muž,40 - 59,Jihočeský kraj,1,0,0,0.0,0.0
2026-08-05,Blogeria.cz,context,Console,,Muž,40 - 59,Plzeňský kraj,1,0,0,0.0,0.0
2026-08-05,Blogeria.cz,context,Console,,Muž,40 - 59,Karlovarský kraj,1,0,0,0.0,0.0
2026-08-05,Blogeria.cz,context,Console,,Muž,40 - 59,Ústecký kraj,1,0,0,0.0,0.0
2026-08-05,Blogeria.cz,context,Console,,Muž,40 - 59,Liberecký kraj,1,0,0,0.0,0.0
2026-08-05,Blogeria.cz,context,Console,,Muž,40 - 59,Královéhradecký kraj,1,0,0,0.0,0.0
2026-08-05,Blogeria.cz,context,Console,,Muž,40 - 59,Pardubický kraj,1,0,0,0.0,0.0
2026-08-05,Blogeria.cz,context,Console,,Muž,40 - 59,Kraj Vysočina,1,0,0,0.0,0.0
2026-08-05,Blogeria.cz,context,Console,,Muž,40 - 59,Jihomoravský kraj,1,0,0,0.0,0.0
2026-08-05,Blogeria.cz,context,Console,,Muž,40 - 59,Olomoucký kraj,1,0,0,0.0,0.0
2026-08-05,Blogeria.cz,context,Console,,Muž,40 - 59,Zlínský kraj,1,0,0,0.0,0.0
2026-08-05,Blogeria.cz,context,Console,,Muž,40 - 59,Moravskoslezský kraj,1,0,0,0.0,0.0
2026-08-05,Blogeria.cz,context,SmartPhone,iOS,Muž,60+,Hlavní město Praha,5476,23,0,0.0,65.31
2026-08-05,Blogeria.cz,context,SmartPhone,iOS,Muž,60+,Středočeský kraj,5067,19,0,0.0,60.43
2026-08-05,Blogeria.cz,context,SmartPhone,iOS,Muž,60+,Jihočeský kraj,2938,11,1,0.72,35.04
2026-08-05,Blogeria.cz,context,SmartPhone,iOS,Muž,60+,Plzeňský kraj,54015,183,2,1.45,644.22
2026-08-05,Blogeria.cz,context,SmartPhone,iOS,Muž,60+,Karlovarský kraj,33912,109,3,2.17,404.46
2026-08-05,Blogeria.cz,context,SmartPhone,iOS,Muž,60+,Ústecký kraj,16912,48,0,0.0,201.7
2026-08-05,Blogeria.cz,context,SmartPhone,iOS,Muž,60+,Liberecký kraj,3294,11,0,0.0,39.29
2026-08-05,Blogeria.cz,context,SmartPhone,iOS,Muž,60+,Královéhradecký kraj,9037,34,0,0.0,107.78
2026-08-05,Blogeria.cz,context,SmartPhone,iOS,Muž,60+,Pardubický kraj,598,4,0,0.0,7.13
2026-08-05,Blogeria.cz,context,SmartPhone,iOS,Muž,60+,Kraj Vysočina,9976,35,1,0.72,118.98
2026-08-05,Blogeria.cz,context,SmartPhone,iOS,Muž,60+,Jihomoravský kraj,3085,9,0,0.0,36.79
2026-08-05,Blogeria.cz,context,SmartPhone,iOS,Muž,60+,Olomoucký kraj,1596,9,1,0.72,19.04
2026-08-05,Blogeria.cz,context,SmartPhone,iOS,Muž,60+,Zlínský kraj,2493,8,2,1.45,29.73
2026-08-05,Blogeria.cz,context,SmartPhone,iOS,Muž,60+,Moravskoslezský kraj,7581,20,0,0.0,90.42
2026-08-05,Drbárna.cz,context,Desktop,,Neznámý,60+,Hlavní město Praha,1,0,0,0.0,0.0
2026-08-05,Drbárna.cz,context,Desktop,,Neznámý,60+,Středočeský kraj,1,0,0,0.0,0.0
2026-08-05,Drbárna.cz,context,Desktop,,Neznámý,60+,Jihočeský kraj,1,0,0,0.0,0.0
2026-08-05,Drbárna.cz,context,Desktop,,Neznámý,60+,Plzeňský kraj,1,0,0,0.0,0.0
2026-08-05,Drbárna.cz,context,Desktop,,Neznámý,60+,Karlovarský kraj,1,0,0,0.0,0.0
2026-08-05,Drbárna.cz,context,Desktop,,Neznámý,60+,Ústecký kraj,1,0,0,0.0,0.0
2026-08-05,Drbárna.cz,context,Desktop,,Neznámý,60+,Liberecký kraj,1,0,0,0.0,0.0
2026-08-05,Drbárna.cz,context,Desktop,,Neznámý,60+,Královéhradecký kraj,1,0,0,0.0,0.0
2026-08-05,Drbárna.cz,context,Desktop,,Neznámý,60+,Pardubický kraj,1,0,0,0.0,0.0
2026-08-05,Drbárna.cz,context,Desktop,,Neznámý,60+,Kraj Vysočina,1,0,0,0.0,0.0
2026-08-05,Drbárna.cz,context,Desktop,,Neznámý,60+,Jihomoravský kraj,1,0,0,0.0,0.0
2026-08-05,Drbárna.cz,context,Desktop,,Neznámý,60+,Olomoucký kraj,1,0,0,0.0,0.0
2026-08-05,Drbárna.cz,context,Desktop,,Neznámý,60+,Zlínský kraj,1,0,0,0.0,0.0
2026-08-05,Drbárna.cz,context,Desktop,,Neznámý,60+,Moravskoslezský kraj,1,0,0,0.0,0.0
2026-08-05,Drbárna.cz,context,Tv,Tizen,Neznámý,Neznámý,Hlavní město Praha,1,0,0,0.0,0.0
2026-08-05,Drbárna.cz,context,Tv,Tizen,Neznámý,Neznámý,Středočeský kraj,2,0,0,0.0,0.0
2026-08-05,Drbárna.cz,context,Tv,Tizen,Neznámý,Neznámý,Jihočeský kraj,1,0,0,0.0,0.0
2026-08-05,Drbárna.cz,context,Tv,Tizen,Neznámý,Neznámý,Plzeňský kraj,3,0,0,0.0,0.0
2026-08-05,Drbárna.cz,context,Tv,Tizen,Neznámý,Neznámý,Karlovarský kraj,1,0,0,0.0,0.0
2026-08-05,Drbárna.cz,context,Tv,Tizen,Neznámý,Neznámý,Ústecký kraj,2,0,0,0.0,0.0
2026-08-05,Drbárna.cz,context,Tv,Tizen,Neznámý,Neznámý,Liberecký kraj,6,0,0,0.0,0.0
2026-08-05,Drbárna.cz,context,Tv,Tizen,Neznámý,Neznámý,Královéhradecký kraj,1,0,0,0.0,0.0
2026-08-05,Drbárna.cz,context,Tv,Tizen,Neznámý,Neznámý,Pardubický kraj,2,0,0,0.0,0.0
2026-08-05,Drbárna.cz,context,Tv,Tizen,Neznámý,Neznámý,Kraj Vysočina,5,0,0,0.0,0.0
2026-08-05,Drbárna.cz,context,Tv,Tizen,Neznámý,Neznámý,Jihomoravský kraj,3,0,0,0.0,0.0
2026-08-05,Drbárna.cz,context,Tv,Tizen,Neznámý,Neznámý,Olomoucký kraj,2,0,0,0.0,0.0
2026-08-05,Drbárna.cz,context,Tv,Tizen,Neznámý,Neznámý,Zlínský kraj,5,0,0,0.0,0.0
2026-08-05,Drbárna.cz,context,Tv,Tizen,Neznámý,Neznámý,Moravskoslezský kraj,1,0,0,0.0,0.0
2026-08-05,Kliknito.cz,context,SmartPhone,,Žena,40 - 59,Hlavní město Praha,472,1,0,0.0,8.9
2026-08-05,Kliknito.cz,context,SmartPhone,,Žena,40 - 59,Středočeský kraj,1,0,0,0.0,0.02
2026-08-05,Kliknito.cz,context,SmartPhone,,Žena,40 - 59,Jihočeský kraj,900,6,1,215.47,16.98
2026-08-05,Kliknito.cz,context,SmartPhone,,Žena,40 - 59,Plzeňský kraj,978,4,0,0.0,18.45
2026-08-05,Kliknito.cz,context,SmartPhone,,Žena,40 - 59,Karlovarský kraj,1360,4,0,0.0,25.65
2026-08-05,Kliknito.cz,context,SmartPhone,,Žena,40 - 59,Ústecký kraj,1760,6,0,0.0,33.2
2026-08-05,Kliknito.cz,context,SmartPhone,,Žena,40 - 59,Liberecký kraj,609,3,0,0.0,11.49
2026-08-05,Kliknito.cz,context,SmartPhone,,Žena,40 - 59,Královéhradecký kraj,977,1,0,0.0,18.43
2026-08-05,Kliknito.cz,context,SmartPhone,,Žena,40 - 59,Pardubický kraj,134,0,0,0.0,2.53
2026-08-05,Kliknito.cz,context,SmartPhone,,Žena,40 - 59,Kraj Vysočina,3034,12,3,646.42,57.23
2026-08-05,Kliknito.cz,context,SmartPhone,,Žena,40 - 59,Jihomoravský kraj,1489,6,2,430.94,28.09
2026-08-05,Kliknito.cz,context,SmartPhone,,Žena,40 - 59,Olomoucký kraj,162,0,0,0.0,3.06
2026-08-05,Kliknito.cz,context,SmartPhone,,Žena,40 - 59,Zlínský kraj,162,2,0,0.0,3.06
2026-08-05,Kliknito.cz,context,SmartPhone,,Žena,40 - 59,Moravskoslezský kraj,1525,5,0,0.0,28.77
2026-08-05,Kopačka.cz,context,Tv,Android,Muž,60+,Hlavní město Praha,12,0,0,0.0,0.02
2026-08-05,Kopačka.cz,context,Tv,Android,Muž,60+,Středočeský kraj,2,0,0,0.0,0.0
2026-08-05,Kopačka.cz,context,Tv,Android,Muž,60+,Jihočeský kraj,2,0,0,0.0,0.0
2026-08-05,Kopačka.cz,context,Tv,Android,Muž,60+,Plzeňský kraj,17,0,0,0.0,0.03
2026-08-05,Kopačka.cz,context,Tv,Android,Muž,60+,Karlovarský kraj,19,0,0,0.0,0.03
2026-08-05,Kopačka.cz,context,Tv,Android,Muž,60+,Ústecký kraj,27,0,0,0.0,0.05
2026-08-05,Kopačka.cz,context,Tv,Android,Muž,60+,Liberecký kraj,10,0,0,0.0,0.02
2026-08-05,Kopačka.cz,context,Tv,Android,Muž,60+,Královéhradecký kraj,14,0,0,0.0,0.03
2026-08-05,Kopačka.cz,context,Tv,Android,Muž,60+,Pardubický kraj,16,0,0,0.0,0.03
2026-08-05,Kopačka.cz,context,Tv,Android,Muž,60+,Kraj Vysočina,29,0,0,0.0,0.05
2026-08-05,Kopačka.cz,context,Tv,Android,Muž,60+,Jihomoravský kraj,7,0,0,0.0,0.01
2026-08-05,Kopačka.cz,context,Tv,Android,Muž,60+,Olomoucký kraj,39,0,0,0.0,0.07
2026-08-05,Kopačka.cz,context,Tv,Android,Muž,60+,Zlínský kraj,9,0,0,0.0,0.02
2026-08-05,Kopačka.cz,context,Tv,Android,Muž,60+,Moravskoslezský kraj,41,0,0,0.0,0.08
2026-08-05,Pozdní Zprávy,context,SmartPhone,Android,Neznámý,Neznámý,Hlavní město Praha,86768,172,0,0.0,508.35
2026-08-05,Pozdní Zprávy,context,SmartPhone,Android,Neznámý,Neznámý,Středočeský kraj,115443,229,0,0.0,676.35
2026-08-05,Pozdní Zprávy,context,SmartPhone,Android,Neznámý,Neznámý,Jihočeský kraj,47333,93,0,0.0,277.31
2026-08-05,Pozdní Zprávy,context,SmartPhone,Android,Neznámý,Neznámý,Plzeňský kraj,25843,43,1,0.0,151.41
2026-08-05,Pozdní Zprávy,context,SmartPhone,Android,Neznámý,Neznámý,Karlovarský kraj,8059,18,0,0.0,47.22
2026-08-05,Pozdní Zprávy,context,SmartPhone,Android,Neznámý,Neznámý,Ústecký kraj,16134,29,0,0.0,94.53
2026-08-05,Pozdní Zprávy,context,SmartPhone,Android,Neznámý,Neznámý,Liberecký kraj,5593,8,0,0.0,32.77
2026-08-05,Pozdní Zprávy,context,SmartPhone,Android,Neznámý,Neznámý,Královéhradecký kraj,24335,52,0,0.0,142.57
2026-08-05,Pozdní Zprávy,context,SmartPhone,Android,Neznámý,Neznámý,Pardubický kraj,51428,104,0,0.0,301.3
2026-08-05,Pozdní Zprávy,context,SmartPhone,Android,Neznámý,Neznámý,Kraj Vysočina,42904,82,1,0.0,251.36
2026-08-05,Pozdní Zprávy,context,SmartPhone,Android,Neznámý,Neznámý,Jihomoravský kraj,18338,32,0,0.0,107.44
2026-08-05,Pozdní Zprávy,context,SmartPhone,Android,Neznámý,Neznámý,Olomoucký kraj,20692,37,0,0.0,121.23
2026-08-05,Pozdní Zprávy,context,SmartPhone,Android,Neznámý,Neznámý,Zlínský kraj,7281,13,0,0.0,42.66
2026-08-05,Pozdní Zprávy,context,SmartPhone,Android,Neznámý,Neznámý,Moravskoslezský kraj,39189,71,0,0.0,229.6
2026-08-05,Poštovna.cz,context,Tablet,iPadOS,Neznámý,18 - 24,Hlavní město Praha,1,0,0,0.0,0.0
2026-08-05,Poštovna.cz,context,Tablet,iPadOS,Neznámý,18 - 24,Středočeský kraj,1,0,0,0.0,0.0
2026-08-05,Poštovna.cz,context,Tablet,iPadOS,Neznámý,18 - 24,Jihočeský kraj,1,0,0,0.0,0.0
2026-08-05,Poštovna.cz,context,Tablet,iPadOS,Neznámý,18 - 24,Plzeňský kraj,1,0,0,0.0,0.0
2026-08-05,Poštovna.cz,context,Tablet,iPadOS,Neznámý,18 - 24,Karlovarský kraj,1,0,0,0.0,0.0
2026-08-05,Poštovna.cz,context,Tablet,iPadOS,Neznámý,18 - 24,Ústecký kraj,1,0,0,0.0,0.0
2026-08-05,Poštovna.cz,context,Tablet,iPadOS,Neznámý,18 - 24,Liberecký kraj,1,0,0,0.0,0.0
2026-08-05,Poštovna.cz,context,Tablet,iPadOS,Neznámý,18 - 24,Královéhradecký kraj,1,0,0,0.0,0.0
2026-08-05,Poštovna.cz,context,Tablet,iPadOS,Neznámý,18 - 24,Pardubický kraj,1,0,0,0.0,0.0
2026-08-05,Poštovna.cz,context,Tablet,iPadOS,Neznámý,18 - 24,Kraj Vysočina,1,0,0,0.0,0.0
2026-08-05,Poštovna.cz,context,Tablet,iPadOS,Neznámý,18 - 24,Jihomoravský kraj,1,0,0,0.0,0.0
2026-08-05,Poštovna.cz,context,Tablet,iPadOS,Neznámý,18 - 24,Olomoucký kraj,1,0,0,0.0,0.0
2026-08-05,Poštovna.cz,context,Tablet,iPadOS,Neznámý,18 - 24,Zlínský kraj,1,0,0,0.0,0.0
2026-08-05,Poštovna.cz,context,Tablet,iPadOS,Neznámý,18 - 24,Moravskoslezský kraj,1,0,0,0.0,0.0
2026-08-05,Poštovna.cz,context,Tablet,Android,Muž,40 - 59,Hlavní město Praha,1041,1,0,0.0,10.34
2026-08-05,Poštovna.cz,context,Tablet,Android,Muž,40 - 59,Středočeský kraj,1023,2,0,0.0,10.16
2026-08-05,Poštovna.cz,context,Tablet,Android,Muž,40 - 59,Jihočeský kraj,1936,5,1,594.08,19.23
2026-08-05,Poštovna.cz,context,Tablet,Android,Muž,40 - 59,Plzeňský kraj,614,1,0,0.0,6.1
2026-08-05,Poštovna.cz,context,Tablet,Android,Muž,40 - 59,Karlovarský kraj,577,0,0,0.0,5.73
2026-08-05,Poštovna.cz,context,Tablet,Android,Muž,40 - 59,Ústecký kraj,175,0,0,0.0,1.74
2026-08-05,Poštovna.cz,context,Tablet,Android,Muž,40 - 59,Liberecký kraj,896,3,0,0.0,8.9
2026-08-05,Poštovna.cz,context,Tablet,Android,Muž,40 - 59,Královéhradecký kraj,222,0,0,0.0,2.2
2026-08-05,Poštovna.cz,context,Tablet,Android,Muž,40 - 59,Pardubický kraj,203,1,0,0.0,2.02
2026-08-05,Poštovna.cz,context,Tablet,Android,Muž,40 - 59,Kraj Vysočina,416,0,0,0.0,4.13
2026-08-05,Poštovna.cz,context,Tablet,Android,Muž,40 - 59,Jihomoravský kraj,32,0,0,0.0,0.32
2026-08-05,Poštovna.cz,context,Tablet,Android,Muž,40 - 59,Olomoucký kraj,630,0,0,0.0,6.26
2026-08-05,Poštovna.cz,context,Tablet,Android,Muž,40 - 59,Zlínský kraj,1369,2,0,0.0,13.6
2026-08-05,Poštovna.cz,context,Tablet,Android,Muž,40 - 59,Moravskoslezský kraj,1571,4,1,594.08,15.6
2026-08-05,Poštovna.cz,context,Tablet,Android,Neznámý,Neznámý,Hlavní město Praha,97,1,0,0.0,0.55
2026-08-05,Poštovna.cz,context,Tablet,Android,Neznámý,Neznámý,Středočeský kraj,29,0,0,0.0,0.16
2026-08-05,Poštovna.cz,context,Tablet,Android,Neznámý,Neznámý,Jihočeský kraj,35,0,0,0.0,0.2
2026-08-05,Poštovna.cz,context,Tablet,Android,Neznámý,Neznámý,Plzeňský kraj,42,0,0,0.0,0.24
2026-08-05,Poštovna.cz,context,Tablet,Android,Neznámý,Neznámý,Karlovarský kraj,50,0,0,0.0,0.28
2026-08-05,Poštovna.cz,context,Tablet,Android,Neznámý,Neznámý,Ústecký kraj,112,1,0,0.0,0.63
2026-08-05,Poštovna.cz,context,Tablet,Android,Neznámý,Neznámý,Liberecký kraj,5,0,0,0.0,0.03
2026-08-05,Poštovna.cz,context,Tablet,Android,Neznámý,Neznámý,Královéhradecký kraj,52,0,0,0.0,0.29
2026-08-05,Poštovna.cz,context,Tablet,Android,Neznámý,Neznámý,Pardubický kraj,51,0,0,0.0,0.29
2026-08-05,Poštovna.cz,context,Tablet,Android,Neznámý,Neznámý,Kraj Vysočina,34,0,0,0.0,0.19
2026-08-05,Poštovna.cz,context,Tablet,Android,Neznámý,Neznámý,Jihomoravský kraj,80,0,0,0.0,0.45
2026-08-05,Poštovna.cz,context,Tablet,Android,Neznámý,Neznámý,Olomoucký kraj,48,0,0,0.0,0.27
2026-08-05,Poštovna.cz,context,Tablet,Android,Neznámý,Neznámý,Zlínský kraj,191,0,0,0.0,1.08
2026-08-05,Poštovna.cz,context,Tablet,Android,Neznámý,Neznámý,Moravskoslezský kraj,120,0,0,0.0,0.68
2026-08-06,Aktualitky.cz,context,Tv,,Muž,40 - 59,Hlavní město Praha,122,1,0,0.0,1.05
2026-08-06,Aktualitky.cz,context,Tv,,Muž,40 - 59,Středočeský kraj,14,0,0,0.0,0.12
2026-08-06,Aktualitky.cz,context,Tv,,Muž,40 - 59,Jihočeský kraj,14,0,0,0.0,0.12
2026-08-06,Aktualitky.cz,context,Tv,,Muž,40 - 59,Plzeňský kraj,273,0,0,0.0,2.36
2026-08-06,Aktualitky.cz,context,Tv,,Muž,40 - 59,Karlovarský kraj,20,0,0,0.0,0.17
2026-08-06,Aktualitky.cz,context,Tv,,Muž,40 - 59,Ústecký kraj,438,2,0,0.0,3.78
2026-08-06,Aktualitky.cz,context,Tv,,Muž,40 - 59,Liberecký kraj,71,0,0,0.0,0.61
2026-08-06,Aktualitky.cz,context,Tv,,Muž,40 - 59,Královéhradecký kraj,195,0,0,0.0,1.68
2026-08-06,Aktualitky.cz,context,Tv,,Muž,40 - 59,Pardubický kraj,11,0,0,0.0,0.1
2026-08-06,Aktualitky.cz,context,Tv,,Muž,40 - 59,Kraj Vysočina,112,0,0,0.0,0.97
2026-08-06,Aktualitky.cz,context,Tv,,Muž,40 - 59,Jihomoravský kraj,311,0,0,0.0,2.69
2026-08-06,Aktualitky.cz,context,Tv,,Muž,40 - 59,Olomoucký kraj,117,0,0,0.0,1.01
2026-08-06,Aktualitky.cz,context,Tv,,Muž,40 - 59,Zlínský kraj,33,0,0,0.0,0.29
2026-08-06,Aktualitky.cz,context,Tv,,Muž,40 - 59,Moravskoslezský kraj,152,0,0,0.0,1.31
2026-08-06,Baráky.cz,context,Tablet,Android,Muž,60+,Hlavní město Praha,786,2,0,0.0,4.87
2026-08-06,Baráky.cz,context,Tablet,Android,Muž,60+,Středočeský kraj,492,1,0,0.0,3.05
2026-08-06,Baráky.cz,context,Tablet,Android,Muž,60+,Jihočeský kraj,1405,2,0,0.0,8.71
2026-08-06,Baráky.cz,context,Tablet,Android,Muž,60+,Plzeňský kraj,511,0,0,0.0,3.17
2026-08-06,Baráky.cz,context,Tablet,Android,Muž,60+,Karlovarský kraj,345,2,0,0.0,2.14
2026-08-06,Baráky.cz,context,Tablet,Android,Muž,60+,Ústecký kraj,1455,1,0,0.0,9.02
2026-08-06,Baráky.cz,context,Tablet,Android,Muž,60+,Liberecký kraj,510,0,0,0.0,3.16
2026-08-06,Baráky.cz,context,Tablet,Android,Muž,60+,Královéhradecký kraj,625,0,0,0.0,3.88
2026-08-06,Baráky.cz,context,Tablet,Android,Muž,60+,Pardubický kraj,1734,3,0,0.0,10.75
2026-08-06,Baráky.cz,context,Tablet,Android,Muž,60+,Kraj Vysočina,539,1,0,0.0,3.34
2026-08-06,Baráky.cz,context,Tablet,Android,Muž,60+,Jihomoravský kraj,250,1,0,0.0,1.55
2026-08-06,Baráky.cz,context,Tablet,Android,Muž,60+,Olomoucký kraj,395,1,0,0.0,2.45
2026-08-06,Baráky.cz,context,Tablet,Android,Muž,60+,Zlínský kraj,45,0,0,0.0,0.28
2026-08-06,Baráky.cz,context,Tablet,Android,Muž,60+,Moravskoslezský kraj,482,0,0,0.0,2.99
2026-08-06,Baráky.cz,context,Tablet,iPadOS,Muž,18 - 24,Hlavní město Praha,40,0,0,0.0,0.0
2026-08-06,Baráky.cz,context,Tablet,iPadOS,Muž,18 - 24,Středočeský kraj,49,0,0,0.0,0.0
2026-08-06,Baráky.cz,context,Tablet,iPadOS,Muž,18 - 24,Jihočeský kraj,8,0,0,0.0,0.0
2026-08-06,Baráky.cz,context,Tablet,iPadOS,Muž,18 - 24,Plzeňský kraj,26,0,0,0.0,0.0
2026-08-06,Baráky.cz,context,Tablet,iPadOS,Muž,18 - 24,Karlovarský kraj,23,0,0,0.0,0.0
2026-08-06,Baráky.cz,context,Tablet,iPadOS,Muž,18 - 24,Ústecký kraj,23,0,0,0.0,0.0
2026-08-06,Baráky.cz,context,Tablet,iPadOS,Muž,18 - 24,Liberecký kraj,1,0,0,0.0,0.0
2026-08-06,Baráky.cz,context,Tablet,iPadOS,Muž,18 - 24,Královéhradecký kraj,21,0,0,0.0,0.0
2026-08-06,Baráky.cz,context,Tablet,iPadOS,Muž,18 - 24,Pardubický kraj,1,0,0,0.0,0.0
2026-08-06,Baráky.cz,context,Tablet,iPadOS,Muž,18 - 24,Kraj Vysočina,29,0,0,0.0,0.0
2026-08-06,Baráky.cz,context,Tablet,iPadOS,Muž,18 - 24,Jihomoravský kraj,7,0,0,0.0,0.0
2026-08-06,Baráky.cz,context,Tablet,iPadOS,Muž,18 - 24,Olomoucký kraj,1,0,0,0.0,0.0
2026-08-06,Baráky.cz,context,Tablet,iPadOS,Muž,18 - 24,Zlínský kraj,18,0,0,0.0,0.0
2026-08-06,Baráky.cz,context,Tablet,iPadOS,Muž,18 - 24,Moravskoslezský kraj,28,0,0,0.0,0.0
2026-08-06,Baráky.cz,context,SmartPhone,Android,Žena,25 - 39,Hlavní město Praha,18097,16,0,0.0,86.07
2026-08-06,Baráky.cz,context,SmartPhone,Android,Žena,25 - 39,Středočeský kraj,11779,3,0,0.0,56.02
2026-08-06,Baráky.cz,context,SmartPhone,Android,Žena,25 - 39,Jihočeský kraj,21,0,0,0.0,0.1
2026-08-06,Baráky.cz,context,SmartPhone,Android,Žena,25 - 39,Plzeňský kraj,6458,4,0,0.0,30.72
2026-08-06,Baráky.cz,context,SmartPhone,Android,Žena,25 - 39,Karlovarský kraj,10147,8,0,0.0,48.26
2026-08-06,Baráky.cz,context,SmartPhone,Android,Žena,25 - 39,Ústecký kraj,883,1,0,0.0,4.2
2026-08-06,Baráky.cz,context,SmartPhone,Android,Žena,25 - 39,Liberecký kraj,32187,25,0,0.0,153.09
2026-08-06,Baráky.cz,context,SmartPhone,Android,Žena,25 - 39,Královéhradecký kraj,2095,3,0,0.0,9.96
2026-08-06,Baráky.cz,context,SmartPhone,Android,Žena,25 - 39,Pardubický kraj,14313,11,1,0.0,68.08
2026-08-06,Baráky.cz,context,SmartPhone,Android,Žena,25 - 39,Kraj Vysočina,1203,0,0,0.0,5.72
2026-08-06,Baráky.cz,context,SmartPhone,Android,Žena,25 - 39,Jihomoravský kraj,4280,2,0,0.0,20.36
2026-08-06,Baráky.cz,context,SmartPhone,Android,Žena,25 - 39,Olomoucký kraj,2727,0,0,0.0,12.97
2026-08-06,Baráky.cz,context,SmartPhone,Android,Žena,25 - 39,Zlínský kraj,69231,64,1,0.0,329.27
2026-08-06,Baráky.cz,context,SmartPhone,Android,Žena,25 - 39,Moravskoslezský kraj,762,0,0,0.0,3.62
2026-08-06,Blogeria.cz,context,Tablet,Android,Žena,60+,Hlavní město Praha,15921,45,2,186.87,211.77
2026-08-06,Blogeria.cz,context,Tablet,Android,Žena,60+,Středočeský kraj,371,0,0,0.0,4.93
2026-08-06,Blogeria.cz,context,Tablet,Android,Žena,60+,Jihočeský kraj,8577,25,1,93.44,114.08
2026-08-06,Blogeria.cz,context,Tablet,Android,Žena,60+,Plzeňský kraj,923,6,0,0.0,12.28
2026-08-06,Blogeria.cz,context,Tablet,Android,Žena,60+,Karlovarský kraj,5669,22,7,654.05,75.4
2026-08-06,Blogeria.cz,context,Tablet,Android,Žena,60+,Ústecký kraj,16542,55,3,280.31,220.03
2026-08-06,Blogeria.cz,context,Tablet,Android,Žena,60+,Liberecký kraj,1394,4,0,0.0,18.54
2026-08-06,Blogeria.cz,context,Tablet,Android,Žena,60+,Královéhradecký kraj,39089,115,16,1494.97,519.92
2026-08-06,Blogeria.cz,context,Tablet,Android,Žena,60+,Pardubický kraj,6773,23,1,93.44,90.09
2026-08-06,Blogeria.cz,context,Tablet,Android,Žena,60+,Kraj Vysočina,13178,45,0,0.0,175.28
2026-08-06,Blogeria.cz,context,Tablet,Android,Žena,60+,Jihomoravský kraj,4580,11,0,0.0,60.92
2026-08-06,Blogeria.cz,context,Tablet,Android,Žena,60+,Olomoucký kraj,2543,6,0,0.0,33.82
2026-08-06,Blogeria.cz,context,Tablet,Android,Žena,60+,Zlínský kraj,5764,16,2,186.87,76.67
2026-08-06,Blogeria.cz,context,Tablet,Android,Žena,60+,Moravskoslezský kraj,10813,34,3,280.31,143.82
2026-08-06,Drbárna.cz,context,SmartPhone,,Muž,18 - 24,Hlavní město Praha,3,0,0,0.0,0.1
2026-08-06,Drbárna.cz,context,SmartPhone,,Muž,18 - 24,Středočeský kraj,4,0,0,0.0,0.13
2026-08-06,Drbárna.cz,context,SmartPhone,,Muž,18 - 24,Jihočeský kraj,1,0,0,0.0,0.03
2026-08-06,Drbárna.cz,context,SmartPhone,,Muž,18 - 24,Plzeňský kraj,3,0,0,0.0,0.1
2026-08-06,Drbárna.cz,context,SmartPhone,,Muž,18 - 24,Karlovarský kraj,1,0,0,0.0,0.03
2026-08-06,Drbárna.cz,context,SmartPhone,,Muž,18 - 24,Ústecký kraj,3,0,0,0.0,0.1
2026-08-06,Drbárna.cz,context,SmartPhone,,Muž,18 - 24,Liberecký kraj,2,0,0,0.0,0.07
2026-08-06,Drbárna.cz,context,SmartPhone,,Muž,18 - 24,Královéhradecký kraj,1,0,0,0.0,0.03
2026-08-06,Drbárna.cz,context,SmartPhone,,Muž,18 - 24,Pardubický kraj,4,0,0,0.0,0.13
2026-08-06,Drbárna.cz,context,SmartPhone,,Muž,18 - 24,Kraj Vysočina,1,0,0,0.0,0.03
2026-08-06,Drbárna.cz,context,SmartPhone,,Muž,18 - 24,Jihomoravský kraj,3,0,0,0.0,0.1
2026-08-06,Drbárna.cz,context,SmartPhone,,Muž,18 - 24,Olomoucký kraj,2,0,0,0.0,0.07
2026-08-06,Drbárna.cz,context,SmartPhone,,Muž,18 - 24,Zlínský kraj,2,0,0,0.0,0.07
2026-08-06,Drbárna.cz,context,SmartPhone,,Muž,18 - 24,Moravskoslezský kraj,2,0,0,0.0,0.07
2026-08-06,Drbárna.cz,context,SmallScreen,Android,Žena,25 - 39,Hlavní město Praha,2,0,0,0.0,0.03
2026-08-06,Drbárna.cz,context,SmallScreen,Android,Žena,25 - 39,Středočeský kraj,1,0,0,0.0,0.01
2026-08-06,Drbárna.cz,context,SmallScreen,Android,Žena,25 - 39,Jihočeský kraj,1,0,0,0.0,0.01
2026-08-06,Drbárna.cz,context,SmallScreen,Android,Žena,25 - 39,Plzeňský kraj,1,0,0,0.0,0.01
2026-08-06,Drbárna.cz,context,SmallScreen,Android,Žena,25 - 39,Karlovarský kraj,1,0,0,0.0,0.01
2026-08-06,Drbárna.cz,context,SmallScreen,Android,Žena,25 - 39,Ústecký kraj,1,0,0,0.0,0.01
2026-08-06,Drbárna.cz,context,SmallScreen,Android,Žena,25 - 39,Liberecký kraj,2,0,0,0.0,0.03
2026-08-06,Drbárna.cz,context,SmallScreen,Android,Žena,25 - 39,Královéhradecký kraj,6,0,0,0.0,0.08
2026-08-06,Drbárna.cz,context,SmallScreen,Android,Žena,25 - 39,Pardubický kraj,4,0,0,0.0,0.05
2026-08-06,Drbárna.cz,context,SmallScreen,Android,Žena,25 - 39,Kraj Vysočina,1,0,0,0.0,0.01
2026-08-06,Drbárna.cz,context,SmallScreen,Android,Žena,25 - 39,Jihomoravský kraj,1,0,0,0.0,0.01
2026-08-06,Drbárna.cz,context,SmallScreen,Android,Žena,25 - 39,Olomoucký kraj,1,0,0,0.0,0.01
2026-08-06,Drbárna.cz,context,SmallScreen,Android,Žena,25 - 39,Zlínský kraj,1,0,0,0.0,0.01
2026-08-06,Drbárna.cz,context,SmallScreen,Android,Žena,25 - 39,Moravskoslezský kraj,3,0,0,0.0,0.04
2026-08-06,Drbárna.cz,context,SmartPhone,Android,Muž,60+,Hlavní město Praha,244992,940,58,1361.74,4119.57
2026-08-06,Drbárna.cz,context,SmartPhone,Android,Muž,60+,Středočeský kraj,166396,695,35,821.74,2797.97
2026-08-06,Drbárna.cz,context,SmartPhone,Android,Muž,60+,Jihočeský kraj,91347,356,13,305.22,1536.01
2026-08-06,Drbárna.cz,context,SmartPhone,Android,Muž,60+,Plzeňský kraj,17297,58,3,70.44,290.85
2026-08-06,Drbárna.cz,context,SmartPhone,Android,Muž,60+,Karlovarský kraj,215026,878,34,798.26,3615.69
2026-08-06,Drbárna.cz,context,SmartPhone,Android,Muž,60+,Ústecký kraj,39547,168,6,140.87,664.99
2026-08-06,Drbárna.cz,context,SmartPhone,Android,Muž,60+,Liberecký kraj,79208,327,18,422.61,1331.89
2026-08-06,Drbárna.cz,context,SmartPhone,Android,Muž,60+,Královéhradecký kraj,3860,17,1,23.48,64.91
2026-08-06,Drbárna.cz,context,SmartPhone,Android,Muž,60+,Pardubický kraj,38946,138,3,70.44,654.88
2026-08-06,Drbárna.cz,context,SmartPhone,Android,Muž,60+,Kraj Vysočina,3497,6,0,0.0,58.8
2026-08-06,Drbárna.cz,context,SmartPhone,Android,Muž,60+,Jihomoravský kraj,100774,415,19,446.09,1694.53
2026-08-06,Drbárna.cz,context,SmartPhone,Android,Muž,60+,Olomoucký kraj,169735,694,32,751.31,2854.12
2026-08-06,Drbárna.cz,context,SmartPhone,Android,Muž,60+,Zlínský kraj,106519,446,27,633.92,1791.13
2026-08-06,Drbárna.cz,context,SmartPhone,Android,Muž,60+,Moravskoslezský kraj,90850,365,24,563.48,1527.66
2026-08-06,Drbárna.cz,context,SmartPhone,,Muž,40 - 59,Hlavní město Praha,1454,4,0,0.0,21.12
2026-08-06,Drbárna.cz,context,SmartPhone,,Muž,40 - 59,Středočeský kraj,68,0,0,0.0,0.99
2026-08-06,Drbárna.cz,context,SmartPhone,,Muž,40 - 59,Jihočeský kraj,2825,3,1,0.0,41.04
2026-08-06,Drbárna.cz,context,SmartPhone,,Muž,40 - 59,Plzeňský kraj,50,0,0,0.0,0.73
2026-08-06,Drbárna.cz,context,SmartPhone,,Muž,40 - 59,Karlovarský kraj,274,0,0,0.0,3.98
2026-08-06,Drbárna.cz,context,SmartPhone,,Muž,40 - 59,Ústecký kraj,1139,4,2,0.0,16.55
2026-08-06,Drbárna.cz,context,SmartPhone,,Muž,40 - 59,Liberecký kraj,1670,2,0,0.0,24.26
2026-08-06,Drbárna.cz,context,SmartPhone,,Muž,40 - 59,Královéhradecký kraj,147,0,0,0.0,2.14
2026-08-06,Drbárna.cz,context,SmartPhone,,Muž,40 - 59,Pardubický kraj,118,0,0,0.0,1.71
2026-08-06,Drbárna.cz,context,SmartPhone,,Muž,40 - 59,Kraj Vysočina,1248,0,0,0.0,18.13
2026-08-06,Drbárna.cz,context,SmartPhone,,Muž,40 - 59,Jihomoravský kraj,3698,3,0,0.0,53.72
2026-08-06,Drbárna.cz,context,SmartPhone,,Muž,40 - 59,Olomoucký kraj,145,0,0,0.0,2.11
2026-08-06,Drbárna.cz,context,SmartPhone,,Muž,40 - 59,Zlínský kraj,1513,3,1,0.0,21.98
2026-08-06,Drbárna.cz,context,SmartPhone,,Muž,40 - 59,Moravskoslezský kraj,51,0,0,0.0,0.74
2026-08-06,Kliknito.cz,context,Tablet,iOS,Muž,Neznámý,Hlavní město Praha,30,0,0,0.0,0.0
2026-08-06,Kliknito.cz,context,Tablet,iOS,Muž,Neznámý,Středočeský kraj,28,0,0,0.0,0.0
2026-08-06,Kliknito.cz,context,Tablet,iOS,Muž,Neznámý,Jihočeský kraj,11,0,0,0.0,0.0
2026-08-06,Kliknito.cz,context,Tablet,iOS,Muž,Neznámý,Plzeňský kraj,11,0,0,0.0,0.0
2026-08-06,Kliknito.cz,context,Tablet,iOS,Muž,Neznámý,Karlovarský kraj,13,0,0,0.0,0.0
2026-08-06,Kliknito.cz,context,Tablet,iOS,Muž,Neznámý,Ústecký kraj,16,0,0,0.0,0.0
2026-08-06,Kliknito.cz,context,Tablet,iOS,Muž,Neznámý,Liberecký kraj,20,0,0,0.0,0.0
2026-08-06,Kliknito.cz,context,Tablet,iOS,Muž,Neznámý,Královéhradecký kraj,3,0,0,0.0,0.0
2026-08-06,Kliknito.cz,context,Tablet,iOS,Muž,Neznámý,Pardubický kraj,60,0,0,0.0,0.0
2026-08-06,Kliknito.cz,context,Tablet,iOS,Muž,Neznámý,Kraj Vysočina,3,0,0,0.0,0.0
2026-08-06,Kliknito.cz,context,Tablet,iOS,Muž,Neznámý,Jihomoravský kraj,49,0,0,0.0,0.0
2026-08-06,Kliknito.cz,context,Tablet,iOS,Muž,Neznámý,Olomoucký kraj,45,0,0,0.0,0.0
2026-08-06,Kliknito.cz,context,Tablet,iOS,Muž,Neznámý,Zlínský kraj,30,0,0,0.0,0.0
2026-08-06,Kliknito.cz,context,Tablet,iOS,Muž,Neznámý,Moravskoslezský kraj,17,0,0,0.0,0.0
2026-08-06,Kliknito.cz,context,Desktop,,Neznámý,Neznámý,Hlavní město Praha,6595,19,0,0.0,176.91
2026-08-06,Kliknito.cz,context,Desktop,,Neznámý,Neznámý,Středočeský kraj,1479,2,0,0.0,39.67
2026-08-06,Kliknito.cz,context,Desktop,,Neznámý,Neznámý,Jihočeský kraj,1313,1,0,0.0,35.22
2026-08-06,Kliknito.cz,context,Desktop,,Neznámý,Neznámý,Plzeňský kraj,322,0,0,0.0,8.64
2026-08-06,Kliknito.cz,context,Desktop,,Neznámý,Neznámý,Karlovarský kraj,1333,4,0,0.0,35.76
2026-08-06,Kliknito.cz,context,Desktop,,Neznámý,Neznámý,Ústecký kraj,2344,8,0,0.0,62.88
2026-08-06,Kliknito.cz,context,Desktop,,Neznámý,Neznámý,Liberecký kraj,251,1,0,0.0,6.73
2026-08-06,Kliknito.cz,context,Desktop,,Neznámý,Neznámý,Královéhradecký kraj,7145,15,0,0.0,191.66
2026-08-06,Kliknito.cz,context,Desktop,,Neznámý,Neznámý,Pardubický kraj,2276,14,0,0.0,61.05
2026-08-06,Kliknito.cz,context,Desktop,,Neznámý,Neznámý,Kraj Vysočina,224,1,0,0.0,6.01
2026-08-06,Kliknito.cz,context,Desktop,,Neznámý,Neznámý,Jihomoravský kraj,527,1,0,0.0,14.14
2026-08-06,Kliknito.cz,context,Desktop,,Neznámý,Neznámý,Olomoucký kraj,2863,8,0,0.0,76.8
2026-08-06,Kliknito.cz,context,Desktop,,Neznámý,Neznámý,Zlínský kraj,2673,3,0,0.0,71.7
2026-08-06,Kliknito.cz,context,Desktop,,Neznámý,Neznámý,Moravskoslezský kraj,896,1,0,0.0,24.03
2026-08-06,Kopačka.cz,context,Tablet,iPadOS,Muž,25 - 39,Hlavní město Praha,34,0,0,0.0,0.41
2026-08-06,Kopačka.cz,context,Tablet,iPadOS,Muž,25 - 39,Středočeský kraj,12,0,0,0.0,0.14
2026-08-06,Kopačka.cz,context,Tablet,iPadOS,Muž,25 - 39,Jihočeský kraj,47,0,0,0.0,0.57
2026-08-06,Kopačka.cz,context,Tablet,iPadOS,Muž,25 - 39,Plzeňský kraj,56,0,0,0.0,0.67
2026-08-06,Kopačka.cz,context,Tablet,iPadOS,Muž,25 - 39,Karlovarský kraj,116,1,0,0.0,1.4
2026-08-06,Kopačka.cz,context,Tablet,iPadOS,Muž,25 - 39,Ústecký kraj,1,0,0,0.0,0.01
2026-08-06,Kopačka.cz,context,Tablet,iPadOS,Muž,25 - 39,Liberecký kraj,22,0,0,0.0,0.26
2026-08-06,Kopačka.cz,context,Tablet,iPadOS,Muž,25 - 39,Královéhradecký kraj,21,0,0,0.0,0.25
2026-08-06,Kopačka.cz,context,Tablet,iPadOS,Muž,25 - 39,Pardubický kraj,74,0,0,0.0,0.89
2026-08-06,Kopačka.cz,context,Tablet,iPadOS,Muž,25 - 39,Kraj Vysočina,83,0,0,0.0,1.0
2026-08-06,Kopačka.cz,context,Tablet,iPadOS,Muž,25 - 39,Jihomoravský kraj,55,0,0,0.0,0.66
2026-08-06,Kopačka.cz,context,Tablet,iPadOS,Muž,25 - 39,Olomoucký kraj,111,3,0,0.0,1.34
2026-08-06,Kopačka.cz,context,Tablet,iPadOS,Muž,25 - 39,Zlínský kraj,30,0,0,0.0,0.36
2026-08-06,Kopačka.cz,context,Tablet,iPadOS,Muž,25 - 39,Moravskoslezský kraj,54,0,0,0.0,0.65
2026-08-06,Kámoši.net,context,SmartPhone,iOS,Muž,18 - 24,Hlavní město Praha,1,0,0,0.0,0.0
2026-08-06,Kámoši.net,context,SmartPhone,iOS,Muž,18 - 24,Středočeský kraj,61,0,0,0.0,0.26
2026-08-06,Kámoši.net,context,SmartPhone,iOS,Muž,18 - 24,Jihočeský kraj,66,0,0,0.0,0.28
2026-08-06,Kámoši.net,context,SmartPhone,iOS,Muž,18 - 24,Plzeňský kraj,57,0,0,0.0,0.24
2026-08-06,Kámoši.net,context,SmartPhone,iOS,Muž,18 - 24,Karlovarský kraj,46,0,0,0.0,0.19
2026-08-06,Kámoši.net,context,SmartPhone,iOS,Muž,18 - 24,Ústecký kraj,108,0,0,0.0,0.46
2026-08-06,Kámoši.net,context,SmartPhone,iOS,Muž,18 - 24,Liberecký kraj,55,0,0,0.0,0.23
2026-08-06,Kámoši.net,context,SmartPhone,iOS,Muž,18 - 24,Královéhradecký kraj,131,1,1,0.0,0.55
2026-08-06,Kámoši.net,context,SmartPhone,iOS,Muž,18 - 24,Pardubický kraj,356,0,0,0.0,1.5
2026-08-06,Kámoši.net,context,SmartPhone,iOS,Muž,18 - 24,Kraj Vysočina,92,0,0,0.0,0.39
2026-08-06,Kámoši.net,context,SmartPhone,iOS,Muž,18 - 24,Jihomoravský kraj,54,0,0,0.0,0.23
2026-08-06,Kámoši.net,context,SmartPhone,iOS,Muž,18 - 24,Olomoucký kraj,40,0,0,0.0,0.17
2026-08-06,Kámoši.net,context,SmartPhone,iOS,Muž,18 - 24,Zlínský kraj,320,1,0,0.0,1.35
2026-08-06,Kámoši.net,context,SmartPhone,iOS,Muž,18 - 24,Moravskoslezský kraj,255,0,0,0.0,1.08
2026-08-06,Pozdní Zprávy,context,Tv,,Neznámý,Neznámý,Hlavní město Praha,3,0,0,0.0,0.0
2026-08-06,Pozdní Zprávy,context,Tv,,Neznámý,Neznámý,Středočeský kraj,3,0,0,0.0,0.0
2026-08-06,Pozdní Zprávy,context,Tv,,Neznámý,Neznámý,Jihočeský kraj,24,0,0,0.0,0.01
2026-08-06,Pozdní Zprávy,context,Tv,,Neznámý,Neznámý,Plzeňský kraj,3,0,0,0.0,0.0
2026-08-06,Pozdní Zprávy,context,Tv,,Neznámý,Neznámý,Karlovarský kraj,24,0,0,0.0,0.01
2026-08-06,Pozdní Zprávy,context,Tv,,Neznámý,Neznámý,Ústecký kraj,2,0,0,0.0,0.0
2026-08-06,Pozdní Zprávy,context,Tv,,Neznámý,Neznámý,Liberecký kraj,1,0,0,0.0,0.0
2026-08-06,Pozdní Zprávy,context,Tv,,Neznámý,Neznámý,Královéhradecký kraj,13,0,0,0.0,0.01
2026-08-06,Pozdní Zprávy,context,Tv,,Neznámý,Neznámý,Pardubický kraj,30,0,0,0.0,0.01
2026-08-06,Pozdní Zprávy,context,Tv,,Neznámý,Neznámý,Kraj Vysočina,19,0,0,0.0,0.01
2026-08-06,Pozdní Zprávy,context,Tv,,Neznámý,Neznámý,Jihomoravský kraj,26,0,0,0.0,0.01
2026-08-06,Pozdní Zprávy,context,Tv,,Neznámý,Neznámý,Olomoucký kraj,25,0,0,0.0,0.01
2026-08-06,Pozdní Zprávy,context,Tv,,Neznámý,Neznámý,Zlínský kraj,19,0,0,0.0,0.01
2026-08-06,Pozdní Zprávy,context,Tv,,Neznámý,Neznámý,Moravskoslezský kraj,26,0,0,0.0,0.01
2026-08-06,Pozdní Zprávy,context,SmallScreen,Android,Muž,40 - 59,Hlavní město Praha,14,0,0,0.0,0.41
2026-08-06,Pozdní Zprávy,context,SmallScreen,Android,Muž,40 - 59,Středočeský kraj,13,0,0,0.0,0.38
2026-08-06,Pozdní Zprávy,context,SmallScreen,Android,Muž,40 - 59,Jihočeský kraj,49,0,0,0.0,1.42
2026-08-06,Pozdní Zprávy,context,SmallScreen,Android,Muž,40 - 59,Plzeňský kraj,93,0,0,0.0,2.7
2026-08-06,Pozdní Zprávy,context,SmallScreen,Android,Muž,40 - 59,Karlovarský kraj,41,0,0,0.0,1.19
2026-08-06,Pozdní Zprávy,context,SmallScreen,Android,Muž,40 - 59,Ústecký kraj,118,3,1,0.0,3.43
2026-08-06,Pozdní Zprávy,context,SmallScreen,Android,Muž,40 - 59,Liberecký kraj,13,0,0,0.0,0.38
2026-08-06,Pozdní Zprávy,context,SmallScreen,Android,Muž,40 - 59,Královéhradecký kraj,45,0,0,0.0,1.31
2026-08-06,Pozdní Zprávy,context,SmallScreen,Android,Muž,40 - 59,Pardubický kraj,29,0,0,0.0,0.84
2026-08-06,Pozdní Zprávy,context,SmallScreen,Android,Muž,40 - 59,Kraj Vysočina,34,0,0,0.0,0.99
2026-08-06,Pozdní Zprávy,context,SmallScreen,Android,Muž,40 - 59,Jihomoravský kraj,54,1,0,0.0,1.57
2026-08-06,Pozdní Zprávy,context,SmallScreen,Android,Muž,40 - 59,Olomoucký kraj,100,0,0,0.0,2.91
2026-08-06,Pozdní Zprávy,context,SmallScreen,Android,Muž,40 - 59,Zlínský kraj,21,0,0,0.0,0.61
2026-08-06,Pozdní Zprávy,context,SmallScreen,Android,Muž,40 - 59,Moravskoslezský kraj,15,0,0,0.0,0.44
2026-08-06,Pozdní Zprávy,context,Tablet,Android,Muž,60+,Hlavní město Praha,7161,35,4,909.18,141.83
2026-08-06,Pozdní Zprávy,context,Tablet,Android,Muž,60+,Středočeský kraj,31901,147,8,1818.35,631.84
2026-08-06,Pozdní Zprávy,context,Tablet,Android,Muž,60+,Jihočeský kraj,16873,82,3,681.88,334.19
2026-08-06,Pozdní Zprávy,context,Tablet,Android,Muž,60+,Plzeňský kraj,6931,44,2,454.59,137.28
2026-08-06,Pozdní Zprávy,context,Tablet,Android,Muž,60+,Karlovarský kraj,64509,313,24,5455.06,1277.69
2026-08-06,Pozdní Zprávy,context,Tablet,Android,Muž,60+,Ústecký kraj,12302,51,8,1818.35,243.66
2026-08-06,Pozdní Zprávy,context,Tablet,Android,Muž,60+,Liberecký kraj,1364,8,1,227.29,27.02
2026-08-06,Pozdní Zprávy,context,Tablet,Android,Muž,60+,Královéhradecký kraj,8065,29,2,454.59,159.74
2026-08-06,Pozdní Zprávy,context,Tablet,Android,Muž,60+,Pardubický kraj,26111,124,7,1591.06,517.16
2026-08-06,Pozdní Zprávy,context,Tablet,Android,Muž,60+,Kraj Vysočina,2204,8,1,227.29,43.65
2026-08-06,Pozdní Zprávy,context,Tablet,Android,Muž,60+,Jihomoravský kraj,2090,15,0,0.0,41.4
2026-08-06,Pozdní Zprávy,context,Tablet,Android,Muž,60+,Olomoucký kraj,10517,55,2,454.59,208.3
2026-08-06,Pozdní Zprávy,context,Tablet,Android,Muž,60+,Zlínský kraj,4394,30,4,909.18,87.03
2026-08-06,Pozdní Zprávy,context,Tablet,Android,Muž,60+,Moravskoslezský kraj,19730,103,7,1591.06,390.78
2026-08-07,Aktualitky.cz,context,Tv,,Muž,25 - 39,Hlavní město Praha,4,0,0,0.0,0.01
2026-08-07,Aktualitky.cz,context,Tv,,Muž,25 - 39,Středočeský kraj,2,0,0,0.0,0.0
2026-08-07,Aktualitky.cz,context,Tv,,Muž,25 - 39,Jihočeský kraj,1,0,0,0.0,0.0
2026-08-07,Aktualitky.cz,context,Tv,,Muž,25 - 39,Plzeňský kraj,1,0,0,0.0,0.0
2026-08-07,Aktualitky.cz,context,Tv,,Muž,25 - 39,Karlovarský kraj,1,0,0,0.0,0.0
2026-08-07,Aktualitky.cz,context,Tv,,Muž,25 - 39,Ústecký kraj,1,0,0,0.0,0.0
2026-08-07,Aktualitky.cz,context,Tv,,Muž,25 - 39,Liberecký kraj,2,0,0,0.0,0.0
2026-08-07,Aktualitky.cz,context,Tv,,Muž,25 - 39,Královéhradecký kraj,1,0,0,0.0,0.0
2026-08-07,Aktualitky.cz,context,Tv,,Muž,25 - 39,Pardubický kraj,1,0,0,0.0,0.0
2026-08-07,Aktualitky.cz,context,Tv,,Muž,25 - 39,Kraj Vysočina,3,0,0,0.0,0.01
2026-08-07,Aktualitky.cz,context,Tv,,Muž,25 - 39,Jihomoravský kraj,2,0,0,0.0,0.0
2026-08-07,Aktualitky.cz,context,Tv,,Muž,25 - 39,Olomoucký kraj,1,0,0,0.0,0.0
2026-08-07,Aktualitky.cz,context,Tv,,Muž,25 - 39,Zlínský kraj,3,0,0,0.0,0.01
2026-08-07,Aktualitky.cz,context,Tv,,Muž,25 - 39,Moravskoslezský kraj,2,0,0,0.0,0.0
2026-08-07,Aktualitky.cz,context,SmartPhone,iOS,Muž,25 - 39,Hlavní město Praha,18274,21,1,0.0,152.73
2026-08-07,Aktualitky.cz,context,SmartPhone,iOS,Muž,25 - 39,Středočeský kraj,3777,4,0,0.0,31.57
2026-08-07,Aktualitky.cz,context,SmartPhone,iOS,Muž,25 - 39,Jihočeský kraj,38131,56,3,0.0,318.7
2026-08-07,Aktualitky.cz,context,SmartPhone,iOS,Muž,25 - 39,Plzeňský kraj,4428,12,1,0.0,37.01
2026-08-07,Aktualitky.cz,context,SmartPhone,iOS,Muž,25 - 39,Karlovarský kraj,399,3,0,0.0,3.33
2026-08-07,Aktualitky.cz,context,SmartPhone,iOS,Muž,25 - 39,Ústecký kraj,33869,47,3,0.0,283.07
2026-08-07,Aktualitky.cz,context,SmartPhone,iOS,Muž,25 - 39,Liberecký kraj,37461,48,5,0.0,313.1
2026-08-07,Aktualitky.cz,context,SmartPhone,iOS,Muž,25 - 39,Královéhradecký kraj,15840,16,0,0.0,132.39
2026-08-07,Aktualitky.cz,context,SmartPhone,iOS,Muž,25 - 39,Pardubický kraj,5679,5,0,0.0,47.46
2026-08-07,Aktualitky.cz,context,SmartPhone,iOS,Muž,25 - 39,Kraj Vysočina,1341,1,0,0.0,11.21
2026-08-07,Aktualitky.cz,context,SmartPhone,iOS,Muž,25 - 39,Jihomoravský kraj,6340,8,1,0.0,52.99
2026-08-07,Aktualitky.cz,context,SmartPhone,iOS,Muž,25 - 39,Olomoucký kraj,11841,13,1,0.0,98.97
2026-08-07,Aktualitky.cz,context,SmartPhone,iOS,Muž,25 - 39,Zlínský kraj,82126,108,8,0.0,686.4
2026-08-07,Aktualitky.cz,context,SmartPhone,iOS,Muž,25 - 39,Moravskoslezský kraj,11834,15,1,0.0,98.91
2026-08-07,Baráky.cz,context,Tablet,Android,Muž,Neznámý,Hlavní město Praha,5,0,0,0.0,0.0
2026-08-07,Baráky.cz,context,Tablet,Android,Muž,Neznámý,Středočeský kraj,118,0,0,0.0,0.06
2026-08-07,Baráky.cz,context,Tablet,Android,Muž,Neznámý,Jihočeský kraj,101,0,0,0.0,0.05
2026-08-07,Baráky.cz,context,Tablet,Android,Muž,Neznámý,Plzeňský kraj,231,0,0,0.0,0.11
2026-08-07,Baráky.cz,context,Tablet,Android,Muž,Neznámý,Karlovarský kraj,237,0,0,0.0,0.12
2026-08-07,Baráky.cz,context,Tablet,Android,Muž,Neznámý,Ústecký kraj,122,0,0,0.0,0.06
2026-08-07,Baráky.cz,context,Tablet,Android,Muž,Neznámý,Liberecký kraj,89,0,0,0.0,0.04
2026-08-07,Baráky.cz,context,Tablet,Android,Muž,Neznámý,Královéhradecký kraj,92,0,0,0.0,0.04
2026-08-07,Baráky.cz,context,Tablet,Android,Muž,Neznámý,Pardubický kraj,21,0,0,0.0,0.01
2026-08-07,Baráky.cz,context,Tablet,Android,Muž,Neznámý,Kraj Vysočina,72,0,0,0.0,0.04
2026-08-07,Baráky.cz,context,Tablet,Android,Muž,Neznámý,Jihomoravský kraj,141,0,0,0.0,0.07
2026-08-07,Baráky.cz,context,Tablet,Android,Muž,Neznámý,Olomoucký kraj,188,0,0,0.0,0.09
2026-08-07,Baráky.cz,context,Tablet,Android,Muž,Neznámý,Zlínský kraj,16,0,0,0.0,0.01
2026-08-07,Baráky.cz,context,Tablet,Android,Muž,Neznámý,Moravskoslezský kraj,36,0,0,0.0,0.02
2026-08-07,Baráky.cz,context,Desktop,macOS,Neznámý,25 - 39,Hlavní město Praha,1,0,0,0.0,0.01
2026-08-07,Baráky.cz,context,Desktop,macOS,Neznámý,25 - 39,Středočeský kraj,1,0,0,0.0,0.01
2026-08-07,Baráky.cz,context,Desktop,macOS,Neznámý,25 - 39,Jihočeský kraj,1,0,0,0.0,0.01
2026-08-07,Baráky.cz,context,Desktop,macOS,Neznámý,25 - 39,Plzeňský kraj,1,0,0,0.0,0.01
2026-08-07,Baráky.cz,context,Desktop,macOS,Neznámý,25 - 39,Karlovarský kraj,1,0,0,0.0,0.01
2026-08-07,Baráky.cz,context,Desktop,macOS,Neznámý,25 - 39,Ústecký kraj,1,0,0,0.0,0.01
2026-08-07,Baráky.cz,context,Desktop,macOS,Neznámý,25 - 39,Liberecký kraj,1,0,0,0.0,0.01
2026-08-07,Baráky.cz,context,Desktop,macOS,Neznámý,25 - 39,Královéhradecký kraj,1,0,0,0.0,0.01
2026-08-07,Baráky.cz,context,Desktop,macOS,Neznámý,25 - 39,Pardubický kraj,1,0,0,0.0,0.01
2026-08-07,Baráky.cz,context,Desktop,macOS,Neznámý,25 - 39,Kraj Vysočina,1,0,0,0.0,0.01
2026-08-07,Baráky.cz,context,Desktop,macOS,Neznámý,25 - 39,Jihomoravský kraj,1,0,0,0.0,0.01
2026-08-07,Baráky.cz,context,Desktop,macOS,Neznámý,25 - 39,Olomoucký kraj,1,0,0,0.0,0.01
2026-08-07,Baráky.cz,context,Desktop,macOS,Neznámý,25 - 39,Zlínský kraj,1,0,0,0.0,0.01
2026-08-07,Baráky.cz,context,Desktop,macOS,Neznámý,25 - 39,Moravskoslezský kraj,1,0,0,0.0,0.01
2026-08-07,Baráky.cz,context,Tablet,,Žena,25 - 39,Hlavní město Praha,1,0,0,0.0,0.0
2026-08-07,Baráky.cz,context,Tablet,,Žena,25 - 39,Středočeský kraj,1,0,0,0.0,0.0
2026-08-07,Baráky.cz,context,Tablet,,Žena,25 - 39,Jihočeský kraj,1,0,0,0.0,0.0
2026-08-07,Baráky.cz,context,Tablet,,Žena,25 - 39,Plzeňský kraj,1,0,0,0.0,0.0
2026-08-07,Baráky.cz,context,Tablet,,Žena,25 - 39,Karlovarský kraj,1,0,0,0.0,0.0
2026-08-07,Baráky.cz,context,Tablet,,Žena,25 - 39,Ústecký kraj,1,0,0,0.0,0.0
2026-08-07,Baráky.cz,context,Tablet,,Žena,25 - 39,Liberecký kraj,1,0,0,0.0,0.0
2026-08-07,Baráky.cz,context,Tablet,,Žena,25 - 39,Královéhradecký kraj,1,0,0,0.0,0.0
2026-08-07,Baráky.cz,context,Tablet,,Žena,25 - 39,Pardubický kraj,1,0,0,0.0,0.0
2026-08-07,Baráky.cz,context,Tablet,,Žena,25 - 39,Kraj Vysočina,1,0,0,0.0,0.0
2026-08-07,Baráky.cz,context,Tablet,,Žena,25 - 39,Jihomoravský kraj,1,0,0,0.0,0.0
2026-08-07,Baráky.cz,context,Tablet,,Žena,25 - 39,Olomoucký kraj,1,0,0,0.0,0.0
2026-08-07,Baráky.cz,context,Tablet,,Žena,25 - 39,Zlínský kraj,1,0,0,0.0,0.0
2026-08-07,Baráky.cz,context,Tablet,,Žena,25 - 39,Moravskoslezský kraj,1,0,0,0.0,0.0
2026-08-07,Blogeria.cz,context,Desktop,ChromeOS,Žena,18 - 24,Hlavní město Praha,1,0,0,0.0,0.01
2026-08-07,Blogeria.cz,context,Desktop,ChromeOS,Žena,18 - 24,Středočeský kraj,1,0,0,0.0,0.01
2026-08-07,Blogeria.cz,context,Desktop,ChromeOS,Žena,18 - 24,Jihočeský kraj,1,0,0,0.0,0.01
2026-08-07,Blogeria.cz,context,Desktop,ChromeOS,Žena,18 - 24,Plzeňský kraj,1,0,0,0.0,0.01
2026-08-07,Blogeria.cz,context,Desktop,ChromeOS,Žena,18 - 24,Karlovarský kraj,1,0,0,0.0,0.01
2026-08-07,Blogeria.cz,context,Desktop,ChromeOS,Žena,18 - 24,Ústecký kraj,1,0,0,0.0,0.01
2026-08-07,Blogeria.cz,context,Desktop,ChromeOS,Žena,18 - 24,Liberecký kraj,1,0,0,0.0,0.01
2026-08-07,Blogeria.cz,context,Desktop,ChromeOS,Žena,18 - 24,Královéhradecký kraj,1,0,0,0.0,0.01
2026-08-07,Blogeria.cz,context,Desktop,ChromeOS,Žena,18 - 24,Pardubický kraj,1,0,0,0.0,0.01
2026-08-07,Blogeria.cz,context,Desktop,ChromeOS,Žena,18 - 24,Kraj Vysočina,2,0,0,0.0,0.03
2026-08-07,Blogeria.cz,context,Desktop,ChromeOS,Žena,18 - 24,Jihomoravský kraj,1,0,0,0.0,0.01
2026-08-07,Blogeria.cz,context,Desktop,ChromeOS,Žena,18 - 24,Olomoucký kraj,1,0,0,0.0,0.01
2026-08-07,Blogeria.cz,context,Desktop,ChromeOS,Žena,18 - 24,Zlínský kraj,1,0,0,0.0,0.01
2026-08-07,Blogeria.cz,context,Desktop,ChromeOS,Žena,18 - 24,Moravskoslezský kraj,1,0,0,0.0,0.01
2026-08-07,Blogeria.cz,context,Desktop,ChromeOS,Muž,Neznámý,Hlavní město Praha,13,0,0,0.0,0.03
2026-08-07,Blogeria.cz,context,Desktop,ChromeOS,Muž,Neznámý,Středočeský kraj,3,0,0,0.0,0.01
2026-08-07,Blogeria.cz,context,Desktop,ChromeOS,Muž,Neznámý,Jihočeský kraj,9,0,0,0.0,0.02
2026-08-07,Blogeria.cz,context,Desktop,ChromeOS,Muž,Neznámý,Plzeňský kraj,4,0,0,0.0,0.01
2026-08-07,Blogeria.cz,context,Desktop,ChromeOS,Muž,Neznámý,Karlovarský kraj,1,0,0,0.0,0.0
2026-08-07,Blogeria.cz,context,Desktop,ChromeOS,Muž,Neznámý,Ústecký kraj,20,0,0,0.0,0.05
2026-08-07,Blogeria.cz,context,Desktop,ChromeOS,Muž,Neznámý,Liberecký kraj,6,0,0,0.0,0.01
2026-08-07,Blogeria.cz,context,Desktop,ChromeOS,Muž,Neznámý,Královéhradecký kraj,2,0,0,0.0,0.0
2026-08-07,Blogeria.cz,context,Desktop,ChromeOS,Muž,Neznámý,Pardubický kraj,4,0,0,0.0,0.01
2026-08-07,Blogeria.cz,context,Desktop,ChromeOS,Muž,Neznámý,Kraj Vysočina,2,0,0,0.0,0.0
2026-08-07,Blogeria.cz,context,Desktop,ChromeOS,Muž,Neznámý,Jihomoravský kraj,9,0,0,0.0,0.02
2026-08-07,Blogeria.cz,context,Desktop,ChromeOS,Muž,Neznámý,Olomoucký kraj,3,0,0,0.0,0.01
2026-08-07,Blogeria.cz,context,Desktop,ChromeOS,Muž,Neznámý,Zlínský kraj,1,0,0,0.0,0.0
2026-08-07,Blogeria.cz,context,Desktop,ChromeOS,Muž,Neznámý,Moravskoslezský kraj,2,0,0,0.0,0.0
2026-08-07,Drbárna.cz,context,SmartWatch,Android,Muž,25 - 39,Hlavní město Praha,1,0,0,0.0,0.0
2026-08-07,Drbárna.cz,context,SmartWatch,Android,Muž,25 - 39,Středočeský kraj,1,0,0,0.0,0.0
2026-08-07,Drbárna.cz,context,SmartWatch,Android,Muž,25 - 39,Jihočeský kraj,1,0,0,0.0,0.0
2026-08-07,Drbárna.cz,context,SmartWatch,Android,Muž,25 - 39,Plzeňský kraj,1,0,0,0.0,0.0
2026-08-07,Drbárna.cz,context,SmartWatch,Android,Muž,25 - 39,Karlovarský kraj,1,0,0,0.0,0.0
2026-08-07,Drbárna.cz,context,SmartWatch,Android,Muž,25 - 39,Ústecký kraj,1,0,0,0.0,0.0
2026-08-07,Drbárna.cz,context,SmartWatch,Android,Muž,25 - 39,Liberecký kraj,1,0,0,0.0,0.0
2026-08-07,Drbárna.cz,context,SmartWatch,Android,Muž,25 - 39,Královéhradecký kraj,1,0,0,0.0,0.0
2026-08-07,Drbárna.cz,context,SmartWatch,Android,Muž,25 - 39,Pardubický kraj,1,0,0,0.0,0.0
2026-08-07,Drbárna.cz,context,SmartWatch,Android,Muž,25 - 39,Kraj Vysočina,1,0,0,0.0,0.0
2026-08-07,Drbárna.cz,context,SmartWatch,Android,Muž,25 - 39,Jihomoravský kraj,1,0,0,0.0,0.0
2026-08-07,Drbárna.cz,context,SmartWatch,Android,Muž,25 - 39,Olomoucký kraj,1,0,0,0.0,0.0
2026-08-07,Drbárna.cz,context,SmartWatch,Android,Muž,25 - 39,Zlínský kraj,1,0,0,0.0,0.0
2026-08-07,Drbárna.cz,context,SmartWatch,Android,Muž,25 - 39,Moravskoslezský kraj,1,0,0,0.0,0.0
2026-08-07,Drbárna.cz,context,Desktop,macOS,Muž,60+,Hlavní město Praha,10975,27,2,0.17,107.3
2026-08-07,Drbárna.cz,context,Desktop,macOS,Muž,60+,Středočeský kraj,22421,38,2,0.17,219.21
2026-08-07,Drbárna.cz,context,Desktop,macOS,Muž,60+,Jihočeský kraj,19885,38,4,0.34,194.42
2026-08-07,Drbárna.cz,context,Desktop,macOS,Muž,60+,Plzeňský kraj,4419,12,0,0.0,43.2
2026-08-07,Drbárna.cz,context,Desktop,macOS,Muž,60+,Karlovarský kraj,1338,2,0,0.0,13.08
2026-08-07,Drbárna.cz,context,Desktop,macOS,Muž,60+,Ústecký kraj,24387,51,1,0.09,238.43
2026-08-07,Drbárna.cz,context,Desktop,macOS,Muž,60+,Liberecký kraj,611,1,0,0.0,5.97
2026-08-07,Drbárna.cz,context,Desktop,macOS,Muž,60+,Královéhradecký kraj,1297,4,0,0.0,12.68
2026-08-07,Drbárna.cz,context,Desktop,macOS,Muž,60+,Pardubický kraj,14610,18,0,0.0,142.84
2026-08-07,Drbárna.cz,context,Desktop,macOS,Muž,60+,Kraj Vysočina,14108,30,1,0.09,137.93
2026-08-07,Drbárna.cz,context,Desktop,macOS,Muž,60+,Jihomoravský kraj,1889,4,0,0.0,18.47
2026-08-07,Drbárna.cz,context,Desktop,macOS,Muž,60+,Olomoucký kraj,3392,6,2,0.17,33.16
2026-08-07,Drbárna.cz,context,Desktop,macOS,Muž,60+,Zlínský kraj,161,1,0,0.0,1.57
2026-08-07,Drbárna.cz,context,Desktop,macOS,Muž,60+,Moravskoslezský kraj,2677,3,0,0.0,26.17
2026-08-07,Drbárna.cz,context,Tablet,,Žena,40 - 59,Hlavní město Praha,257,0,0,0.0,1.02
2026-08-07,Drbárna.cz,context,Tablet,,Žena,40 - 59,Středočeský kraj,95,0,0,0.0,0.38
2026-08-07,Drbárna.cz,context,Tablet,,Žena,40 - 59,Jihočeský kraj,77,0,0,0.0,0.31
2026-08-07,Drbárna.cz,context,Tablet,,Žena,40 - 59,Plzeňský kraj,74,0,0,0.0,0.3
2026-08-07,Drbárna.cz,context,Tablet,,Žena,40 - 59,Karlovarský kraj,3,0,0,0.0,0.01
2026-08-07,Drbárna.cz,context,Tablet,,Žena,40 - 59,Ústecký kraj,19,1,0,0.0,0.08
2026-08-07,Drbárna.cz,context,Tablet,,Žena,40 - 59,Liberecký kraj,25,0,0,0.0,0.1
2026-08-07,Drbárna.cz,context,Tablet,,Žena,40 - 59,Královéhradecký kraj,42,0,0,0.0,0.17
2026-08-07,Drbárna.cz,context,Tablet,,Žena,40 - 59,Pardubický kraj,14,0,0,0.0,0.06
2026-08-07,Drbárna.cz,context,Tablet,,Žena,40 - 59,Kraj Vysočina,65,0,0,0.0,0.26
2026-08-07,Drbárna.cz,context,Tablet,,Žena,40 - 59,Jihomoravský kraj,62,0,0,0.0,0.25
2026-08-07,Drbárna.cz,context,Tablet,,Žena,40 - 59,Olomoucký kraj,199,0,0,0.0,0.79
2026-08-07,Drbárna.cz,context,Tablet,,Žena,40 - 59,Zlínský kraj,56,0,0,0.0,0.22
2026-08-07,Drbárna.cz,context,Tablet,,Žena,40 - 59,Moravskoslezský kraj,41,0,0,0.0,0.16
2026-08-07,Kliknito.cz,context,SmartPhone,iOS,Neznámý,40 - 59,Hlavní město Praha,6,0,0,0.0,0.01
2026-08-07,Kliknito.cz,context,SmartPhone,iOS,Neznámý,40 - 59,Středočeský kraj,14,0,0,0.0,0.03
2026-08-07,Kliknito.cz,context,SmartPhone,iOS,Neznámý,40 - 59,Jihočeský kraj,4,0,0,0.0,0.01
2026-08-07,Kliknito.cz,context,SmartPhone,iOS,Neznámý,40 - 59,Plzeňský kraj,1,0,0,0.0,0.0
2026-08-07,Kliknito.cz,context,SmartPhone,iOS,Neznámý,40 - 59,Karlovarský kraj,3,0,0,0.0,0.01
2026-08-07,Kliknito.cz,context,SmartPhone,iOS,Neznámý,40 - 59,Ústecký kraj,2,0,0,0.0,0.0
2026-08-07,Kliknito.cz,context,SmartPhone,iOS,Neznámý,40 - 59,Liberecký kraj,5,0,0,0.0,0.01
2026-08-07,Kliknito.cz,context,SmartPhone,iOS,Neznámý,40 - 59,Královéhradecký kraj,11,0,0,0.0,0.03
2026-08-07,Kliknito.cz,context,SmartPhone,iOS,Neznámý,40 - 59,Pardubický kraj,4,0,0,0.0,0.01
2026-08-07,Kliknito.cz,context,SmartPhone,iOS,Neznámý,40 - 59,Kraj Vysočina,9,0,0,0.0,0.02
2026-08-07,Kliknito.cz,context,SmartPhone,iOS,Neznámý,40 - 59,Jihomoravský kraj,11,0,0,0.0,0.03
2026-08-07,Kliknito.cz,context,SmartPhone,iOS,Neznámý,40 - 59,Olomoucký kraj,1,0,0,0.0,0.0
2026-08-07,Kliknito.cz,context,SmartPhone,iOS,Neznámý,40 - 59,Zlínský kraj,33,0,0,0.0,0.08
2026-08-07,Kliknito.cz,context,SmartPhone,iOS,Neznámý,40 - 59,Moravskoslezský kraj,5,0,0,0.0,0.01
2026-08-07,Kliknito.cz,context,Tv,,Žena,25 - 39,Hlavní město Praha,1,0,0,0.0,0.0
2026-08-07,Kliknito.cz,context,Tv,,Žena,25 - 39,Středočeský kraj,1,0,0,0.0,0.0
2026-08-07,Kliknito.cz,context,Tv,,Žena,25 - 39,Jihočeský kraj,1,0,0,0.0,0.0
2026-08-07,Kliknito.cz,context,Tv,,Žena,25 - 39,Plzeňský kraj,1,0,0,0.0,0.0
2026-08-07,Kliknito.cz,context,Tv,,Žena,25 - 39,Karlovarský kraj,1,0,0,0.0,0.0
2026-08-07,Kliknito.cz,context,Tv,,Žena,25 - 39,Ústecký kraj,1,0,0,0.0,0.0
2026-08-07,Kliknito.cz,context,Tv,,Žena,25 - 39,Liberecký kraj,1,0,0,0.0,0.0
2026-08-07,Kliknito.cz,context,Tv,,Žena,25 - 39,Královéhradecký kraj,1,0,0,0.0,0.0
2026-08-07,Kliknito.cz,context,Tv,,Žena,25 - 39,Pardubický kraj,1,0,0,0.0,0.0
2026-08-07,Kliknito.cz,context,Tv,,Žena,25 - 39,Kraj Vysočina,1,0,0,0.0,0.0
2026-08-07,Kliknito.cz,context,Tv,,Žena,25 - 39,Jihomoravský kraj,1,0,0,0.0,0.0
2026-08-07,Kliknito.cz,context,Tv,,Žena,25 - 39,Olomoucký kraj,1,0,0,0.0,0.0
2026-08-07,Kliknito.cz,context,Tv,,Žena,25 - 39,Zlínský kraj,1,0,0,0.0,0.0
2026-08-07,Kliknito.cz,context,Tv,,Žena,25 - 39,Moravskoslezský kraj,1,0,0,0.0,0.0
2026-08-07,Kliknito.cz,context,SmartPhone,Ubuntu,Žena,25 - 39,Hlavní město Praha,6,0,0,0.0,0.01
2026-08-07,Kliknito.cz,context,SmartPhone,Ubuntu,Žena,25 - 39,Středočeský kraj,1,0,0,0.0,0.0
2026-08-07,Kliknito.cz,context,SmartPhone,Ubuntu,Žena,25 - 39,Jihočeský kraj,2,0,0,0.0,0.0
2026-08-07,Kliknito.cz,context,SmartPhone,Ubuntu,Žena,25 - 39,Plzeňský kraj,3,0,0,0.0,0.0
2026-08-07,Kliknito.cz,context,SmartPhone,Ubuntu,Žena,25 - 39,Karlovarský kraj,3,0,0,0.0,0.0
2026-08-07,Kliknito.cz,context,SmartPhone,Ubuntu,Žena,25 - 39,Ústecký kraj,1,0,0,0.0,0.0
2026-08-07,Kliknito.cz,context,SmartPhone,Ubuntu,Žena,25 - 39,Liberecký kraj,1,0,0,0.0,0.0
2026-08-07,Kliknito.cz,context,SmartPhone,Ubuntu,Žena,25 - 39,Královéhradecký kraj,4,0,0,0.0,0.01
2026-08-07,Kliknito.cz,context,SmartPhone,Ubuntu,Žena,25 - 39,Pardubický kraj,1,0,0,0.0,0.0
2026-08-07,Kliknito.cz,context,SmartPhone,Ubuntu,Žena,25 - 39,Kraj Vysočina,1,0,0,0.0,0.0
2026-08-07,Kliknito.cz,context,SmartPhone,Ubuntu,Žena,25 - 39,Jihomoravský kraj,1,0,0,0.0,0.0
2026-08-07,Kliknito.cz,context,SmartPhone,Ubuntu,Žena,25 - 39,Olomoucký kraj,4,0,0,0.0,0.01
2026-08-07,Kliknito.cz,context,SmartPhone,Ubuntu,Žena,25 - 39,Zlínský kraj,2,0,0,0.0,0.0
2026-08-07,Kliknito.cz,context,SmartPhone,Ubuntu,Žena,25 - 39,Moravskoslezský kraj,1,0,0,0.0,0.0
2026-08-07,Kliknito.cz,context,,Android,Muž,25 - 39,Hlavní město Praha,1,0,0,0.0,0.0
2026-08-07,Kliknito.cz,context,,Android,Muž,25 - 39,Středočeský kraj,1,0,0,0.0,0.0
2026-08-07,Kliknito.cz,context,,Android,Muž,25 - 39,Jihočeský kraj,1,0,0,0.0,0.0
2026-08-07,Kliknito.cz,context,,Android,Muž,25 - 39,Plzeňský kraj,2,0,0,0.0,0.0
2026-08-07,Kliknito.cz,context,,Android,Muž,25 - 39,Karlovarský kraj,1,0,0,0.0,0.0
2026-08-07,Kliknito.cz,context,,Android,Muž,25 - 39,Ústecký kraj,1,0,0,0.0,0.0
2026-08-07,Kliknito.cz,context,,Android,Muž,25 - 39,Liberecký kraj,4,0,0,0.0,0.0
2026-08-07,Kliknito.cz,context,,Android,Muž,25 - 39,Královéhradecký kraj,1,0,0,0.0,0.0
2026-08-07,Kliknito.cz,context,,Android,Muž,25 - 39,Pardubický kraj,2,0,0,0.0,0.0
2026-08-07,Kliknito.cz,context,,Android,Muž,25 - 39,Kraj Vysočina,1,0,0,0.0,0.0
2026-08-07,Kliknito.cz,context,,Android,Muž,25 - 39,Jihomoravský kraj,2,0,0,0.0,0.0
2026-08-07,Kliknito.cz,context,,Android,Muž,25 - 39,Olomoucký kraj,1,0,0,0.0,0.0
2026-08-07,Kliknito.cz,context,,Android,Muž,25 - 39,Zlínský kraj,3,0,0,0.0,0.0
2026-08-07,Kliknito.cz,context,,Android,Muž,25 - 39,Moravskoslezský kraj,1,0,0,0.0,0.0
2026-08-07,Kliknito.cz,context,SmartPhone,iOS,Muž,18 - 24,Hlavní město Praha,1418,0,0,0.0,16.43
2026-08-07,Kliknito.cz,context,SmartPhone,iOS,Muž,18 - 24,Středočeský kraj,577,2,1,0.0,6.69
2026-08-07,Kliknito.cz,context,SmartPhone,iOS,Muž,18 - 24,Jihočeský kraj,630,2,0,0.0,7.3
2026-08-07,Kliknito.cz,context,SmartPhone,iOS,Muž,18 - 24,Plzeňský kraj,38,1,0,0.0,0.44
2026-08-07,Kliknito.cz,context,SmartPhone,iOS,Muž,18 - 24,Karlovarský kraj,1811,3,0,0.0,20.98
2026-08-07,Kliknito.cz,context,SmartPhone,iOS,Muž,18 - 24,Ústecký kraj,1685,1,0,0.0,19.52
2026-08-07,Kliknito.cz,context,SmartPhone,iOS,Muž,18 - 24,Liberecký kraj,1282,3,1,0.0,14.86
2026-08-07,Kliknito.cz,context,SmartPhone,iOS,Muž,18 - 24,Královéhradecký kraj,775,1,1,0.0,8.98
2026-08-07,Kliknito.cz,context,SmartPhone,iOS,Muž,18 - 24,Pardubický kraj,4957,8,1,0.0,57.44
2026-08-07,Kliknito.cz,context,SmartPhone,iOS,Muž,18 - 24,Kraj Vysočina,1767,3,1,0.0,20.48
2026-08-07,Kliknito.cz,context,SmartPhone,iOS,Muž,18 - 24,Jihomoravský kraj,1370,0,0,0.0,15.87
2026-08-07,Kliknito.cz,context,SmartPhone,iOS,Muž,18 - 24,Olomoucký kraj,867,3,1,0.0,10.05
2026-08-07,Kliknito.cz,context,SmartPhone,iOS,Muž,18 - 24,Zlínský kraj,4159,7,2,0.0,48.19
2026-08-07,Kliknito.cz,context,SmartPhone,iOS,Muž,18 - 24,Moravskoslezský kraj,969,2,1,0.0,11.23
2026-08-07,Kliknito.cz,context,,,Muž,40 - 59,Hlavní město Praha,16,0,0,0.0,0.74
2026-08-07,Kliknito.cz,context,,,Muž,40 - 59,Středočeský kraj,11,0,0,0.0,0.51
2026-08-07,Kliknito.cz,context,,,Muž,40 - 59,Jihočeský kraj,10,1,0,0.0,0.46
2026-08-07,Kliknito.cz,context,,,Muž,40 - 59,Plzeňský kraj,4,0,0,0.0,0.19
2026-08-07,Kliknito.cz,context,,,Muž,40 - 59,Karlovarský kraj,4,0,0,0.0,0.19
2026-08-07,Kliknito.cz,context,,,Muž,40 - 59,Ústecký kraj,1,0,0,0.0,0.05
2026-08-07,Kliknito.cz,context,,,Muž,40 - 59,Liberecký kraj,46,0,0,0.0,2.13
2026-08-07,Kliknito.cz,context,,,Muž,40 - 59,Královéhradecký kraj,3,0,0,0.0,0.14
2026-08-07,Kliknito.cz,context,,,Muž,40 - 59,Pardubický kraj,7,0,0,0.0,0.32
2026-08-07,Kliknito.cz,context,,,Muž,40 - 59,Kraj Vysočina,6,0,0,0.0,0.28
2026-08-07,Kliknito.cz,context,,,Muž,40 - 59,Jihomoravský kraj,3,0,0,0.0,0.14
2026-08-07,Kliknito.cz,context,,,Muž,40 - 59,Olomoucký kraj,16,1,1,0.0,0.74
2026-08-07,Kliknito.cz,context,,,Muž,40 - 59,Zlínský kraj,5,0,0,0.0,0.23
2026-08-07,Kliknito.cz,context,,,Muž,40 - 59,Moravskoslezský kraj,2,0,0,0.0,0.09
2026-08-07,Kopačka.cz,context,Desktop,ChromeOS,Žena,18 - 24,Hlavní město Praha,1,0,0,0.0,0.02
2026-08-07,Kopačka.cz,context,Desktop,ChromeOS,Žena,18 - 24,Středočeský kraj,1,0,0,0.0,0.02
2026-08-07,Kopačka.cz,context,Desktop,ChromeOS,Žena,18 - 24,Jihočeský kraj,1,0,0,0.0,0.02
2026-08-07,Kopačka.cz,context,Desktop,ChromeOS,Žena,18 - 24,Plzeňský kraj,1,0,0,0.0,0.02
2026-08-07,Kopačka.cz,context,Desktop,ChromeOS,Žena,18 - 24,Karlovarský kraj,1,0,0,0.0,0.02
2026-08-07,Kopačka.cz,context,Desktop,ChromeOS,Žena,18 - 24,Ústecký kraj,1,0,0,0.0,0.02
2026-08-07,Kopačka.cz,context,Desktop,ChromeOS,Žena,18 - 24,Liberecký kraj,1,0,0,0.0,0.02
2026-08-07,Kopačka.cz,context,Desktop,ChromeOS,Žena,18 - 24,Královéhradecký kraj,1,0,0,0.0,0.02
2026-08-07,Kopačka.cz,context,Desktop,ChromeOS,Žena,18 - 24,Pardubický kraj,1,0,0,0.0,0.02
2026-08-07,Kopačka.cz,context,Desktop,ChromeOS,Žena,18 - 24,Kraj Vysočina,1,0,0,0.0,0.02
2026-08-07,Kopačka.cz,context,Desktop,ChromeOS,Žena,18 - 24,Jihomoravský kraj,1,0,0,0.0,0.02
2026-08-07,Kopačka.cz,context,Desktop,ChromeOS,Žena,18 - 24,Olomoucký kraj,1,0,0,0.0,0.02
2026-08-07,Kopačka.cz,context,Desktop,ChromeOS,Žena,18 - 24,Zlínský kraj,1,0,0,0.0,0.02
2026-08-07,Kopačka.cz,context,Desktop,ChromeOS,Žena,18 - 24,Moravskoslezský kraj,1,0,0,0.0,0.02
2026-08-07,Kámoši.net,context,Desktop,Windows,Žena,40 - 59,Hlavní město Praha,11306,19,5,2099.83,85.75
2026-08-07,Kámoši.net,context,Desktop,Windows,Žena,40 - 59,Středočeský kraj,35281,44,2,839.93,267.59
2026-08-07,Kámoši.net,context,Desktop,Windows,Žena,40 - 59,Jihočeský kraj,1128,1,0,0.0,8.56
2026-08-07,Kámoši.net,context,Desktop,Windows,Žena,40 - 59,Plzeňský kraj,987,4,0,0.0,7.49
2026-08-07,Kámoši.net,context,Desktop,Windows,Žena,40 - 59,Karlovarský kraj,5725,9,1,419.97,43.42
2026-08-07,Kámoši.net,context,Desktop,Windows,Žena,40 - 59,Ústecký kraj,44213,91,8,3359.73,335.33
2026-08-07,Kámoši.net,context,Desktop,Windows,Žena,40 - 59,Liberecký kraj,12760,17,0,0.0,96.78
2026-08-07,Kámoši.net,context,Desktop,Windows,Žena,40 - 59,Královéhradecký kraj,3778,8,0,0.0,28.65
2026-08-07,Kámoši.net,context,Desktop,Windows,Žena,40 - 59,Pardubický kraj,9960,10,2,839.93,75.54
2026-08-07,Kámoši.net,context,Desktop,Windows,Žena,40 - 59,Kraj Vysočina,3280,5,0,0.0,24.88
2026-08-07,Kámoši.net,context,Desktop,Windows,Žena,40 - 59,Jihomoravský kraj,9997,19,1,419.97,75.82
2026-08-07,Kámoši.net,context,Desktop,Windows,Žena,40 - 59,Olomoucký kraj,13426,20,2,839.93,101.83
2026-08-07,Kámoši.net,context,Desktop,Windows,Žena,40 - 59,Zlínský kraj,17536,25,0,0.0,133.0
2026-08-07,Kámoši.net,context,Desktop,Windows,Žena,40 - 59,Moravskoslezský kraj,19433,38,2,839.93,147.39
2026-08-07,Kámoši.net,context,Tablet,iPadOS,Muž,Neznámý,Hlavní město Praha,49,0,0,0.0,0.63
2026-08-07,Kámoši.net,context,Tablet,iPadOS,Muž,Neznámý,Středočeský kraj,14,1,0,0.0,0.18
2026-08-07,Kámoši.net,context,Tablet,iPadOS,Muž,Neznámý,Jihočeský kraj,85,0,0,0.0,1.09
2026-08-07,Kámoši.net,context,Tablet,iPadOS,Muž,Neznámý,Plzeňský kraj,11,0,0,0.0,0.14
2026-08-07,Kámoši.net,context,Tablet,iPadOS,Muž,Neznámý,Karlovarský kraj,28,0,0,0.0,0.36
2026-08-07,Kámoši.net,context,Tablet,iPadOS,Muž,Neznámý,Ústecký kraj,38,0,0,0.0,0.49
2026-08-07,Kámoši.net,context,Tablet,iPadOS,Muž,Neznámý,Liberecký kraj,66,1,0,0.0,0.85
2026-08-07,Kámoši.net,context,Tablet,iPadOS,Muž,Neznámý,Královéhradecký kraj,9,0,0,0.0,0.12
2026-08-07,Kámoši.net,context,Tablet,iPadOS,Muž,Neznámý,Pardubický kraj,62,1,0,0.0,0.79
2026-08-07,Kámoši.net,context,Tablet,iPadOS,Muž,Neznámý,Kraj Vysočina,1,0,0,0.0,0.01
2026-08-07,Kámoši.net,context,Tablet,iPadOS,Muž,Neznámý,Jihomoravský kraj,25,0,0,0.0,0.32
2026-08-07,Kámoši.net,context,Tablet,iPadOS,Muž,Neznámý,Olomoucký kraj,8,0,0,0.0,0.1
2026-08-07,Kámoši.net,context,Tablet,iPadOS,Muž,Neznámý,Zlínský kraj,69,0,0,0.0,0.88
2026-08-07,Kámoši.net,context,Tablet,iPadOS,Muž,Neznámý,Moravskoslezský kraj,23,0,0,0.0,0.29
2026-08-07,Kámoši.net,context,Desktop,Windows,Žena,60+,Hlavní město Praha,23684,49,3,497.23,200.99
2026-08-07,Kámoši.net,context,Desktop,Windows,Žena,60+,Středočeský kraj,20372,36,3,497.23,172.88
2026-08-07,Kámoši.net,context,Desktop,Windows,Žena,60+,Jihočeský kraj,143228,273,27,4475.06,1215.45
2026-08-07,Kámoši.net,context,Desktop,Windows,Žena,60+,Plzeňský kraj,8130,31,3,497.23,68.99
2026-08-07,Kámoši.net,context,Desktop,Windows,Žena,60+,Karlovarský kraj,13054,28,1,165.74,110.78
2026-08-07,Kámoši.net,context,Desktop,Windows,Žena,60+,Ústecký kraj,18770,32,1,165.74,159.28
2026-08-07,Kámoši.net,context,Desktop,Windows,Žena,60+,Liberecký kraj,16785,32,2,331.49,142.44
2026-08-07,Kámoši.net,context,Desktop,Windows,Žena,60+,Královéhradecký kraj,20188,38,5,828.71,171.32
2026-08-07,Kámoši.net,context,Desktop,Windows,Žena,60+,Pardubický kraj,8289,20,0,0.0,70.34
2026-08-07,Kámoši.net,context,Desktop,Windows,Žena,60+,Kraj Vysočina,42675,89,12,1988.91,362.14
2026-08-07,Kámoši.net,context,Desktop,Windows,Žena,60+,Jihomoravský kraj,5279,6,1,165.74,44.8
2026-08-07,Kámoši.net,context,Desktop,Windows,Žena,60+,Olomoucký kraj,44715,95,6,994.46,379.46
2026-08-07,Kámoši.net,context,Desktop,Windows,Žena,60+,Zlínský kraj,9472,21,0,0.0,80.38
2026-08-07,Kámoši.net,context,Desktop,Windows,Žena,60+,Moravskoslezský kraj,37435,77,4,662.97,317.68
2026-08-07,Pozdní Zprávy,context,Mobile,iOS,Neznámý,Neznámý,Hlavní město Praha,1,0,0,0.0,0.0
2026-08-07,Pozdní Zprávy,context,Mobile,iOS,Neznámý,Neznámý,Středočeský kraj,1,0,0,0.0,0.0
2026-08-07,Pozdní Zprávy,context,Mobile,iOS,Neznámý,Neznámý,Jihočeský kraj,1,0,0,0.0,0.0
2026-08-07,Pozdní Zprávy,context,Mobile,iOS,Neznámý,Neznámý,Plzeňský kraj,1,0,0,0.0,0.0
2026-08-07,Pozdní Zprávy,context,Mobile,iOS,Neznámý,Neznámý,Karlovarský kraj,1,0,0,0.0,0.0
2026-08-07,Pozdní Zprávy,context,Mobile,iOS,Neznámý,Neznámý,Ústecký kraj,1,0,0,0.0,0.0
2026-08-07,Pozdní Zprávy,context,Mobile,iOS,Neznámý,Neznámý,Liberecký kraj,1,0,0,0.0,0.0
2026-08-07,Pozdní Zprávy,context,Mobile,iOS,Neznámý,Neznámý,Královéhradecký kraj,1,0,0,0.0,0.0
2026-08-07,Pozdní Zprávy,context,Mobile,iOS,Neznámý,Neznámý,Pardubický kraj,1,0,0,0.0,0.0
2026-08-07,Pozdní Zprávy,context,Mobile,iOS,Neznámý,Neznámý,Kraj Vysočina,1,0,0,0.0,0.0
2026-08-07,Pozdní Zprávy,context,Mobile,iOS,Neznámý,Neznámý,Jihomoravský kraj,1,0,0,0.0,0.0
2026-08-07,Pozdní Zprávy,context,Mobile,iOS,Neznámý,Neznámý,Olomoucký kraj,1,0,0,0.0,0.0
2026-08-07,Pozdní Zprávy,context,Mobile,iOS,Neznámý,Neznámý,Zlínský kraj,1,0,0,0.0,0.0
2026-08-07,Pozdní Zprávy,context,Mobile,iOS,Neznámý,Neznámý,Moravskoslezský kraj,1,0,0,0.0,0.0
2026-08-07,Pozdní Zprávy,context,Tv,Tizen,Žena,60+,Hlavní město Praha,83,1,0,0.0,0.96
2026-08-07,Pozdní Zprávy,context,Tv,Tizen,Žena,60+,Středočeský kraj,21,0,0,0.0,0.24
2026-08-07,Pozdní Zprávy,context,Tv,Tizen,Žena,60+,Jihočeský kraj,25,0,0,0.0,0.29
2026-08-07,Pozdní Zprávy,context,Tv,Tizen,Žena,60+,Plzeňský kraj,6,0,0,0.0,0.07
2026-08-07,Pozdní Zprávy,context,Tv,Tizen,Žena,60+,Karlovarský kraj,2,0,0,0.0,0.02
2026-08-07,Pozdní Zprávy,context,Tv,Tizen,Žena,60+,Ústecký kraj,43,0,0,0.0,0.5
2026-08-07,Pozdní Zprávy,context,Tv,Tizen,Žena,60+,Liberecký kraj,49,0,0,0.0,0.57
2026-08-07,Pozdní Zprávy,context,Tv,Tizen,Žena,60+,Královéhradecký kraj,20,0,0,0.0,0.23
2026-08-07,Pozdní Zprávy,context,Tv,Tizen,Žena,60+,Pardubický kraj,21,1,0,0.0,0.24
2026-08-07,Pozdní Zprávy,context,Tv,Tizen,Žena,60+,Kraj Vysočina,109,0,0,0.0,1.26
2026-08-07,Pozdní Zprávy,context,Tv,Tizen,Žena,60+,Jihomoravský kraj,71,0,0,0.0,0.82
2026-08-07,Pozdní Zprávy,context,Tv,Tizen,Žena,60+,Olomoucký kraj,52,0,0,0.0,0.6
2026-08-07,Pozdní Zprávy,context,Tv,Tizen,Žena,60+,Zlínský kraj,43,0,0,0.0,0.5
2026-08-07,Pozdní Zprávy,context,Tv,Tizen,Žena,60+,Moravskoslezský kraj,5,0,0,0.0,0.06
2026-08-07,Pozdní Zprávy,context,SmartPhone,,Žena,60+,Hlavní město Praha,2035,9,0,0.0,58.09
2026-08-07,Pozdní Zprávy,context,SmartPhone,,Žena,60+,Středočeský kraj,1972,8,1,118.0,56.29
2026-08-07,Pozdní Zprávy,context,SmartPhone,,Žena,60+,Jihočeský kraj,500,2,0,0.0,14.27
2026-08-07,Pozdní Zprávy,context,SmartPhone,,Žena,60+,Plzeňský kraj,9136,41,1,118.0,260.77
2026-08-07,Pozdní Zprávy,context,SmartPhone,,Žena,60+,Karlovarský kraj,299,2,0,0.0,8.53
2026-08-07,Pozdní Zprávy,context,SmartPhone,,Žena,60+,Ústecký kraj,6356,40,2,236.0,181.42
2026-08-07,Pozdní Zprávy,context,SmartPhone,,Žena,60+,Liberecký kraj,542,0,0,0.0,15.47
2026-08-07,Pozdní Zprávy,context,SmartPhone,,Žena,60+,Královéhradecký kraj,450,1,0,0.0,12.84
2026-08-07,Pozdní Zprávy,context,SmartPhone,,Žena,60+,Pardubický kraj,3404,16,1,118.0,97.16
2026-08-07,Pozdní Zprávy,context,SmartPhone,,Žena,60+,Kraj Vysočina,1896,12,1,118.0,54.12
2026-08-07,Pozdní Zprávy,context,SmartPhone,,Žena,60+,Jihomoravský kraj,2738,14,2,236.0,78.15
2026-08-07,Pozdní Zprávy,context,SmartPhone,,Žena,60+,Olomoucký kraj,6787,31,2,236.0,193.72
2026-08-07,Pozdní Zprávy,context,SmartPhone,,Žena,60+,Zlínský kraj,2467,16,0,0.0,70.42
2026-08-07,Pozdní Zprávy,context,SmartPhone,,Žena,60+,Moravskoslezský kraj,9726,55,4,472.0,277.61
2026-08-07,Poštovna.cz,context,SmartPhone,,Žena,60+,Hlavní město Praha,23,0,0,0.0,0.64
2026-08-07,Poštovna.cz,context,SmartPhone,,Žena,60+,Středočeský kraj,35,1,0,0.0,0.97
2026-08-07,Poštovna.cz,context,SmartPhone,,Žena,60+,Jihočeský kraj,214,1,0,0.0,5.96
2026-08-07,Poštovna.cz,context,SmartPhone,,Žena,60+,Plzeňský kraj,15,0,0,0.0,0.42
2026-08-07,Poštovna.cz,context,SmartPhone,,Žena,60+,Karlovarský kraj,2,0,0,0.0,0.06
2026-08-07,Poštovna.cz,context,SmartPhone,,Žena,60+,Ústecký kraj,123,1,0,0.0,3.43
2026-08-07,Poštovna.cz,context,SmartPhone,,Žena,60+,Liberecký kraj,8,0,0,0.0,0.22
2026-08-07,Poštovna.cz,context,SmartPhone,,Žena,60+,Královéhradecký kraj,41,0,0,0.0,1.14
2026-08-07,Poštovna.cz,context,SmartPhone,,Žena,60+,Pardubický kraj,106,1,1,3.37,2.95
2026-08-07,Poštovna.cz,context,SmartPhone,,Žena,60+,Kraj Vysočina,92,0,0,0.0,2.56
2026-08-07,Poštovna.cz,context,SmartPhone,,Žena,60+,Jihomoravský kraj,4,0,0,0.0,0.11
2026-08-07,Poštovna.cz,context,SmartPhone,,Žena,60+,Olomoucký kraj,142,1,0,0.0,3.95
2026-08-07,Poštovna.cz,context,SmartPhone,,Žena,60+,Zlínský kraj,270,0,0,0.0,7.52
2026-08-07,Poštovna.cz,context,SmartPhone,,Žena,60+,Moravskoslezský kraj,88,1,0,0.0,2.45
2026-08-07,ProTety.cz,context,SmartPhone,iOS,Žena,Neznámý,Hlavní město Praha,282,1,0,0.0,2.29
2026-08-07,ProTety.cz,context,SmartPhone,iOS,Žena,Neznámý,Středočeský kraj,168,0,0,0.0,1.36
2026-08-07,ProTety.cz,context,SmartPhone,iOS,Žena,Neznámý,Jihočeský kraj,146,0,0,0.0,1.19
2026-08-07,ProTety.cz,context,SmartPhone,iOS,Žena,Neznámý,Plzeňský kraj,986,1,0,0.0,8.01
2026-08-07,ProTety.cz,context,SmartPhone,iOS,Žena,Neznámý,Karlovarský kraj,553,2,0,0.0,4.49
2026-08-07,ProTety.cz,context,SmartPhone,iOS,Žena,Neznámý,Ústecký kraj,1353,4,0,0.0,10.99
2026-08-07,ProTety.cz,context,SmartPhone,iOS,Žena,Neznámý,Liberecký kraj,2013,4,0,0.0,16.35
2026-08-07,ProTety.cz,context,SmartPhone,iOS,Žena,Neznámý,Královéhradecký kraj,141,0,0,0.0,1.15
2026-08-07,ProTety.cz,context,SmartPhone,iOS,Žena,Neznámý,Pardubický kraj,950,2,0,0.0,7.72
2026-08-07,ProTety.cz,context,SmartPhone,iOS,Žena,Neznámý,Kraj Vysočina,301,1,0,0.0,2.44
2026-08-07,ProTety.cz,context,SmartPhone,iOS,Žena,Neznámý,Jihomoravský kraj,528,0,0,0.0,4.29
2026-08-07,ProTety.cz,context,SmartPhone,iOS,Žena,Neznámý,Olomoucký kraj,727,1,0,0.0,5.9
2026-08-07,ProTety.cz,context,SmartPhone,iOS,Žena,Neznámý,Zlínský kraj,502,1,0,0.0,4.08
2026-08-07,ProTety.cz,context,SmartPhone,iOS,Žena,Neznámý,Moravskoslezský kraj,1405,4,0,0.0,11.41
2026-08-07,ProTety.cz,context,Desktop,,Žena,Neznámý,Hlavní město Praha,497,0,0,0.0,8.4
2026-08-07,ProTety.cz,context,Desktop,,Žena,Neznámý,Středočeský kraj,59,0,0,0.0,1.0
2026-08-07,ProTety.cz,context,Desktop,,Žena,Neznámý,Jihočeský kraj,41,0,0,0.0,0.69
2026-08-07,ProTety.cz,context,Desktop,,Žena,Neznámý,Plzeňský kraj,82,0,0,0.0,1.39
2026-08-07,ProTety.cz,context,Desktop,,Žena,Neznámý,Karlovarský kraj,4,0,0,0.0,0.07
2026-08-07,ProTety.cz,context,Desktop,,Žena,Neznámý,Ústecký kraj,16,0,0,0.0,0.27
2026-08-07,ProTety.cz,context,Desktop,,Žena,Neznámý,Liberecký kraj,121,0,0,0.0,2.04
2026-08-07,ProTety.cz,context,Desktop,,Žena,Neznámý,Královéhradecký kraj,55,0,0,0.0,0.93
2026-08-07,ProTety.cz,context,Desktop,,Žena,Neznámý,Pardubický kraj,5,0,0,0.0,0.08
2026-08-07,ProTety.cz,context,Desktop,,Žena,Neznámý,Kraj Vysočina,97,0,0,0.0,1.64
2026-08-07,ProTety.cz,context,Desktop,,Žena,Neznámý,Jihomoravský kraj,130,0,0,0.0,2.2
2026-08-07,ProTety.cz,context,Desktop,,Žena,Neznámý,Olomoucký kraj,198,1,0,0.0,3.35
2026-08-07,ProTety.cz,context,Desktop,,Žena,Neznámý,Zlínský kraj,89,0,0,0.0,1.5
2026-08-07,ProTety.cz,context,Desktop,,Žena,Neznámý,Moravskoslezský kraj,57,0,0,0.0,0.96
2026-08-08,Aktualitky.cz,context,Desktop,,Neznámý,40 - 59,Hlavní město Praha,1,0,0,0.0,0.0
2026-08-08,Aktualitky.cz,context,Desktop,,Neznámý,40 - 59,Středočeský kraj,1,0,0,0.0,0.0
2026-08-08,Aktualitky.cz,context,Desktop,,Neznámý,40 - 59,Jihočeský kraj,1,0,0,0.0,0.0
2026-08-08,Aktualitky.cz,context,Desktop,,Neznámý,40 - 59,Plzeňský kraj,1,0,0,0.0,0.0
2026-08-08,Aktualitky.cz,context,Desktop,,Neznámý,40 - 59,Karlovarský kraj,1,0,0,0.0,0.0
2026-08-08,Aktualitky.cz,context,Desktop,,Neznámý,40 - 59,Ústecký kraj,1,0,0,0.0,0.0
2026-08-08,Aktualitky.cz,context,Desktop,,Neznámý,40 - 59,Liberecký kraj,1,0,0,0.0,0.0
2026-08-08,Aktualitky.cz,context,Desktop,,Neznámý,40 - 59,Královéhradecký kraj,1,0,0,0.0,0.0
2026-08-08,Aktualitky.cz,context,Desktop,,Neznámý,40 - 59,Pardubický kraj,1,0,0,0.0,0.0
2026-08-08,Aktualitky.cz,context,Desktop,,Neznámý,40 - 59,Kraj Vysočina,1,0,0,0.0,0.0
2026-08-08,Aktualitky.cz,context,Desktop,,Neznámý,40 - 59,Jihomoravský kraj,1,0,0,0.0,0.0
2026-08-08,Aktualitky.cz,context,Desktop,,Neznámý,40 - 59,Olomoucký kraj,1,0,0,0.0,0.0
2026-08-08,Aktualitky.cz,context,Desktop,,Neznámý,40 - 59,Zlínský kraj,1,0,0,0.0,0.0
2026-08-08,Aktualitky.cz,context,Desktop,,Neznámý,40 - 59,Moravskoslezský kraj,1,0,0,0.0,0.0
2026-08-08,Aktualitky.cz,context,SmartPhone,Android,Muž,40 - 59,Hlavní město Praha,49193,130,8,10327.54,611.11
2026-08-08,Aktualitky.cz,context,SmartPhone,Android,Muž,40 - 59,Středočeský kraj,208576,517,37,47764.87,2591.09
2026-08-08,Aktualitky.cz,context,SmartPhone,Android,Muž,40 - 59,Jihočeský kraj,61917,168,11,14200.37,769.18
2026-08-08,Aktualitky.cz,context,SmartPhone,Android,Muž,40 - 59,Plzeňský kraj,104473,259,22,28400.74,1297.84
2026-08-08,Aktualitky.cz,context,SmartPhone,Android,Muž,40 - 59,Karlovarský kraj,47149,118,11,14200.37,585.72
2026-08-08,Aktualitky.cz,context,SmartPhone,Android,Muž,40 - 59,Ústecký kraj,275971,680,43,55510.53,3428.32
2026-08-08,Aktualitky.cz,context,SmartPhone,Android,Muž,40 - 59,Liberecký kraj,94186,253,29,37437.33,1170.05
2026-08-08,Aktualitky.cz,context,SmartPhone,Android,Muž,40 - 59,Královéhradecký kraj,5897,10,0,0.0,73.26
2026-08-08,Aktualitky.cz,context,SmartPhone,Android,Muž,40 - 59,Pardubický kraj,111370,276,19,24527.91,1383.52
2026-08-08,Aktualitky.cz,context,SmartPhone,Android,Muž,40 - 59,Kraj Vysočina,22258,57,6,7745.66,276.51
2026-08-08,Aktualitky.cz,context,SmartPhone,Android,Muž,40 - 59,Jihomoravský kraj,88555,227,16,20655.08,1100.1
2026-08-08,Aktualitky.cz,context,SmartPhone,Android,Muž,40 - 59,Olomoucký kraj,58624,147,10,12909.43,728.27
2026-08-08,Aktualitky.cz,context,SmartPhone,Android,Muž,40 - 59,Zlínský kraj,112812,283,17,21946.02,1401.44
2026-08-08,Aktualitky.cz,context,SmartPhone,Android,Muž,40 - 59,Moravskoslezský kraj,280789,691,42,54219.59,3488.17
2026-08-08,Baráky.cz,context,Desktop,macOS,Žena,60+,Hlavní město Praha,297,0,0,0.0,2.86
2026-08-08,Baráky.cz,context,Desktop,macOS,Žena,60+,Středočeský kraj,471,0,0,0.0,4.53
2026-08-08,Baráky.cz,context,Desktop,macOS,Žena,60+,Jihočeský kraj,667,1,0,0.0,6.42
2026-08-08,Baráky.cz,context,Desktop,macOS,Žena,60+,Plzeňský kraj,1282,4,0,0.0,12.34
2026-08-08,Baráky.cz,context,Desktop,macOS,Žena,60+,Karlovarský kraj,666,0,0,0.0,6.41
2026-08-08,Baráky.cz,context,Desktop,macOS,Žena,60+,Ústecký kraj,1107,2,0,0.0,10.65
2026-08-08,Baráky.cz,context,Desktop,macOS,Žena,60+,Liberecký kraj,41,0,0,0.0,0.39
2026-08-08,Baráky.cz,context,Desktop,macOS,Žena,60+,Královéhradecký kraj,531,0,0,0.0,5.11
2026-08-08,Baráky.cz,context,Desktop,macOS,Žena,60+,Pardubický kraj,2523,2,0,0.0,24.28
2026-08-08,Baráky.cz,context,Desktop,macOS,Žena,60+,Kraj Vysočina,96,0,0,0.0,0.92
2026-08-08,Baráky.cz,context,Desktop,macOS,Žena,60+,Jihomoravský kraj,1219,3,0,0.0,11.73
2026-08-08,Baráky.cz,context,Desktop,macOS,Žena,60+,Olomoucký kraj,552,0,0,0.0,5.31
2026-08-08,Baráky.cz,context,Desktop,macOS,Žena,60+,Zlínský kraj,54,0,0,0.0,0.52
2026-08-08,Baráky.cz,context,Desktop,macOS,Žena,60+,Moravskoslezský kraj,1664,5,0,0.0,16.01
2026-08-08,Baráky.cz,context,SmartPhone,,Muž,Neznámý,Hlavní město Praha,1,0,0,0.0,0.03
2026-08-08,Baráky.cz,context,SmartPhone,,Muž,Neznámý,Středočeský kraj,3,0,0,0.0,0.1
2026-08-08,Baráky.cz,context,SmartPhone,,Muž,Neznámý,Jihočeský kraj,10,0,0,0.0,0.32
2026-08-08,Baráky.cz,context,SmartPhone,,Muž,Neznámý,Plzeňský kraj,11,0,0,0.0,0.35
2026-08-08,Baráky.cz,context,SmartPhone,,Muž,Neznámý,Karlovarský kraj,4,0,0,0.0,0.13
2026-08-08,Baráky.cz,context,SmartPhone,,Muž,Neznámý,Ústecký kraj,2,1,0,0.0,0.06
2026-08-08,Baráky.cz,context,SmartPhone,,Muž,Neznámý,Liberecký kraj,9,0,0,0.0,0.29
2026-08-08,Baráky.cz,context,SmartPhone,,Muž,Neznámý,Královéhradecký kraj,9,0,0,0.0,0.29
2026-08-08,Baráky.cz,context,SmartPhone,,Muž,Neznámý,Pardubický kraj,2,0,0,0.0,0.06
2026-08-08,Baráky.cz,context,SmartPhone,,Muž,Neznámý,Kraj Vysočina,7,0,0,0.0,0.22
2026-08-08,Baráky.cz,context,SmartPhone,,Muž,Neznámý,Jihomoravský kraj,8,0,0,0.0,0.26
2026-08-08,Baráky.cz,context,SmartPhone,,Muž,Neznámý,Olomoucký kraj,5,0,0,0.0,0.16
2026-08-08,Baráky.cz,context,SmartPhone,,Muž,Neznámý,Zlínský kraj,9,0,0,0.0,0.29
2026-08-08,Baráky.cz,context,SmartPhone,,Muž,Neznámý,Moravskoslezský kraj,1,0,0,0.0,0.03
2026-08-08,Baráky.cz,context,Desktop,macOS,Žena,18 - 24,Hlavní město Praha,447,0,0,0.0,3.78
2026-08-08,Baráky.cz,context,Desktop,macOS,Žena,18 - 24,Středočeský kraj,463,0,0,0.0,3.91
2026-08-08,Baráky.cz,context,Desktop,macOS,Žena,18 - 24,Jihočeský kraj,11,0,0,0.0,0.09
2026-08-08,Baráky.cz,context,Desktop,macOS,Žena,18 - 24,Plzeňský kraj,522,0,0,0.0,4.41
2026-08-08,Baráky.cz,context,Desktop,macOS,Žena,18 - 24,Karlovarský kraj,1222,0,0,0.0,10.33
2026-08-08,Baráky.cz,context,Desktop,macOS,Žena,18 - 24,Ústecký kraj,85,0,0,0.0,0.72
2026-08-08,Baráky.cz,context,Desktop,macOS,Žena,18 - 24,Liberecký kraj,44,0,0,0.0,0.37
2026-08-08,Baráky.cz,context,Desktop,macOS,Žena,18 - 24,Královéhradecký kraj,155,1,0,0.0,1.31
2026-08-08,Baráky.cz,context,Desktop,macOS,Žena,18 - 24,Pardubický kraj,732,2,0,0.0,6.19
2026-08-08,Baráky.cz,context,Desktop,macOS,Žena,18 - 24,Kraj Vysočina,154,0,0,0.0,1.3
2026-08-08,Baráky.cz,context,Desktop,macOS,Žena,18 - 24,Jihomoravský kraj,163,0,0,0.0,1.38
2026-08-08,Baráky.cz,context,Desktop,macOS,Žena,18 - 24,Olomoucký kraj,885,2,0,0.0,7.48
2026-08-08,Baráky.cz,context,Desktop,macOS,Žena,18 - 24,Zlínský kraj,318,0,0,0.0,2.69
2026-08-08,Baráky.cz,context,Desktop,macOS,Žena,18 - 24,Moravskoslezský kraj,85,0,0,0.0,0.72
2026-08-08,Blogeria.cz,context,Desktop,,Neznámý,40 - 59,Hlavní město Praha,1,0,0,0.0,0.0
2026-08-08,Blogeria.cz,context,Desktop,,Neznámý,40 - 59,Středočeský kraj,1,0,0,0.0,0.0
2026-08-08,Blogeria.cz,context,Desktop,,Neznámý,40 - 59,Jihočeský kraj,1,0,0,0.0,0.0
2026-08-08,Blogeria.cz,context,Desktop,,Neznámý,40 - 59,Plzeňský kraj,1,0,0,0.0,0.0
2026-08-08,Blogeria.cz,context,Desktop,,Neznámý,40 - 59,Karlovarský kraj,1,0,0,0.0,0.0
2026-08-08,Blogeria.cz,context,Desktop,,Neznámý,40 - 59,Ústecký kraj,1,0,0,0.0,0.0
2026-08-08,Blogeria.cz,context,Desktop,,Neznámý,40 - 59,Liberecký kraj,1,0,0,0.0,0.0
2026-08-08,Blogeria.cz,context,Desktop,,Neznámý,40 - 59,Královéhradecký kraj,1,0,0,0.0,0.0
2026-08-08,Blogeria.cz,context,Desktop,,Neznámý,40 - 59,Pardubický kraj,1,0,0,0.0,0.0
2026-08-08,Blogeria.cz,context,Desktop,,Neznámý,40 - 59,Kraj Vysočina,1,0,0,0.0,0.0
2026-08-08,Blogeria.cz,context,Desktop,,Neznámý,40 - 59,Jihomoravský kraj,1,0,0,0.0,0.0
2026-08-08,Blogeria.cz,context,Desktop,,Neznámý,40 - 59,Olomoucký kraj,1,0,0,0.0,0.0
2026-08-08,Blogeria.cz,context,Desktop,,Neznámý,40 - 59,Zlínský kraj,1,0,0,0.0,0.0
2026-08-08,Blogeria.cz,context,Desktop,,Neznámý,40 - 59,Moravskoslezský kraj,1,0,0,0.0,0.0
2026-08-08,Blogeria.cz,context,SmartPhone,iOS,Muž,Neznámý,Hlavní město Praha,328,0,0,0.0,3.35
2026-08-08,Blogeria.cz,context,SmartPhone,iOS,Muž,Neznámý,Středočeský kraj,1451,2,0,0.0,14.83
2026-08-08,Blogeria.cz,context,SmartPhone,iOS,Muž,Neznámý,Jihočeský kraj,986,3,0,0.0,10.08
2026-08-08,Blogeria.cz,context,SmartPhone,iOS,Muž,Neznámý,Plzeňský kraj,468,1,1,0.0,4.78
2026-08-08,Blogeria.cz,context,SmartPhone,iOS,Muž,Neznámý,Karlovarský kraj,4232,13,0,0.0,43.26
2026-08-08,Blogeria.cz,context,SmartPhone,iOS,Muž,Neznámý,Ústecký kraj,1038,1,0,0.0,10.61
2026-08-08,Blogeria.cz,context,SmartPhone,iOS,Muž,Neznámý,Liberecký kraj,827,2,0,0.0,8.45
2026-08-08,Blogeria.cz,context,SmartPhone,iOS,Muž,Neznámý,Královéhradecký kraj,751,0,0,0.0,7.68
2026-08-08,Blogeria.cz,context,SmartPhone,iOS,Muž,Neznámý,Pardubický kraj,2885,7,1,0.0,29.49
2026-08-08,Blogeria.cz,context,SmartPhone,iOS,Muž,Neznámý,Kraj Vysočina,13,0,0,0.0,0.13
2026-08-08,Blogeria.cz,context,SmartPhone,iOS,Muž,Neznámý,Jihomoravský kraj,3,0,0,0.0,0.03
2026-08-08,Blogeria.cz,context,SmartPhone,iOS,Muž,Neznámý,Olomoucký kraj,423,3,0,0.0,4.32
2026-08-08,Blogeria.cz,context,SmartPhone,iOS,Muž,Neznámý,Zlínský kraj,328,1,0,0.0,3.35
2026-08-08,Blogeria.cz,context,SmartPhone,iOS,Muž,Neznámý,Moravskoslezský kraj,864,3,1,0.0,8.83
2026-08-08,Drbárna.cz,context,Tv,,Muž,25 - 39,Hlavní město Praha,1,0,0,0.0,0.02
2026-08-08,Drbárna.cz,context,Tv,,Muž,25 - 39,Středočeský kraj,9,0,0,0.0,0.19
2026-08-08,Drbárna.cz,context,Tv,,Muž,25 - 39,Jihočeský kraj,5,0,0,0.0,0.11
2026-08-08,Drbárna.cz,context,Tv,,Muž,25 - 39,Plzeňský kraj,4,0,0,0.0,0.08
2026-08-08,Drbárna.cz,context,Tv,,Muž,25 - 39,Karlovarský kraj,1,0,0,0.0,0.02
2026-08-08,Drbárna.cz,context,Tv,,Muž,25 - 39,Ústecký kraj,2,0,0,0.0,0.04
2026-08-08,Drbárna.cz,context,Tv,,Muž,25 - 39,Liberecký kraj,2,0,0,0.0,0.04
2026-08-08,Drbárna.cz,context,Tv,,Muž,25 - 39,Královéhradecký kraj,3,0,0,0.0,0.06
2026-08-08,Drbárna.cz,context,Tv,,Muž,25 - 39,Pardubický kraj,6,0,0,0.0,0.13
2026-08-08,Drbárna.cz,context,Tv,,Muž,25 - 39,Kraj Vysočina,1,0,0,0.0,0.02
2026-08-08,Drbárna.cz,context,Tv,,Muž,25 - 39,Jihomoravský kraj,5,0,0,0.0,0.11
2026-08-08,Drbárna.cz,context,Tv,,Muž,25 - 39,Olomoucký kraj,1,0,0,0.0,0.02
2026-08-08,Drbárna.cz,context,Tv,,Muž,25 - 39,Zlínský kraj,1,0,0,0.0,0.02
2026-08-08,Drbárna.cz,context,Tv,,Muž,25 - 39,Moravskoslezský kraj,2,0,0,0.0,0.04
2026-08-08,Drbárna.cz,context,Desktop,iOS,Žena,60+,Hlavní město Praha,2,0,0,0.0,0.0
2026-08-08,Drbárna.cz,context,Desktop,iOS,Žena,60+,Středočeský kraj,15,0,0,0.0,0.02
2026-08-08,Drbárna.cz,context,Desktop,iOS,Žena,60+,Jihočeský kraj,3,0,0,0.0,0.0
2026-08-08,Drbárna.cz,context,Desktop,iOS,Žena,60+,Plzeňský kraj,8,0,0,0.0,0.01
2026-08-08,Drbárna.cz,context,Desktop,iOS,Žena,60+,Karlovarský kraj,2,0,0,0.0,0.0
2026-08-08,Drbárna.cz,context,Desktop,iOS,Žena,60+,Ústecký kraj,4,0,0,0.0,0.0
2026-08-08,Drbárna.cz,context,Desktop,iOS,Žena,60+,Liberecký kraj,6,0,0,0.0,0.01
2026-08-08,Drbárna.cz,context,Desktop,iOS,Žena,60+,Královéhradecký kraj,3,0,0,0.0,0.0
2026-08-08,Drbárna.cz,context,Desktop,iOS,Žena,60+,Pardubický kraj,1,0,0,0.0,0.0
2026-08-08,Drbárna.cz,context,Desktop,iOS,Žena,60+,Kraj Vysočina,3,0,0,0.0,0.0
2026-08-08,Drbárna.cz,context,Desktop,iOS,Žena,60+,Jihomoravský kraj,7,0,0,0.0,0.01
2026-08-08,Drbárna.cz,context,Desktop,iOS,Žena,60+,Olomoucký kraj,6,0,0,0.0,0.01
2026-08-08,Drbárna.cz,context,Desktop,iOS,Žena,60+,Zlínský kraj,31,0,0,0.0,0.04
2026-08-08,Drbárna.cz,context,Desktop,iOS,Žena,60+,Moravskoslezský kraj,1,0,0,0.0,0.0
2026-08-08,Drbárna.cz,context,Desktop,,Žena,25 - 39,Hlavní město Praha,36,0,0,0.0,0.52
2026-08-08,Drbárna.cz,context,Desktop,,Žena,25 - 39,Středočeský kraj,252,0,0,0.0,3.64
2026-08-08,Drbárna.cz,context,Desktop,,Žena,25 - 39,Jihočeský kraj,1265,0,0,0.0,18.25
2026-08-08,Drbárna.cz,context,Desktop,,Žena,25 - 39,Plzeňský kraj,550,0,0,0.0,7.93
2026-08-08,Drbárna.cz,context,Desktop,,Žena,25 - 39,Karlovarský kraj,212,0,0,0.0,3.06
2026-08-08,Drbárna.cz,context,Desktop,,Žena,25 - 39,Ústecký kraj,217,0,0,0.0,3.13
2026-08-08,Drbárna.cz,context,Desktop,,Žena,25 - 39,Liberecký kraj,155,0,0,0.0,2.24
2026-08-08,Drbárna.cz,context,Desktop,,Žena,25 - 39,Královéhradecký kraj,542,1,0,0.0,7.82
2026-08-08,Drbárna.cz,context,Desktop,,Žena,25 - 39,Pardubický kraj,50,0,0,0.0,0.72
2026-08-08,Drbárna.cz,context,Desktop,,Žena,25 - 39,Kraj Vysočina,162,0,0,0.0,2.34
2026-08-08,Drbárna.cz,context,Desktop,,Žena,25 - 39,Jihomoravský kraj,357,0,0,0.0,5.15
2026-08-08,Drbárna.cz,context,Desktop,,Žena,25 - 39,Olomoucký kraj,64,0,0,0.0,0.92
2026-08-08,Drbárna.cz,context,Desktop,,Žena,25 - 39,Zlínský kraj,102,0,0,0.0,1.47
2026-08-08,Drbárna.cz,context,Desktop,,Žena,25 - 39,Moravskoslezský kraj,38,0,0,0.0,0.55
2026-08-08,Kliknito.cz,context,Console,Android,Muž,40 - 59,Hlavní město Praha,2,0,0,0.0,0.0
2026-08-08,Kliknito.cz,context,Console,Android,Muž,40 - 59,Středočeský kraj,4,0,0,0.0,0.0
2026-08-08,Kliknito.cz,context,Console,Android,Muž,40 - 59,Jihočeský kraj,2,0,0,0.0,0.0
2026-08-08,Kliknito.cz,context,Console,Android,Muž,40 - 59,Plzeňský kraj,1,0,0,0.0,0.0
2026-08-08,Kliknito.cz,context,Console,Android,Muž,40 - 59,Karlovarský kraj,2,0,0,0.0,0.0
2026-08-08,Kliknito.cz,context,Console,Android,Muž,40 - 59,Ústecký kraj,2,0,0,0.0,0.0
2026-08-08,Kliknito.cz,context,Console,Android,Muž,40 - 59,Liberecký kraj,1,0,0,0.0,0.0
2026-08-08,Kliknito.cz,context,Console,Android,Muž,40 - 59,Královéhradecký kraj,3,0,0,0.0,0.0
2026-08-08,Kliknito.cz,context,Console,Android,Muž,40 - 59,Pardubický kraj,3,0,0,0.0,0.0
2026-08-08,Kliknito.cz,context,Console,Android,Muž,40 - 59,Kraj Vysočina,1,0,0,0.0,0.0
2026-08-08,Kliknito.cz,context,Console,Android,Muž,40 - 59,Jihomoravský kraj,3,0,0,0.0,0.0
2026-08-08,Kliknito.cz,context,Console,Android,Muž,40 - 59,Olomoucký kraj,1,0,0,0.0,0.0
2026-08-08,Kliknito.cz,context,Console,Android,Muž,40 - 59,Zlínský kraj,1,0,0,0.0,0.0
2026-08-08,Kliknito.cz,context,Console,Android,Muž,40 - 59,Moravskoslezský kraj,1,0,0,0.0,0.0
2026-08-08,Kliknito.cz,context,Desktop,,Muž,60+,Hlavní město Praha,26390,159,13,252.96,916.03
2026-08-08,Kliknito.cz,context,Desktop,,Muž,60+,Středočeský kraj,52956,318,21,408.63,1838.16
2026-08-08,Kliknito.cz,context,Desktop,,Muž,60+,Jihočeský kraj,27204,162,9,175.13,944.28
2026-08-08,Kliknito.cz,context,Desktop,,Muž,60+,Plzeňský kraj,401,0,0,0.0,13.92
2026-08-08,Kliknito.cz,context,Desktop,,Muž,60+,Karlovarský kraj,6855,35,1,19.46,237.94
2026-08-08,Kliknito.cz,context,Desktop,,Muž,60+,Ústecký kraj,509,0,0,0.0,17.67
2026-08-08,Kliknito.cz,context,Desktop,,Muž,60+,Liberecký kraj,15102,79,4,77.84,524.21
2026-08-08,Kliknito.cz,context,Desktop,,Muž,60+,Královéhradecký kraj,10678,62,5,97.29,370.65
2026-08-08,Kliknito.cz,context,Desktop,,Muž,60+,Pardubický kraj,24145,132,8,155.67,838.1
2026-08-08,Kliknito.cz,context,Desktop,,Muž,60+,Kraj Vysočina,2363,19,1,19.46,82.02
2026-08-08,Kliknito.cz,context,Desktop,,Muž,60+,Jihomoravský kraj,50481,286,15,291.88,1752.25
2026-08-08,Kliknito.cz,context,Desktop,,Muž,60+,Olomoucký kraj,38913,224,7,136.21,1350.71
2026-08-08,Kliknito.cz,context,Desktop,,Muž,60+,Zlínský kraj,5624,33,0,0.0,195.22
2026-08-08,Kliknito.cz,context,Desktop,,Muž,60+,Moravskoslezský kraj,17257,88,2,38.92,599.01
2026-08-08,Kliknito.cz,context,Desktop,iOS,Neznámý,Neznámý,Hlavní město Praha,12,0,0,0.0,0.0
2026-08-08,Kliknito.cz,context,Desktop,iOS,Neznámý,Neznámý,Středočeský kraj,2,0,0,0.0,0.0
2026-08-08,Kliknito.cz,context,Desktop,iOS,Neznámý,Neznámý,Jihočeský kraj,10,0,0,0.0,0.0
2026-08-08,Kliknito.cz,context,Desktop,iOS,Neznámý,Neznámý,Plzeňský kraj,1,0,0,0.0,0.0
2026-08-08,Kliknito.cz,context,Desktop,iOS,Neznámý,Neznámý,Karlovarský kraj,18,0,0,0.0,0.0
2026-08-08,Kliknito.cz,context,Desktop,iOS,Neznámý,Neznámý,Ústecký kraj,13,0,0,0.0,0.0
2026-08-08,Kliknito.cz,context,Desktop,iOS,Neznámý,Neznámý,Liberecký kraj,12,0,0,0.0,0.0
2026-08-08,Kliknito.cz,context,Desktop,iOS,Neznámý,Neznámý,Královéhradecký kraj,12,0,0,0.0,0.0
2026-08-08,Kliknito.cz,context,Desktop,iOS,Neznámý,Neznámý,Pardubický kraj,14,0,0,0.0,0.0
2026-08-08,Kliknito.cz,context,Desktop,iOS,Neznámý,Neznámý,Kraj Vysočina,1,0,0,0.0,0.0
2026-08-08,Kliknito.cz,context,Desktop,iOS,Neznámý,Neznámý,Jihomoravský kraj,3,0,0,0.0,0.0
2026-08-08,Kliknito.cz,context,Desktop,iOS,Neznámý,Neznámý,Olomoucký kraj,24,0,0,0.0,0.0
2026-08-08,Kliknito.cz,context,Desktop,iOS,Neznámý,Neznámý,Zlínský kraj,9,0,0,0.0,0.0
2026-08-08,Kliknito.cz,context,Desktop,iOS,Neznámý,Neznámý,Moravskoslezský kraj,13,0,0,0.0,0.0
2026-08-08,Pozdní Zprávy,context,MediaHub,Android,Žena,40 - 59,Hlavní město Praha,1,0,0,0.0,0.0
2026-08-08,Pozdní Zprávy,context,MediaHub,Android,Žena,40 - 59,Středočeský kraj,2,0,0,0.0,0.0
2026-08-08,Pozdní Zprávy,context,MediaHub,Android,Žena,40 - 59,Jihočeský kraj,1,0,0,0.0,0.0
2026-08-08,Pozdní Zprávy,context,MediaHub,Android,Žena,40 - 59,Plzeňský kraj,2,0,0,0.0,0.0
2026-08-08,Pozdní Zprávy,context,MediaHub,Android,Žena,40 - 59,Karlovarský kraj,1,0,0,0.0,0.0
2026-08-08,Pozdní Zprávy,context,MediaHub,Android,Žena,40 - 59,Ústecký kraj,1,0,0,0.0,0.0
2026-08-08,Pozdní Zprávy,context,MediaHub,Android,Žena,40 - 59,Liberecký kraj,1,0,0,0.0,0.0
2026-08-08,Pozdní Zprávy,context,MediaHub,Android,Žena,40 - 59,Královéhradecký kraj,4,0,0,0.0,0.0
2026-08-08,Pozdní Zprávy,context,MediaHub,Android,Žena,40 - 59,Pardubický kraj,2,0,0,0.0,0.0
2026-08-08,Pozdní Zprávy,context,MediaHub,Android,Žena,40 - 59,Kraj Vysočina,1,0,0,0.0,0.0
2026-08-08,Pozdní Zprávy,context,MediaHub,Android,Žena,40 - 59,Jihomoravský kraj,1,0,0,0.0,0.0
2026-08-08,Pozdní Zprávy,context,MediaHub,Android,Žena,40 - 59,Olomoucký kraj,1,0,0,0.0,0.0
2026-08-08,Pozdní Zprávy,context,MediaHub,Android,Žena,40 - 59,Zlínský kraj,1,0,0,0.0,0.0
2026-08-08,Pozdní Zprávy,context,MediaHub,Android,Žena,40 - 59,Moravskoslezský kraj,1,0,0,0.0,0.0
2026-08-08,Pozdní Zprávy,context,SmartWatch,Android,Muž,40 - 59,Hlavní město Praha,11,0,0,0.0,2.04
2026-08-08,Pozdní Zprávy,context,SmartWatch,Android,Muž,40 - 59,Středočeský kraj,19,0,0,0.0,3.52
2026-08-08,Pozdní Zprávy,context,SmartWatch,Android,Muž,40 - 59,Jihočeský kraj,1,0,0,0.0,0.19
2026-08-08,Pozdní Zprávy,context,SmartWatch,Android,Muž,40 - 59,Plzeňský kraj,14,0,0,0.0,2.6
2026-08-08,Pozdní Zprávy,context,SmartWatch,Android,Muž,40 - 59,Karlovarský kraj,4,0,0,0.0,0.74
2026-08-08,Pozdní Zprávy,context,SmartWatch,Android,Muž,40 - 59,Ústecký kraj,4,0,0,0.0,0.74
2026-08-08,Pozdní Zprávy,context,SmartWatch,Android,Muž,40 - 59,Liberecký kraj,5,0,0,0.0,0.93
2026-08-08,Pozdní Zprávy,context,SmartWatch,Android,Muž,40 - 59,Královéhradecký kraj,6,0,0,0.0,1.11
2026-08-08,Pozdní Zprávy,context,SmartWatch,Android,Muž,40 - 59,Pardubický kraj,3,0,0,0.0,0.56
2026-08-08,Pozdní Zprávy,context,SmartWatch,Android,Muž,40 - 59,Kraj Vysočina,5,0,0,0.0,0.93
2026-08-08,Pozdní Zprávy,context,SmartWatch,Android,Muž,40 - 59,Jihomoravský kraj,2,1,0,0.0,0.37
2026-08-08,Pozdní Zprávy,context,SmartWatch,Android,Muž,40 - 59,Olomoucký kraj,2,0,0,0.0,0.37
2026-08-08,Pozdní Zprávy,context,SmartWatch,Android,Muž,40 - 59,Zlínský kraj,12,1,0,0.0,2.22
2026-08-08,Pozdní Zprávy,context,SmartWatch,Android,Muž,40 - 59,Moravskoslezský kraj,11,0,0,0.0,2.04
2026-08-08,Poštovna.cz,context,SmartPhone,iOS,Neznámý,Neznámý,Hlavní město Praha,2121,2,0,0.0,10.32
2026-08-08,Poštovna.cz,context,SmartPhone,iOS,Neznámý,Neznámý,Středočeský kraj,237,0,0,0.0,1.15
2026-08-08,Poštovna.cz,context,SmartPhone,iOS,Neznámý,Neznámý,Jihočeský kraj,248,0,0,0.0,1.21
2026-08-08,Poštovna.cz,context,SmartPhone,iOS,Neznámý,Neznámý,Plzeňský kraj,1234,2,0,0.0,6.0
2026-08-08,Poštovna.cz,context,SmartPhone,iOS,Neznámý,Neznámý,Karlovarský kraj,221,0,0,0.0,1.07
2026-08-08,Poštovna.cz,context,SmartPhone,iOS,Neznámý,Neznámý,Ústecký kraj,209,0,0,0.0,1.02
2026-08-08,Poštovna.cz,context,SmartPhone,iOS,Neznámý,Neznámý,Liberecký kraj,314,0,0,0.0,1.53
2026-08-08,Poštovna.cz,context,SmartPhone,iOS,Neznámý,Neznámý,Královéhradecký kraj,1869,2,0,0.0,9.09
2026-08-08,Poštovna.cz,context,SmartPhone,iOS,Neznámý,Neznámý,Pardubický kraj,738,0,0,0.0,3.59
2026-08-08,Poštovna.cz,context,SmartPhone,iOS,Neznámý,Neznámý,Kraj Vysočina,1317,0,0,0.0,6.41
2026-08-08,Poštovna.cz,context,SmartPhone,iOS,Neznámý,Neznámý,Jihomoravský kraj,772,3,0,0.0,3.75
2026-08-08,Poštovna.cz,context,SmartPhone,iOS,Neznámý,Neznámý,Olomoucký kraj,931,0,0,0.0,4.53
2026-08-08,Poštovna.cz,context,SmartPhone,iOS,Neznámý,Neznámý,Zlínský kraj,1136,0,0,0.0,5.53
2026-08-08,Poštovna.cz,context,SmartPhone,iOS,Neznámý,Neznámý,Moravskoslezský kraj,1565,3,0,0.0,7.61
2026-08-09,Aktualitky.cz,context,Desktop,macOS,Neznámý,25 - 39,Hlavní město Praha,1,0,0,0.0,0.0
2026-08-09,Aktualitky.cz,context,Desktop,macOS,Neznámý,25 - 39,Středočeský kraj,1,0,0,0.0,0.0
2026-08-09,Aktualitky.cz,context,Desktop,macOS,Neznámý,25 - 39,Jihočeský kraj,1,0,0,0.0,0.0
2026-08-09,Aktualitky.cz,context,Desktop,macOS,Neznámý,25 - 39,Plzeňský kraj,1,0,0,0.0,0.0
2026-08-09,Aktualitky.cz,context,Desktop,macOS,Neznámý,25 - 39,Karlovarský kraj,1,0,0,0.0,0.0
2026-08-09,Aktualitky.cz,context,Desktop,macOS,Neznámý,25 - 39,Ústecký kraj,1,0,0,0.0,0.0
2026-08-09,Aktualitky.cz,context,Desktop,macOS,Neznámý,25 - 39,Liberecký kraj,1,0,0,0.0,0.0
2026-08-09,Aktualitky.cz,context,Desktop,macOS,Neznámý,25 - 39,Královéhradecký kraj,1,0,0,0.0,0.0
2026-08-09,Aktualitky.cz,context,Desktop,macOS,Neznámý,25 - 39,Pardubický kraj,1,0,0,0.0,0.0
2026-08-09,Aktualitky.cz,context,Desktop,macOS,Neznámý,25 - 39,Kraj Vysočina,1,0,0,0.0,0.0
2026-08-09,Aktualitky.cz,context,Desktop,macOS,Neznámý,25 - 39,Jihomoravský kraj,1,0,0,0.0,0.0
2026-08-09,Aktualitky.cz,context,Desktop,macOS,Neznámý,25 - 39,Olomoucký kraj,1,0,0,0.0,0.0
2026-08-09,Aktualitky.cz,context,Desktop,macOS,Neznámý,25 - 39,Zlínský kraj,1,0,0,0.0,0.0
2026-08-09,Aktualitky.cz,context,Desktop,macOS,Neznámý,25 - 39,Moravskoslezský kraj,1,0,0,0.0,0.0
2026-08-09,Baráky.cz,context,SmartPhone,iOS,Žena,18 - 24,Hlavní město Praha,646,12,0,0.0,32.33
2026-08-09,Baráky.cz,context,SmartPhone,iOS,Žena,18 - 24,Středočeský kraj,932,13,0,0.0,46.65
2026-08-09,Baráky.cz,context,SmartPhone,iOS,Žena,18 - 24,Jihočeský kraj,4208,77,0,0.0,210.62
2026-08-09,Baráky.cz,context,SmartPhone,iOS,Žena,18 - 24,Plzeňský kraj,514,7,0,0.0,25.73
2026-08-09,Baráky.cz,context,SmartPhone,iOS,Žena,18 - 24,Karlovarský kraj,1233,22,0,0.0,61.71
2026-08-09,Baráky.cz,context,SmartPhone,iOS,Žena,18 - 24,Ústecký kraj,1328,25,0,0.0,66.47
2026-08-09,Baráky.cz,context,SmartPhone,iOS,Žena,18 - 24,Liberecký kraj,2399,54,0,0.0,120.07
2026-08-09,Baráky.cz,context,SmartPhone,iOS,Žena,18 - 24,Královéhradecký kraj,424,12,0,0.0,21.22
2026-08-09,Baráky.cz,context,SmartPhone,iOS,Žena,18 - 24,Pardubický kraj,435,8,0,0.0,21.77
2026-08-09,Baráky.cz,context,SmartPhone,iOS,Žena,18 - 24,Kraj Vysočina,577,10,0,0.0,28.88
2026-08-09,Baráky.cz,context,SmartPhone,iOS,Žena,18 - 24,Jihomoravský kraj,1140,27,0,0.0,57.06
2026-08-09,Baráky.cz,context,SmartPhone,iOS,Žena,18 - 24,Olomoucký kraj,631,13,0,0.0,31.58
2026-08-09,Baráky.cz,context,SmartPhone,iOS,Žena,18 - 24,Zlínský kraj,1975,34,1,2092.32,98.85
2026-08-09,Baráky.cz,context,SmartPhone,iOS,Žena,18 - 24,Moravskoslezský kraj,5959,99,0,0.0,298.26
2026-08-09,Baráky.cz,context,Desktop,,Neznámý,Neznámý,Hlavní město Praha,13967,19,0,0.0,127.53
2026-08-09,Baráky.cz,context,Desktop,,Neznámý,Neznámý,Středočeský kraj,4356,3,0,0.0,39.77
2026-08-09,Baráky.cz,context,Desktop,,Neznámý,Neznámý,Jihočeský kraj,5034,4,0,0.0,45.96
2026-08-09,Baráky.cz,context,Desktop,,Neznámý,Neznámý,Plzeňský kraj,6774,11,0,0.0,61.85
2026-08-09,Baráky.cz,context,Desktop,,Neznámý,Neznámý,Karlovarský kraj,8270,9,0,0.0,75.51
2026-08-09,Baráky.cz,context,Desktop,,Neznámý,Neznámý,Ústecký kraj,22162,25,0,0.0,202.35
2026-08-09,Baráky.cz,context,Desktop,,Neznámý,Neznámý,Liberecký kraj,9775,18,0,0.0,89.25
2026-08-09,Baráky.cz,context,Desktop,,Neznámý,Neznámý,Královéhradecký kraj,3981,4,0,0.0,36.35
2026-08-09,Baráky.cz,context,Desktop,,Neznámý,Neznámý,Pardubický kraj,6344,12,0,0.0,57.93
2026-08-09,Baráky.cz,context,Desktop,,Neznámý,Neznámý,Kraj Vysočina,13823,28,0,0.0,126.21
2026-08-09,Baráky.cz,context,Desktop,,Neznámý,Neznámý,Jihomoravský kraj,1111,0,0,0.0,10.14
2026-08-09,Baráky.cz,context,Desktop,,Neznámý,Neznámý,Olomoucký kraj,11259,11,0,0.0,102.8
2026-08-09,Baráky.cz,context,Desktop,,Neznámý,Neznámý,Zlínský kraj,4681,5,0,0.0,42.74
2026-08-09,Baráky.cz,context,Desktop,,Neznámý,Neznámý,Moravskoslezský kraj,10747,16,0,0.0,98.13
2026-08-09,Baráky.cz,context,SmartPhone,Android,Muž,40 - 59,Hlavní město Praha,14762,13,1,115.35,96.54
2026-08-09,Baráky.cz,context,SmartPhone,Android,Muž,40 - 59,Středočeský kraj,33236,58,3,346.06,217.35
2026-08-09,Baráky.cz,context,SmartPhone,Android,Muž,40 - 59,Jihočeský kraj,1213,0,0,0.0,7.93
2026-08-09,Baráky.cz,context,SmartPhone,Android,Muž,40 - 59,Plzeňský kraj,35454,45,1,115.35,231.86
2026-08-09,Baráky.cz,context,SmartPhone,Android,Muž,40 - 59,Karlovarský kraj,10438,17,1,115.35,68.26
2026-08-09,Baráky.cz,context,SmartPhone,Android,Muž,40 - 59,Ústecký kraj,71275,74,0,0.0,466.11
2026-08-09,Baráky.cz,context,SmartPhone,Android,Muž,40 - 59,Liberecký kraj,9124,14,0,0.0,59.67
2026-08-09,Baráky.cz,context,SmartPhone,Android,Muž,40 - 59,Královéhradecký kraj,40384,41,0,0.0,264.1
2026-08-09,Baráky.cz,context,SmartPhone,Android,Muž,40 - 59,Pardubický kraj,4689,10,0,0.0,30.66
2026-08-09,Baráky.cz,context,SmartPhone,Android,Muž,40 - 59,Kraj Vysočina,13849,22,1,115.35,90.57
2026-08-09,Baráky.cz,context,SmartPhone,Android,Muž,40 - 59,Jihomoravský kraj,18614,24,1,115.35,121.73
2026-08-09,Baráky.cz,context,SmartPhone,Android,Muž,40 - 59,Olomoucký kraj,56396,76,4,461.41,368.81
2026-08-09,Baráky.cz,context,SmartPhone,Android,Muž,40 - 59,Zlínský kraj,7202,5,0,0.0,47.1
2026-08-09,Baráky.cz,context,SmartPhone,Android,Muž,40 - 59,Moravskoslezský kraj,7073,10,0,0.0,46.26
2026-08-09,Baráky.cz,context,,,Muž,40 - 59,Hlavní město Praha,1,0,0,0.0,0.0
2026-08-09,Baráky.cz,context,,,Muž,40 - 59,Středočeský kraj,1,0,0,0.0,0.0
2026-08-09,Baráky.cz,context,,,Muž,40 - 59,Jihočeský kraj,1,0,0,0.0,0.0
2026-08-09,Baráky.cz,context,,,Muž,40 - 59,Plzeňský kraj,1,0,0,0.0,0.0
2026-08-09,Baráky.cz,context,,,Muž,40 - 59,Karlovarský kraj,1,0,0,0.0,0.0
2026-08-09,Baráky.cz,context,,,Muž,40 - 59,Ústecký kraj,1,0,0,0.0,0.0
2026-08-09,Baráky.cz,context,,,Muž,40 - 59,Liberecký kraj,1,0,0,0.0,0.0
2026-08-09,Baráky.cz,context,,,Muž,40 - 59,Královéhradecký kraj,1,0,0,0.0,0.0
2026-08-09,Baráky.cz,context,,,Muž,40 - 59,Pardubický kraj,1,0,0,0.0,0.0
2026-08-09,Baráky.cz,context,,,Muž,40 - 59,Kraj Vysočina,1,0,0,0.0,0.0
2026-08-09,Baráky.cz,context,,,Muž,40 - 59,Jihomoravský kraj,1,0,0,0.0,0.0
2026-08-09,Baráky.cz,context,,,Muž,40 - 59,Olomoucký kraj,1,0,0,0.0,0.0
2026-08-09,Baráky.cz,context,,,Muž,40 - 59,Zlínský kraj,1,0,0,0.0,0.0
2026-08-09,Baráky.cz,context,,,Muž,40 - 59,Moravskoslezský kraj,1,0,0,0.0,0.0
2026-08-09,Blogeria.cz,context,Tablet,,Muž,Neznámý,Hlavní město Praha,2,0,0,0.0,0.0
2026-08-09,Blogeria.cz,context,Tablet,,Muž,Neznámý,Středočeský kraj,6,0,0,0.0,0.0
2026-08-09,Blogeria.cz,context,Tablet,,Muž,Neznámý,Jihočeský kraj,1,0,0,0.0,0.0
2026-08-09,Blogeria.cz,context,Tablet,,Muž,Neznámý,Plzeňský kraj,1,0,0,0.0,0.0
2026-08-09,Blogeria.cz,context,Tablet,,Muž,Neznámý,Karlovarský kraj,3,0,0,0.0,0.0
2026-08-09,Blogeria.cz,context,Tablet,,Muž,Neznámý,Ústecký kraj,2,0,0,0.0,0.0
2026-08-09,Blogeria.cz,context,Tablet,,Muž,Neznámý,Liberecký kraj,1,0,0,0.0,0.0
2026-08-09,Blogeria.cz,context,Tablet,,Muž,Neznámý,Královéhradecký kraj,5,0,0,0.0,0.0
2026-08-09,Blogeria.cz,context,Tablet,,Muž,Neznámý,Pardubický kraj,1,0,0,0.0,0.0
2026-08-09,Blogeria.cz,context,Tablet,,Muž,Neznámý,Kraj Vysočina,4,0,0,0.0,0.0
2026-08-09,Blogeria.cz,context,Tablet,,Muž,Neznámý,Jihomoravský kraj,1,0,0,0.0,0.0
2026-08-09,Blogeria.cz,context,Tablet,,Muž,Neznámý,Olomoucký kraj,3,0,0,0.0,0.0
2026-08-09,Blogeria.cz,context,Tablet,,Muž,Neznámý,Zlínský kraj,2,0,0,0.0,0.0
2026-08-09,Blogeria.cz,context,Tablet,,Muž,Neznámý,Moravskoslezský kraj,6,0,0,0.0,0.0
2026-08-09,Blogeria.cz,context,Desktop,ChromeOS,Muž,Neznámý,Hlavní město Praha,38,0,0,0.0,0.07
2026-08-09,Blogeria.cz,context,Desktop,ChromeOS,Muž,Neznámý,Středočeský kraj,29,0,0,0.0,0.06
2026-08-09,Blogeria.cz,context,Desktop,ChromeOS,Muž,Neznámý,Jihočeský kraj,8,0,0,0.0,0.02
2026-08-09,Blogeria.cz,context,Desktop,ChromeOS,Muž,Neznámý,Plzeňský kraj,3,0,0,0.0,0.01
2026-08-09,Blogeria.cz,context,Desktop,ChromeOS,Muž,Neznámý,Karlovarský kraj,1,0,0,0.0,0.0
2026-08-09,Blogeria.cz,context,Desktop,ChromeOS,Muž,Neznámý,Ústecký kraj,65,0,0,0.0,0.13
2026-08-09,Blogeria.cz,context,Desktop,ChromeOS,Muž,Neznámý,Liberecký kraj,21,0,0,0.0,0.04
2026-08-09,Blogeria.cz,context,Desktop,ChromeOS,Muž,Neznámý,Královéhradecký kraj,1,0,0,0.0,0.0
2026-08-09,Blogeria.cz,context,Desktop,ChromeOS,Muž,Neznámý,Pardubický kraj,8,0,0,0.0,0.02
2026-08-09,Blogeria.cz,context,Desktop,ChromeOS,Muž,Neznámý,Kraj Vysočina,5,0,0,0.0,0.01
2026-08-09,Blogeria.cz,context,Desktop,ChromeOS,Muž,Neznámý,Jihomoravský kraj,19,0,0,0.0,0.04
2026-08-09,Blogeria.cz,context,Desktop,ChromeOS,Muž,Neznámý,Olomoucký kraj,9,0,0,0.0,0.02
2026-08-09,Blogeria.cz,context,Desktop,ChromeOS,Muž,Neznámý,Zlínský kraj,5,0,0,0.0,0.01
2026-08-09,Blogeria.cz,context,Desktop,ChromeOS,Muž,Neznámý,Moravskoslezský kraj,15,0,0,0.0,0.03
2026-08-09,Drbárna.cz,context,SmartPhone,iOS,Neznámý,40 - 59,Hlavní město Praha,2,0,0,0.0,0.0
2026-08-09,Drbárna.cz,context,SmartPhone,iOS,Neznámý,40 - 59,Středočeský kraj,1,0,0,0.0,0.0
2026-08-09,Drbárna.cz,context,SmartPhone,iOS,Neznámý,40 - 59,Jihočeský kraj,1,0,0,0.0,0.0
2026-08-09,Drbárna.cz,context,SmartPhone,iOS,Neznámý,40 - 59,Plzeňský kraj,2,0,0,0.0,0.0
2026-08-09,Drbárna.cz,context,SmartPhone,iOS,Neznámý,40 - 59,Karlovarský kraj,2,0,0,0.0,0.0
2026-08-09,Drbárna.cz,context,SmartPhone,iOS,Neznámý,40 - 59,Ústecký kraj,1,0,0,0.0,0.0
2026-08-09,Drbárna.cz,context,SmartPhone,iOS,Neznámý,40 - 59,Liberecký kraj,1,0,0,0.0,0.0
2026-08-09,Drbárna.cz,context,SmartPhone,iOS,Neznámý,40 - 59,Královéhradecký kraj,3,0,0,0.0,0.01
2026-08-09,Drbárna.cz,context,SmartPhone,iOS,Neznámý,40 - 59,Pardubický kraj,1,0,0,0.0,0.0
2026-08-09,Drbárna.cz,context,SmartPhone,iOS,Neznámý,40 - 59,Kraj Vysočina,2,0,0,0.0,0.0
2026-08-09,Drbárna.cz,context,SmartPhone,iOS,Neznámý,40 - 59,Jihomoravský kraj,1,0,0,0.0,0.0
2026-08-09,Drbárna.cz,context,SmartPhone,iOS,Neznámý,40 - 59,Olomoucký kraj,1,0,0,0.0,0.0
2026-08-09,Drbárna.cz,context,SmartPhone,iOS,Neznámý,40 - 59,Zlínský kraj,4,0,0,0.0,0.01
2026-08-09,Drbárna.cz,context,SmartPhone,iOS,Neznámý,40 - 59,Moravskoslezský kraj,1,0,0,0.0,0.0
2026-08-09,Drbárna.cz,context,SmartPhone,iOS,Muž,40 - 59,Hlavní město Praha,36196,64,5,3238.18,312.28
2026-08-09,Drbárna.cz,context,SmartPhone,iOS,Muž,40 - 59,Středočeský kraj,59691,97,5,3238.18,514.97
2026-08-09,Drbárna.cz,context,SmartPhone,iOS,Muž,40 - 59,Jihočeský kraj,6381,8,0,0.0,55.05
2026-08-09,Drbárna.cz,context,SmartPhone,iOS,Muž,40 - 59,Plzeňský kraj,14203,19,2,1295.27,122.53
2026-08-09,Drbárna.cz,context,SmartPhone,iOS,Muž,40 - 59,Karlovarský kraj,30217,47,1,647.64,260.69
2026-08-09,Drbárna.cz,context,SmartPhone,iOS,Muž,40 - 59,Ústecký kraj,11569,26,0,0.0,99.81
2026-08-09,Drbárna.cz,context,SmartPhone,iOS,Muž,40 - 59,Liberecký kraj,10491,16,0,0.0,90.51
2026-08-09,Drbárna.cz,context,SmartPhone,iOS,Muž,40 - 59,Královéhradecký kraj,63460,114,5,3238.18,547.49
2026-08-09,Drbárna.cz,context,SmartPhone,iOS,Muž,40 - 59,Pardubický kraj,9027,14,0,0.0,77.88
2026-08-09,Drbárna.cz,context,SmartPhone,iOS,Muž,40 - 59,Kraj Vysočina,134846,184,14,9066.91,1163.36
2026-08-09,Drbárna.cz,context,SmartPhone,iOS,Muž,40 - 59,Jihomoravský kraj,21716,41,0,0.0,187.35
2026-08-09,Drbárna.cz,context,SmartPhone,iOS,Muž,40 - 59,Olomoucký kraj,41545,64,5,3238.18,358.42
2026-08-09,Drbárna.cz,context,SmartPhone,iOS,Muž,40 - 59,Zlínský kraj,53711,84,4,2590.55,463.38
2026-08-09,Drbárna.cz,context,SmartPhone,iOS,Muž,40 - 59,Moravskoslezský kraj,33414,53,5,3238.18,288.27
2026-08-09,Drbárna.cz,context,,,Muž,40 - 59,Hlavní město Praha,7,0,0,0.0,0.03
2026-08-09,Drbárna.cz,context,,,Muž,40 - 59,Středočeský kraj,2,0,0,0.0,0.01
2026-08-09,Drbárna.cz,context,,,Muž,40 - 59,Jihočeský kraj,2,0,0,0.0,0.01
2026-08-09,Drbárna.cz,context,,,Muž,40 - 59,Plzeňský kraj,2,0,0,0.0,0.01
2026-08-09,Drbárna.cz,context,,,Muž,40 - 59,Karlovarský kraj,9,0,0,0.0,0.04
2026-08-09,Drbárna.cz,context,,,Muž,40 - 59,Ústecký kraj,3,0,0,0.0,0.01
2026-08-09,Drbárna.cz,context,,,Muž,40 - 59,Liberecký kraj,1,0,0,0.0,0.0
2026-08-09,Drbárna.cz,context,,,Muž,40 - 59,Královéhradecký kraj,2,0,0,0.0,0.01
2026-08-09,Drbárna.cz,context,,,Muž,40 - 59,Pardubický kraj,2,0,0,0.0,0.01
2026-08-09,Drbárna.cz,context,,,Muž,40 - 59,Kraj Vysočina,2,0,0,0.0,0.01
2026-08-09,Drbárna.cz,context,,,Muž,40 - 59,Jihomoravský kraj,5,0,0,0.0,0.02
2026-08-09,Drbárna.cz,context,,,Muž,40 - 59,Olomoucký kraj,1,0,0,0.0,0.0
2026-08-09,Drbárna.cz,context,,,Muž,40 - 59,Zlínský kraj,1,0,0,0.0,0.0
2026-08-09,Drbárna.cz,context,,,Muž,40 - 59,Moravskoslezský kraj,1,0,0,0.0,0.0
2026-08-09,Kliknito.cz,context,Desktop,Ubuntu,Neznámý,Neznámý,Hlavní město Praha,1,0,0,0.0,0.0
2026-08-09,Kliknito.cz,context,Desktop,Ubuntu,Neznámý,Neznámý,Středočeský kraj,1,0,0,0.0,0.0
2026-08-09,Kliknito.cz,context,Desktop,Ubuntu,Neznámý,Neznámý,Jihočeský kraj,1,0,0,0.0,0.0
2026-08-09,Kliknito.cz,context,Desktop,Ubuntu,Neznámý,Neznámý,Plzeňský kraj,1,0,0,0.0,0.0
2026-08-09,Kliknito.cz,context,Desktop,Ubuntu,Neznámý,Neznámý,Karlovarský kraj,1,0,0,0.0,0.0
2026-08-09,Kliknito.cz,context,Desktop,Ubuntu,Neznámý,Neznámý,Ústecký kraj,1,0,0,0.0,0.0
2026-08-09,Kliknito.cz,context,Desktop,Ubuntu,Neznámý,Neznámý,Liberecký kraj,1,0,0,0.0,0.0
2026-08-09,Kliknito.cz,context,Desktop,Ubuntu,Neznámý,Neznámý,Královéhradecký kraj,1,0,0,0.0,0.0
2026-08-09,Kliknito.cz,context,Desktop,Ubuntu,Neznámý,Neznámý,Pardubický kraj,1,0,0,0.0,0.0
2026-08-09,Kliknito.cz,context,Desktop,Ubuntu,Neznámý,Neznámý,Kraj Vysočina,1,0,0,0.0,0.0
2026-08-09,Kliknito.cz,context,Desktop,Ubuntu,Neznámý,Neznámý,Jihomoravský kraj,1,0,0,0.0,0.0
2026-08-09,Kliknito.cz,context,Desktop,Ubuntu,Neznámý,Neznámý,Olomoucký kraj,1,0,0,0.0,0.0
2026-08-09,Kliknito.cz,context,Desktop,Ubuntu,Neznámý,Neznámý,Zlínský kraj,1,0,0,0.0,0.0
2026-08-09,Kliknito.cz,context,Desktop,Ubuntu,Neznámý,Neznámý,Moravskoslezský kraj,1,0,0,0.0,0.0
2026-08-09,Kliknito.cz,context,Tablet,Android,Neznámý,Neznámý,Hlavní město Praha,9200,34,0,0.0,179.91
2026-08-09,Kliknito.cz,context,Tablet,Android,Neznámý,Neznámý,Středočeský kraj,365,2,0,0.0,7.14
2026-08-09,Kliknito.cz,context,Tablet,Android,Neznámý,Neznámý,Jihočeský kraj,261,0,0,0.0,5.1
2026-08-09,Kliknito.cz,context,Tablet,Android,Neznámý,Neznámý,Plzeňský kraj,1794,7,0,0.0,35.08
2026-08-09,Kliknito.cz,context,Tablet,Android,Neznámý,Neznámý,Karlovarský kraj,1439,3,0,0.0,28.14
2026-08-09,Kliknito.cz,context,Tablet,Android,Neznámý,Neznámý,Ústecký kraj,3576,20,0,0.0,69.93
2026-08-09,Kliknito.cz,context,Tablet,Android,Neznámý,Neznámý,Liberecký kraj,1417,8,0,0.0,27.71
2026-08-09,Kliknito.cz,context,Tablet,Android,Neznámý,Neznámý,Královéhradecký kraj,836,4,0,0.0,16.35
2026-08-09,Kliknito.cz,context,Tablet,Android,Neznámý,Neznámý,Pardubický kraj,142,0,0,0.0,2.78
2026-08-09,Kliknito.cz,context,Tablet,Android,Neznámý,Neznámý,Kraj Vysočina,449,2,0,0.0,8.78
2026-08-09,Kliknito.cz,context,Tablet,Android,Neznámý,Neznámý,Jihomoravský kraj,3465,18,0,0.0,67.76
2026-08-09,Kliknito.cz,context,Tablet,Android,Neznámý,Neznámý,Olomoucký kraj,526,2,0,0.0,10.29
2026-08-09,Kliknito.cz,context,Tablet,Android,Neznámý,Neznámý,Zlínský kraj,935,5,0,0.0,18.28
2026-08-09,Kliknito.cz,context,Tablet,Android,Neznámý,Neznámý,Moravskoslezský kraj,799,5,0,0.0,15.62
2026-08-09,Kliknito.cz,context,Tablet,,Muž,18 - 24,Hlavní město Praha,8,0,0,0.0,0.0
2026-08-09,Kliknito.cz,context,Tablet,,Muž,18 - 24,Středočeský kraj,1,0,0,0.0,0.0
2026-08-09,Kliknito.cz,context,Tablet,,Muž,18 - 24,Jihočeský kraj,4,0,0,0.0,0.0
2026-08-09,Kliknito.cz,context,Tablet,,Muž,18 - 24,Plzeňský kraj,1,0,0,0.0,0.0
2026-08-09,Kliknito.cz,context,Tablet,,Muž,18 - 24,Karlovarský kraj,2,0,0,0.0,0.0
2026-08-09,Kliknito.cz,context,Tablet,,Muž,18 - 24,Ústecký kraj,2,0,0,0.0,0.0
2026-08-09,Kliknito.cz,context,Tablet,,Muž,18 - 24,Liberecký kraj,2,0,0,0.0,0.0
2026-08-09,Kliknito.cz,context,Tablet,,Muž,18 - 24,Královéhradecký kraj,2,0,0,0.0,0.0
2026-08-09,Kliknito.cz,context,Tablet,,Muž,18 - 24,Pardubický kraj,2,0,0,0.0,0.0
2026-08-09,Kliknito.cz,context,Tablet,,Muž,18 - 24,Kraj Vysočina,1,0,0,0.0,0.0
2026-08-09,Kliknito.cz,context,Tablet,,Muž,18 - 24,Jihomoravský kraj,2,0,0,0.0,0.0
2026-08-09,Kliknito.cz,context,Tablet,,Muž,18 - 24,Olomoucký kraj,1,0,0,0.0,0.0
2026-08-09,Kliknito.cz,context,Tablet,,Muž,18 - 24,Zlínský kraj,9,0,0,0.0,0.0
2026-08-09,Kliknito.cz,context,Tablet,,Muž,18 - 24,Moravskoslezský kraj,3,0,0,0.0,0.0
2026-08-09,Kliknito.cz,context,SmartPhone,,Žena,40 - 59,Hlavní město Praha,135,1,0,0.0,3.9
2026-08-09,Kliknito.cz,context,SmartPhone,,Žena,40 - 59,Středočeský kraj,324,3,0,0.0,9.36
2026-08-09,Kliknito.cz,context,SmartPhone,,Žena,40 - 59,Jihočeský kraj,643,5,0,0.0,18.58
2026-08-09,Kliknito.cz,context,SmartPhone,,Žena,40 - 59,Plzeňský kraj,125,1,1,0.0,3.61
2026-08-09,Kliknito.cz,context,SmartPhone,,Žena,40 - 59,Karlovarský kraj,357,1,0,0.0,10.32
2026-08-09,Kliknito.cz,context,SmartPhone,,Žena,40 - 59,Ústecký kraj,237,1,0,0.0,6.85
2026-08-09,Kliknito.cz,context,SmartPhone,,Žena,40 - 59,Liberecký kraj,2894,17,1,0.0,83.64
2026-08-09,Kliknito.cz,context,SmartPhone,,Žena,40 - 59,Královéhradecký kraj,2198,15,0,0.0,63.52
2026-08-09,Kliknito.cz,context,SmartPhone,,Žena,40 - 59,Pardubický kraj,1551,8,0,0.0,44.83
2026-08-09,Kliknito.cz,context,SmartPhone,,Žena,40 - 59,Kraj Vysočina,287,4,0,0.0,8.29
2026-08-09,Kliknito.cz,context,SmartPhone,,Žena,40 - 59,Jihomoravský kraj,5793,28,0,0.0,167.42
2026-08-09,Kliknito.cz,context,SmartPhone,,Žena,40 - 59,Olomoucký kraj,849,3,0,0.0,24.54
2026-08-09,Kliknito.cz,context,SmartPhone,,Žena,40 - 59,Zlínský kraj,1502,7,0,0.0,43.41
2026-08-09,Kliknito.cz,context,SmartPhone,,Žena,40 - 59,Moravskoslezský kraj,141,1,0,0.0,4.08
2026-08-09,Kopačka.cz,context,Tablet,,Muž,40 - 59,Hlavní město Praha,27,0,0,0.0,0.64
2026-08-09,Kopačka.cz,context,Tablet,,Muž,40 - 59,Středočeský kraj,17,0,0,0.0,0.41
2026-08-09,Kopačka.cz,context,Tablet,,Muž,40 - 59,Jihočeský kraj,199,0,0,0.0,4.74
2026-08-09,Kopačka.cz,context,Tablet,,Muž,40 - 59,Plzeňský kraj,39,0,0,0.0,0.93
2026-08-09,Kopačka.cz,context,Tablet,,Muž,40 - 59,Karlovarský kraj,32,0,0,0.0,0.76
2026-08-09,Kopačka.cz,context,Tablet,,Muž,40 - 59,Ústecký kraj,10,0,0,0.0,0.24
2026-08-09,Kopačka.cz,context,Tablet,,Muž,40 - 59,Liberecký kraj,3,0,0,0.0,0.07
2026-08-09,Kopačka.cz,context,Tablet,,Muž,40 - 59,Královéhradecký kraj,1,0,0,0.0,0.02
2026-08-09,Kopačka.cz,context,Tablet,,Muž,40 - 59,Pardubický kraj,85,0,0,0.0,2.03
2026-08-09,Kopačka.cz,context,Tablet,,Muž,40 - 59,Kraj Vysočina,1,0,0,0.0,0.02
2026-08-09,Kopačka.cz,context,Tablet,,Muž,40 - 59,Jihomoravský kraj,47,0,0,0.0,1.12
2026-08-09,Kopačka.cz,context,Tablet,,Muž,40 - 59,Olomoucký kraj,117,0,0,0.0,2.79
2026-08-09,Kopačka.cz,context,Tablet,,Muž,40 - 59,Zlínský kraj,43,0,0,0.0,1.02
2026-08-09,Kopačka.cz,context,Tablet,,Muž,40 - 59,Moravskoslezský kraj,44,1,0,0.0,1.05
2026-08-09,Kopačka.cz,context,Tablet,iPadOS,Žena,40 - 59,Hlavní město Praha,230,1,0,0.0,2.25
2026-08-09,Kopačka.cz,context,Tablet,iPadOS,Žena,40 - 59,Středočeský kraj,243,2,0,0.0,2.38
2026-08-09,Kopačka.cz,context,Tablet,iPadOS,Žena,40 - 59,Jihočeský kraj,3,0,0,0.0,0.03
2026-08-09,Kopačka.cz,context,Tablet,iPadOS,Žena,40 - 59,Plzeňský kraj,263,0,0,0.0,2.58
2026-08-09,Kopačka.cz,context,Tablet,iPadOS,Žena,40 - 59,Karlovarský kraj,72,0,0,0.0,0.71
2026-08-09,Kopačka.cz,context,Tablet,iPadOS,Žena,40 - 59,Ústecký kraj,594,1,0,0.0,5.82
2026-08-09,Kopačka.cz,context,Tablet,iPadOS,Žena,40 - 59,Liberecký kraj,81,1,0,0.0,0.79
2026-08-09,Kopačka.cz,context,Tablet,iPadOS,Žena,40 - 59,Královéhradecký kraj,378,0,0,0.0,3.7
2026-08-09,Kopačka.cz,context,Tablet,iPadOS,Žena,40 - 59,Pardubický kraj,110,0,0,0.0,1.08
2026-08-09,Kopačka.cz,context,Tablet,iPadOS,Žena,40 - 59,Kraj Vysočina,35,0,0,0.0,0.34
2026-08-09,Kopačka.cz,context,Tablet,iPadOS,Žena,40 - 59,Jihomoravský kraj,205,0,0,0.0,2.01
2026-08-09,Kopačka.cz,context,Tablet,iPadOS,Žena,40 - 59,Olomoucký kraj,256,0,0,0.0,2.51
2026-08-09,Kopačka.cz,context,Tablet,iPadOS,Žena,40 - 59,Zlínský kraj,383,2,0,0.0,3.75
2026-08-09,Kopačka.cz,context,Tablet,iPadOS,Žena,40 - 59,Moravskoslezský kraj,69,0,0,0.0,0.68
2026-08-09,Kámoši.net,context,SmartPhone,iOS,Žena,60+,Hlavní město Praha,1931,8,1,0.0,31.33
2026-08-09,Kámoši.net,context,SmartPhone,iOS,Žena,60+,Středočeský kraj,2150,12,1,0.0,34.89
2026-08-09,Kámoši.net,context,SmartPhone,iOS,Žena,60+,Jihočeský kraj,4898,16,0,0.0,79.47
2026-08-09,Kámoši.net,context,SmartPhone,iOS,Žena,60+,Plzeňský kraj,424,0,0,0.0,6.88
2026-08-09,Kámoši.net,context,SmartPhone,iOS,Žena,60+,Karlovarský kraj,3335,18,2,0.0,54.11
2026-08-09,Kámoši.net,context,SmartPhone,iOS,Žena,60+,Ústecký kraj,2494,9,1,0.0,40.47
2026-08-09,Kámoši.net,context,SmartPhone,iOS,Žena,60+,Liberecký kraj,9047,41,3,0.0,146.79
2026-08-09,Kámoši.net,context,SmartPhone,iOS,Žena,60+,Královéhradecký kraj,569,1,0,0.0,9.23
2026-08-09,Kámoši.net,context,SmartPhone,iOS,Žena,60+,Pardubický kraj,8369,36,4,0.0,135.79
2026-08-09,Kámoši.net,context,SmartPhone,iOS,Žena,60+,Kraj Vysočina,6345,22,0,0.0,102.95
2026-08-09,Kámoši.net,context,SmartPhone,iOS,Žena,60+,Jihomoravský kraj,2147,12,0,0.0,34.84
2026-08-09,Kámoši.net,context,SmartPhone,iOS,Žena,60+,Olomoucký kraj,171,1,0,0.0,2.77
2026-08-09,Kámoši.net,context,SmartPhone,iOS,Žena,60+,Zlínský kraj,9966,38,0,0.0,161.71
2026-08-09,Kámoši.net,context,SmartPhone,iOS,Žena,60+,Moravskoslezský kraj,1773,9,0,0.0,28.77
2026-08-09,Kámoši.net,context,,,Muž,60+,Hlavní město Praha,1,0,0,0.0,0.0
2026-08-09,Kámoši.net,context,,,Muž,60+,Středočeský kraj,2,0,0,0.0,0.0
2026-08-09,Kámoši.net,context,,,Muž,60+,Jihočeský kraj,1,0,0,0.0,0.0
2026-08-09,Kámoši.net,context,,,Muž,60+,Plzeňský kraj,1,0,0,0.0,0.0
2026-08-09,Kámoši.net,context,,,Muž,60+,Karlovarský kraj,1,0,0,0.0,0.0
2026-08-09,Kámoši.net,context,,,Muž,60+,Ústecký kraj,1,0,0,0.0,0.0
2026-08-09,Kámoši.net,context,,,Muž,60+,Liberecký kraj,1,0,0,0.0,0.0
2026-08-09,Kámoši.net,context,,,Muž,60+,Královéhradecký kraj,3,0,0,0.0,0.0
2026-08-09,Kámoši.net,context,,,Muž,60+,Pardubický kraj,1,0,0,0.0,0.0
2026-08-09,Kámoši.net,context,,,Muž,60+,Kraj Vysočina,2,0,0,0.0,0.0
2026-08-09,Kámoši.net,context,,,Muž,60+,Jihomoravský kraj,1,0,0,0.0,0.0
2026-08-09,Kámoši.net,context,,,Muž,60+,Olomoucký kraj,1,0,0,0.0,0.0
2026-08-09,Kámoši.net,context,,,Muž,60+,Zlínský kraj,1,0,0,0.0,0.0
2026-08-09,Kámoši.net,context,,,Muž,60+,Moravskoslezský kraj,1,0,0,0.0,0.0
2026-08-09,Kámoši.net,context,Desktop,Windows,Žena,25 - 39,Hlavní město Praha,267,0,0,0.0,1.36
2026-08-09,Kámoši.net,context,Desktop,Windows,Žena,25 - 39,Středočeský kraj,161,0,0,0.0,0.82
2026-08-09,Kámoši.net,context,Desktop,Windows,Žena,25 - 39,Jihočeský kraj,1038,3,1,0.0,5.28
2026-08-09,Kámoši.net,context,Desktop,Windows,Žena,25 - 39,Plzeňský kraj,824,1,0,0.0,4.19
2026-08-09,Kámoši.net,context,Desktop,Windows,Žena,25 - 39,Karlovarský kraj,552,0,0,0.0,2.81
2026-08-09,Kámoši.net,context,Desktop,Windows,Žena,25 - 39,Ústecký kraj,669,3,0,0.0,3.4
2026-08-09,Kámoši.net,context,Desktop,Windows,Žena,25 - 39,Liberecký kraj,941,2,0,0.0,4.79
2026-08-09,Kámoši.net,context,Desktop,Windows,Žena,25 - 39,Královéhradecký kraj,418,1,0,0.0,2.13
2026-08-09,Kámoši.net,context,Desktop,Windows,Žena,25 - 39,Pardubický kraj,1666,0,0,0.0,8.47
2026-08-09,Kámoši.net,context,Desktop,Windows,Žena,25 - 39,Kraj Vysočina,662,0,0,0.0,3.37
2026-08-09,Kámoši.net,context,Desktop,Windows,Žena,25 - 39,Jihomoravský kraj,684,0,0,0.0,3.48
2026-08-09,Kámoši.net,context,Desktop,Windows,Žena,25 - 39,Olomoucký kraj,258,2,0,0.0,1.31
2026-08-09,Kámoši.net,context,Desktop,Windows,Žena,25 - 39,Zlínský kraj,1576,0,0,0.0,8.01
2026-08-09,Kámoši.net,context,Desktop,Windows,Žena,25 - 39,Moravskoslezský kraj,292,1,0,0.0,1.48
2026-08-09,Kámoši.net,context,SmartPhone,Android,Muž,40 - 59,Hlavní město Praha,61623,188,14,3890.62,776.31
2026-08-09,Kámoši.net,context,SmartPhone,Android,Muž,40 - 59,Středočeský kraj,36854,112,12,3334.82,464.28
2026-08-09,Kámoši.net,context,SmartPhone,Android,Muž,40 - 59,Jihočeský kraj,6773,23,1,277.9,85.32
2026-08-09,Kámoši.net,context,SmartPhone,Android,Muž,40 - 59,Plzeňský kraj,57114,175,16,4446.43,719.51
2026-08-09,Kámoši.net,context,SmartPhone,Android,Muž,40 - 59,Karlovarský kraj,23627,74,10,2779.02,297.65
2026-08-09,Kámoši.net,context,SmartPhone,Android,Muž,40 - 59,Ústecký kraj,82953,227,18,5002.23,1045.02
2026-08-09,Kámoši.net,context,SmartPhone,Android,Muž,40 - 59,Liberecký kraj,34296,97,8,2223.21,432.05
2026-08-09,Kámoši.net,context,SmartPhone,Android,Muž,40 - 59,Královéhradecký kraj,1675,7,0,0.0,21.1
2026-08-09,Kámoši.net,context,SmartPhone,Android,Muž,40 - 59,Pardubický kraj,28029,101,7,1945.31,353.1
2026-08-09,Kámoši.net,context,SmartPhone,Android,Muž,40 - 59,Kraj Vysočina,20641,61,5,1389.51,260.03
2026-08-09,Kámoši.net,context,SmartPhone,Android,Muž,40 - 59,Jihomoravský kraj,27123,80,7,1945.31,341.69
2026-08-09,Kámoši.net,context,SmartPhone,Android,Muž,40 - 59,Olomoucký kraj,7102,23,1,277.9,89.47
2026-08-09,Kámoši.net,context,SmartPhone,Android,Muž,40 - 59,Zlínský kraj,144005,399,46,12783.47,1814.13
2026-08-09,Kámoši.net,context,SmartPhone,Android,Muž,40 - 59,Moravskoslezský kraj,52622,148,17,4724.33,662.92
2026-08-09,Kámoši.net,context,Desktop,iOS,Žena,60+,Hlavní město Praha,1,0,0,0.0,0.0
2026-08-09,Kámoši.net,context,Desktop,iOS,Žena,60+,Středočeský kraj,1,0,0,0.0,0.0
2026-08-09,Kámoši.net,context,Desktop,iOS,Žena,60+,Jihočeský kraj,1,0,0,0.0,0.0
2026-08-09,Kámoši.net,context,Desktop,iOS,Žena,60+,Plzeňský kraj,1,0,0,0.0,0.0
2026-08-09,Kámoši.net,context,Desktop,iOS,Žena,60+,Karlovarský kraj,1,0,0,0.0,0.0
2026-08-09,Kámoši.net,context,Desktop,iOS,Žena,60+,Ústecký kraj,1,0,0,0.0,0.0
2026-08-09,Kámoši.net,context,Desktop,iOS,Žena,60+,Liberecký kraj,1,0,0,0.0,0.0
2026-08-09,Kámoši.net,context,Desktop,iOS,Žena,60+,Královéhradecký kraj,1,0,0,0.0,0.0
2026-08-09,Kámoši.net,context,Desktop,iOS,Žena,60+,Pardubický kraj,1,0,0,0.0,0.0
2026-08-09,Kámoši.net,context,Desktop,iOS,Žena,60+,Kraj Vysočina,1,0,0,0.0,0.0
2026-08-09,Kámoši.net,context,Desktop,iOS,Žena,60+,Jihomoravský kraj,1,0,0,0.0,0.0
2026-08-09,Kámoši.net,context,Desktop,iOS,Žena,60+,Olomoucký kraj,1,0,0,0.0,0.0
2026-08-09,Kámoši.net,context,Desktop,iOS,Žena,60+,Zlínský kraj,1,0,0,0.0,0.0
2026-08-09,Kámoši.net,context,Desktop,iOS,Žena,60+,Moravskoslezský kraj,1,0,0,0.0,0.0
2026-08-09,Kámoši.net,context,MediaHub,Android,Muž,40 - 59,Hlavní město Praha,3,0,0,0.0,0.0
2026-08-09,Kámoši.net,context,MediaHub,Android,Muž,40 - 59,Středočeský kraj,1,0,0,0.0,0.0
2026-08-09,Kámoši.net,context,MediaHub,Android,Muž,40 - 59,Jihočeský kraj,8,0,0,0.0,0.0
2026-08-09,Kámoši.net,context,MediaHub,Android,Muž,40 - 59,Plzeňský kraj,5,0,0,0.0,0.0
2026-08-09,Kámoši.net,context,MediaHub,Android,Muž,40 - 59,Karlovarský kraj,4,0,0,0.0,0.0
2026-08-09,Kámoši.net,context,MediaHub,Android,Muž,40 - 59,Ústecký kraj,2,0,0,0.0,0.0
2026-08-09,Kámoši.net,context,MediaHub,Android,Muž,40 - 59,Liberecký kraj,2,0,0,0.0,0.0
2026-08-09,Kámoši.net,context,MediaHub,Android,Muž,40 - 59,Královéhradecký kraj,7,0,0,0.0,0.0
2026-08-09,Kámoši.net,context,MediaHub,Android,Muž,40 - 59,Pardubický kraj,14,0,0,0.0,0.0
2026-08-09,Kámoši.net,context,MediaHub,Android,Muž,40 - 59,Kraj Vysočina,2,0,0,0.0,0.0
2026-08-09,Kámoši.net,context,MediaHub,Android,Muž,40 - 59,Jihomoravský kraj,5,0,0,0.0,0.0
2026-08-09,Kámoši.net,context,MediaHub,Android,Muž,40 - 59,Olomoucký kraj,2,0,0,0.0,0.0
2026-08-09,Kámoši.net,context,MediaHub,Android,Muž,40 - 59,Zlínský kraj,4,0,0,0.0,0.0
2026-08-09,Kámoši.net,context,MediaHub,Android,Muž,40 - 59,Moravskoslezský kraj,4,0,0,0.0,0.0
2026-08-09,Pozdní Zprávy,context,Desktop,Windows,Žena,25 - 39,Hlavní město Praha,5291,3,0,0.0,67.32
2026-08-09,Pozdní Zprávy,context,Desktop,Windows,Žena,25 - 39,Středočeský kraj,1617,6,0,0.0,20.57
2026-08-09,Pozdní Zprávy,context,Desktop,Windows,Žena,25 - 39,Jihočeský kraj,111,1,0,0.0,1.41
2026-08-09,Pozdní Zprávy,context,Desktop,Windows,Žena,25 - 39,Plzeňský kraj,12089,30,2,132.97,153.81
2026-08-09,Pozdní Zprávy,context,Desktop,Windows,Žena,25 - 39,Karlovarský kraj,146,0,0,0.0,1.86
2026-08-09,Pozdní Zprávy,context,Desktop,Windows,Žena,25 - 39,Ústecký kraj,8226,30,3,199.45,104.66
2026-08-09,Pozdní Zprávy,context,Desktop,Windows,Žena,25 - 39,Liberecký kraj,2609,2,0,0.0,33.19
2026-08-09,Pozdní Zprávy,context,Desktop,Windows,Žena,25 - 39,Královéhradecký kraj,8790,16,1,66.48,111.83
2026-08-09,Pozdní Zprávy,context,Desktop,Windows,Žena,25 - 39,Pardubický kraj,3712,9,1,66.48,47.23
2026-08-09,Pozdní Zprávy,context,Desktop,Windows,Žena,25 - 39,Kraj Vysočina,1387,2,1,66.48,17.65
2026-08-09,Pozdní Zprávy,context,Desktop,Windows,Žena,25 - 39,Jihomoravský kraj,3135,10,0,0.0,39.89
2026-08-09,Pozdní Zprávy,context,Desktop,Windows,Žena,25 - 39,Olomoucký kraj,4499,9,0,0.0,57.24
2026-08-09,Pozdní Zprávy,context,Desktop,Windows,Žena,25 - 39,Zlínský kraj,2354,6,0,0.0,29.95
2026-08-09,Pozdní Zprávy,context,Desktop,Windows,Žena,25 - 39,Moravskoslezský kraj,351,0,0,0.0,4.47
2026-08-09,Pozdní Zprávy,context,Desktop,ChromeOS,Žena,18 - 24,Hlavní město Praha,5,0,0,0.0,0.1
2026-08-09,Pozdní Zprávy,context,Desktop,ChromeOS,Žena,18 - 24,Středočeský kraj,2,0,0,0.0,0.04
2026-08-09,Pozdní Zprávy,context,Desktop,ChromeOS,Žena,18 - 24,Jihočeský kraj,3,0,0,0.0,0.06
2026-08-09,Pozdní Zprávy,context,Desktop,ChromeOS,Žena,18 - 24,Plzeňský kraj,7,0,0,0.0,0.14
2026-08-09,Pozdní Zprávy,context,Desktop,ChromeOS,Žena,18 - 24,Karlovarský kraj,4,0,0,0.0,0.08
2026-08-09,Pozdní Zprávy,context,Desktop,ChromeOS,Žena,18 - 24,Ústecký kraj,2,0,0,0.0,0.04
2026-08-09,Pozdní Zprávy,context,Desktop,ChromeOS,Žena,18 - 24,Liberecký kraj,13,0,0,0.0,0.26
2026-08-09,Pozdní Zprávy,context,Desktop,ChromeOS,Žena,18 - 24,Královéhradecký kraj,6,0,0,0.0,0.12
2026-08-09,Pozdní Zprávy,context,Desktop,ChromeOS,Žena,18 - 24,Pardubický kraj,15,0,0,0.0,0.3
2026-08-09,Pozdní Zprávy,context,Desktop,ChromeOS,Žena,18 - 24,Kraj Vysočina,15,0,0,0.0,0.3
2026-08-09,Pozdní Zprávy,context,Desktop,ChromeOS,Žena,18 - 24,Jihomoravský kraj,1,0,0,0.0,0.02
2026-08-09,Pozdní Zprávy,context,Desktop,ChromeOS,Žena,18 - 24,Olomoucký kraj,16,1,1,0.0,0.32
2026-08-09,Pozdní Zprávy,context,Desktop,ChromeOS,Žena,18 - 24,Zlínský kraj,8,0,0,0.0,0.16
2026-08-09,Pozdní Zprávy,context,Desktop,ChromeOS,Žena,18 - 24,Moravskoslezský kraj,7,0,0,0.0,0.14
2026-08-09,Pozdní Zprávy,context,SmartPhone,iOS,Žena,25 - 39,Hlavní město Praha,8149,15,3,156.89,62.15
2026-08-09,Pozdní Zprávy,context,SmartPhone,iOS,Žena,25 - 39,Středočeský kraj,22314,34,4,209.19,170.18
2026-08-09,Pozdní Zprávy,context,SmartPhone,iOS,Žena,25 - 39,Jihočeský kraj,12907,16,3,156.89,98.44
2026-08-09,Pozdní Zprávy,context,SmartPhone,iOS,Žena,25 - 39,Plzeňský kraj,18657,32,3,156.89,142.29
2026-08-09,Pozdní Zprávy,context,SmartPhone,iOS,Žena,25 - 39,Karlovarský kraj,23259,37,1,52.3,177.39
2026-08-09,Pozdní Zprávy,context,SmartPhone,iOS,Žena,25 - 39,Ústecký kraj,965,2,0,0.0,7.36
2026-08-09,Pozdní Zprávy,context,SmartPhone,iOS,Žena,25 - 39,Liberecký kraj,4495,5,0,0.0,34.28
2026-08-09,Pozdní Zprávy,context,SmartPhone,iOS,Žena,25 - 39,Královéhradecký kraj,31331,47,3,156.89,238.96
2026-08-09,Pozdní Zprávy,context,SmartPhone,iOS,Žena,25 - 39,Pardubický kraj,2429,4,0,0.0,18.53
2026-08-09,Pozdní Zprávy,context,SmartPhone,iOS,Žena,25 - 39,Kraj Vysočina,1547,4,0,0.0,11.8
2026-08-09,Pozdní Zprávy,context,SmartPhone,iOS,Žena,25 - 39,Jihomoravský kraj,13857,17,1,52.3,105.68
2026-08-09,Pozdní Zprávy,context,SmartPhone,iOS,Žena,25 - 39,Olomoucký kraj,10576,20,0,0.0,80.66
2026-08-09,Pozdní Zprávy,context,SmartPhone,iOS,Žena,25 - 39,Zlínský kraj,21521,37,2,104.6,164.14
2026-08-09,Pozdní Zprávy,context,SmartPhone,iOS,Žena,25 - 39,Moravskoslezský kraj,21727,33,4,209.19,165.71
2026-08-09,Pozdní Zprávy,context,Tablet,iPadOS,Muž,Neznámý,Hlavní město Praha,48,0,0,0.0,0.29
2026-08-09,Pozdní Zprávy,context,Tablet,iPadOS,Muž,Neznámý,Středočeský kraj,101,0,0,0.0,0.62
2026-08-09,Pozdní Zprávy,context,Tablet,iPadOS,Muž,Neznámý,Jihočeský kraj,102,0,0,0.0,0.62
2026-08-09,Pozdní Zprávy,context,Tablet,iPadOS,Muž,Neznámý,Plzeňský kraj,78,1,0,0.0,0.48
2026-08-09,Pozdní Zprávy,context,Tablet,iPadOS,Muž,Neznámý,Karlovarský kraj,21,0,0,0.0,0.13
2026-08-09,Pozdní Zprávy,context,Tablet,iPadOS,Muž,Neznámý,Ústecký kraj,118,0,0,0.0,0.72
2026-08-09,Pozdní Zprávy,context,Tablet,iPadOS,Muž,Neznámý,Liberecký kraj,14,0,0,0.0,0.09
2026-08-09,Pozdní Zprávy,context,Tablet,iPadOS,Muž,Neznámý,Královéhradecký kraj,167,1,0,0.0,1.02
2026-08-09,Pozdní Zprávy,context,Tablet,iPadOS,Muž,Neznámý,Pardubický kraj,400,0,0,0.0,2.45
2026-08-09,Pozdní Zprávy,context,Tablet,iPadOS,Muž,Neznámý,Kraj Vysočina,18,0,0,0.0,0.11
2026-08-09,Pozdní Zprávy,context,Tablet,iPadOS,Muž,Neznámý,Jihomoravský kraj,139,0,0,0.0,0.85
2026-08-09,Pozdní Zprávy,context,Tablet,iPadOS,Muž,Neznámý,Olomoucký kraj,318,0,0,0.0,1.95
2026-08-09,Pozdní Zprávy,context,Tablet,iPadOS,Muž,Neznámý,Zlínský kraj,1,0,0,0.0,0.01
2026-08-09,Pozdní Zprávy,context,Tablet,iPadOS,Muž,Neznámý,Moravskoslezský kraj,128,0,0,0.0,0.78
2026-08-09,Poštovna.cz,context,Tablet,Android,Žena,25 - 39,Hlavní město Praha,7,0,0,0.0,0.45
2026-08-09,Poštovna.cz,context,Tablet,Android,Žena,25 - 39,Středočeský kraj,63,0,0,0.0,4.06
2026-08-09,Poštovna.cz,context,Tablet,Android,Žena,25 - 39,Jihočeský kraj,67,0,0,0.0,4.32
2026-08-09,Poštovna.cz,context,Tablet,Android,Žena,25 - 39,Plzeňský kraj,10,0,0,0.0,0.64
2026-08-09,Poštovna.cz,context,Tablet,Android,Žena,25 - 39,Karlovarský kraj,138,0,0,0.0,8.89
2026-08-09,Poštovna.cz,context,Tablet,Android,Žena,25 - 39,Ústecký kraj,25,1,0,0.0,1.61
2026-08-09,Poštovna.cz,context,Tablet,Android,Žena,25 - 39,Liberecký kraj,5,0,0,0.0,0.32
2026-08-09,Poštovna.cz,context,Tablet,Android,Žena,25 - 39,Královéhradecký kraj,62,0,0,0.0,4.0
2026-08-09,Poštovna.cz,context,Tablet,Android,Žena,25 - 39,Pardubický kraj,12,0,0,0.0,0.77
2026-08-09,Poštovna.cz,context,Tablet,Android,Žena,25 - 39,Kraj Vysočina,1,0,0,0.0,0.06
2026-08-09,Poštovna.cz,context,Tablet,Android,Žena,25 - 39,Jihomoravský kraj,45,0,0,0.0,2.9
2026-08-09,Poštovna.cz,context,Tablet,Android,Žena,25 - 39,Olomoucký kraj,32,0,0,0.0,2.06
2026-08-09,Poštovna.cz,context,Tablet,Android,Žena,25 - 39,Zlínský kraj,9,0,0,0.0,0.58
2026-08-09,Poštovna.cz,context,Tablet,Android,Žena,25 - 39,Moravskoslezský kraj,32,0,0,0.0,2.06
2026-08-09,Poštovna.cz,context,SmartPhone,iOS,Neznámý,25 - 39,Hlavní město Praha,1,0,0,0.0,0.0
2026-08-09,Poštovna.cz,context,SmartPhone,iOS,Neznámý,25 - 39,Středočeský kraj,1,0,0,0.0,0.0
2026-08-09,Poštovna.cz,context,SmartPhone,iOS,Neznámý,25 - 39,Jihočeský kraj,1,0,0,0.0,0.0
2026-08-09,Poštovna.cz,context,SmartPhone,iOS,Neznámý,25 - 39,Plzeňský kraj,1,0,0,0.0,0.0
2026-08-09,Poštovna.cz,context,SmartPhone,iOS,Neznámý,25 - 39,Karlovarský kraj,1,0,0,0.0,0.0
2026-08-09,Poštovna.cz,context,SmartPhone,iOS,Neznámý,25 - 39,Ústecký kraj,1,0,0,0.0,0.0
2026-08-09,Poštovna.cz,context,SmartPhone,iOS,Neznámý,25 - 39,Liberecký kraj,1,0,0,0.0,0.0
2026-08-09,Poštovna.cz,context,SmartPhone,iOS,Neznámý,25 - 39,Královéhradecký kraj,1,0,0,0.0,0.0
2026-08-09,Poštovna.cz,context,SmartPhone,iOS,Neznámý,25 - 39,Pardubický kraj,1,0,0,0.0,0.0
2026-08-09,Poštovna.cz,context,SmartPhone,iOS,Neznámý,25 - 39,Kraj Vysočina,1,0,0,0.0,0.0
2026-08-09,Poštovna.cz,context,SmartPhone,iOS,Neznámý,25 - 39,Jihomoravský kraj,1,0,0,0.0,0.0
2026-08-09,Poštovna.cz,context,SmartPhone,iOS,Neznámý,25 - 39,Olomoucký kraj,1,0,0,0.0,0.0
2026-08-09,Poštovna.cz,context,SmartPhone,iOS,Neznámý,25 - 39,Zlínský kraj,1,0,0,0.0,0.0
2026-08-09,Poštovna.cz,context,SmartPhone,iOS,Neznámý,25 - 39,Moravskoslezský kraj,1,0,0,0.0,0.0
2026-08-09,ProTety.cz,context,Desktop,,Žena,40 - 59,Hlavní město Praha,760,3,0,0.0,17.7
2026-08-09,ProTety.cz,context,Desktop,,Žena,40 - 59,Středočeský kraj,5,0,0,0.0,0.12
2026-08-09,ProTety.cz,context,Desktop,,Žena,40 - 59,Jihočeský kraj,434,2,0,0.0,10.11
2026-08-09,ProTety.cz,context,Desktop,,Žena,40 - 59,Plzeňský kraj,823,3,0,0.0,19.16
2026-08-09,ProTety.cz,context,Desktop,,Žena,40 - 59,Karlovarský kraj,1273,6,0,0.0,29.64
2026-08-09,ProTety.cz,context,Desktop,,Žena,40 - 59,Ústecký kraj,419,1,0,0.0,9.76
2026-08-09,ProTety.cz,context,Desktop,,Žena,40 - 59,Liberecký kraj,22,0,0,0.0,0.51
2026-08-09,ProTety.cz,context,Desktop,,Žena,40 - 59,Královéhradecký kraj,802,1,0,0.0,18.67
2026-08-09,ProTety.cz,context,Desktop,,Žena,40 - 59,Pardubický kraj,554,2,0,0.0,12.9
2026-08-09,ProTety.cz,context,Desktop,,Žena,40 - 59,Kraj Vysočina,1238,3,0,0.0,28.82
2026-08-09,ProTety.cz,context,Desktop,,Žena,40 - 59,Jihomoravský kraj,385,0,0,0.0,8.96
2026-08-09,ProTety.cz,context,Desktop,,Žena,40 - 59,Olomoucký kraj,369,1,0,0.0,8.59
2026-08-09,ProTety.cz,context,Desktop,,Žena,40 - 59,Zlínský kraj,124,0,0,0.0,2.89
2026-08-09,ProTety.cz,context,Desktop,,Žena,40 - 59,Moravskoslezský kraj,339,0,0,0.0,7.89
2026-08-10,Aktualitky.cz,context,Tv,Tizen,Muž,40 - 59,Hlavní město Praha,4,0,0,0.0,0.28
2026-08-10,Aktualitky.cz,context,Tv,Tizen,Muž,40 - 59,Středočeský kraj,6,0,0,0.0,0.42
2026-08-10,Aktualitky.cz,context,Tv,Tizen,Muž,40 - 59,Jihočeský kraj,18,0,0,0.0,1.26
2026-08-10,Aktualitky.cz,context,Tv,Tizen,Muž,40 - 59,Plzeňský kraj,10,0,0,0.0,0.7
2026-08-10,Aktualitky.cz,context,Tv,Tizen,Muž,40 - 59,Karlovarský kraj,8,0,0,0.0,0.56
2026-08-10,Aktualitky.cz,context,Tv,Tizen,Muž,40 - 59,Ústecký kraj,44,0,0,0.0,3.08
2026-08-10,Aktualitky.cz,context,Tv,Tizen,Muž,40 - 59,Liberecký kraj,34,1,0,0.0,2.38
2026-08-10,Aktualitky.cz,context,Tv,Tizen,Muž,40 - 59,Královéhradecký kraj,11,0,0,0.0,0.77
2026-08-10,Aktualitky.cz,context,Tv,Tizen,Muž,40 - 59,Pardubický kraj,20,0,0,0.0,1.4
2026-08-10,Aktualitky.cz,context,Tv,Tizen,Muž,40 - 59,Kraj Vysočina,13,0,0,0.0,0.91
2026-08-10,Aktualitky.cz,context,Tv,Tizen,Muž,40 - 59,Jihomoravský kraj,10,0,0,0.0,0.7
2026-08-10,Aktualitky.cz,context,Tv,Tizen,Muž,40 - 59,Olomoucký kraj,12,0,0,0.0,0.84
2026-08-10,Aktualitky.cz,context,Tv,Tizen,Muž,40 - 59,Zlínský kraj,2,0,0,0.0,0.14
2026-08-10,Aktualitky.cz,context,Tv,Tizen,Muž,40 - 59,Moravskoslezský kraj,22,1,0,0.0,1.54
2026-08-10,Aktualitky.cz,context,SmartPhone,Android,Žena,Neznámý,Hlavní město Praha,1774,9,0,0.0,19.82
2026-08-10,Aktualitky.cz,context,SmartPhone,Android,Žena,Neznámý,Středočeský kraj,574,0,0,0.0,6.41
2026-08-10,Aktualitky.cz,context,SmartPhone,Android,Žena,Neznámý,Jihočeský kraj,31,0,0,0.0,0.35
2026-08-10,Aktualitky.cz,context,SmartPhone,Android,Žena,Neznámý,Plzeňský kraj,976,2,0,0.0,10.91
2026-08-10,Aktualitky.cz,context,SmartPhone,Android,Žena,Neznámý,Karlovarský kraj,457,2,0,0.0,5.11
2026-08-10,Aktualitky.cz,context,SmartPhone,Android,Žena,Neznámý,Ústecký kraj,3329,11,0,0.0,37.2
2026-08-10,Aktualitky.cz,context,SmartPhone,Android,Žena,Neznámý,Liberecký kraj,645,1,0,0.0,7.21
2026-08-10,Aktualitky.cz,context,SmartPhone,Android,Žena,Neznámý,Královéhradecký kraj,216,1,0,0.0,2.41
2026-08-10,Aktualitky.cz,context,SmartPhone,Android,Žena,Neznámý,Pardubický kraj,716,3,0,0.0,8.0
2026-08-10,Aktualitky.cz,context,SmartPhone,Android,Žena,Neznámý,Kraj Vysočina,3647,6,2,126.64,40.75
2026-08-10,Aktualitky.cz,context,SmartPhone,Android,Žena,Neznámý,Jihomoravský kraj,1175,2,0,0.0,13.13
2026-08-10,Aktualitky.cz,context,SmartPhone,Android,Žena,Neznámý,Olomoucký kraj,177,0,0,0.0,1.98
2026-08-10,Aktualitky.cz,context,SmartPhone,Android,Žena,Neznámý,Zlínský kraj,276,1,0,0.0,3.08
2026-08-10,Aktualitky.cz,context,SmartPhone,Android,Žena,Neznámý,Moravskoslezský kraj,2360,6,0,0.0,26.37
2026-08-10,Aktualitky.cz,context,Tablet,Android,Žena,60+,Hlavní město Praha,17304,63,6,5616.09,288.79
2026-08-10,Aktualitky.cz,context,Tablet,Android,Žena,60+,Středočeský kraj,3652,13,3,2808.04,60.95
2026-08-10,Aktualitky.cz,context,Tablet,Android,Žena,60+,Jihočeský kraj,9078,34,0,0.0,151.51
2026-08-10,Aktualitky.cz,context,Tablet,Android,Žena,60+,Plzeňský kraj,2986,14,0,0.0,49.83
2026-08-10,Aktualitky.cz,context,Tablet,Android,Žena,60+,Karlovarský kraj,1197,2,0,0.0,19.98
2026-08-10,Aktualitky.cz,context,Tablet,Android,Žena,60+,Ústecký kraj,138,0,0,0.0,2.3
2026-08-10,Aktualitky.cz,context,Tablet,Android,Žena,60+,Liberecký kraj,6870,29,4,3744.06,114.66
2026-08-10,Aktualitky.cz,context,Tablet,Android,Žena,60+,Královéhradecký kraj,4265,15,0,0.0,71.18
2026-08-10,Aktualitky.cz,context,Tablet,Android,Žena,60+,Pardubický kraj,16576,56,3,2808.04,276.64
2026-08-10,Aktualitky.cz,context,Tablet,Android,Žena,60+,Kraj Vysočina,1122,5,0,0.0,18.73
2026-08-10,Aktualitky.cz,context,Tablet,Android,Žena,60+,Jihomoravský kraj,20388,82,6,5616.09,340.26
2026-08-10,Aktualitky.cz,context,Tablet,Android,Žena,60+,Olomoucký kraj,5196,17,0,0.0,86.72
2026-08-10,Aktualitky.cz,context,Tablet,Android,Žena,60+,Zlínský kraj,943,3,0,0.0,15.74
2026-08-10,Aktualitky.cz,context,Tablet,Android,Žena,60+,Moravskoslezský kraj,13654,51,6,5616.09,227.88
2026-08-10,Aktualitky.cz,context,SmallScreen,Android,Muž,Neznámý,Hlavní město Praha,7,0,0,0.0,0.0
2026-08-10,Aktualitky.cz,context,SmallScreen,Android,Muž,Neznámý,Středočeský kraj,3,0,0,0.0,0.0
2026-08-10,Aktualitky.cz,context,SmallScreen,Android,Muž,Neznámý,Jihočeský kraj,1,0,0,0.0,0.0
2026-08-10,Aktualitky.cz,context,SmallScreen,Android,Muž,Neznámý,Plzeňský kraj,1,0,0,0.0,0.0
2026-08-10,Aktualitky.cz,context,SmallScreen,Android,Muž,Neznámý,Karlovarský kraj,6,0,0,0.0,0.0
2026-08-10,Aktualitky.cz,context,SmallScreen,Android,Muž,Neznámý,Ústecký kraj,6,0,0,0.0,0.0
2026-08-10,Aktualitky.cz,context,SmallScreen,Android,Muž,Neznámý,Liberecký kraj,1,0,0,0.0,0.0
2026-08-10,Aktualitky.cz,context,SmallScreen,Android,Muž,Neznámý,Královéhradecký kraj,1,0,0,0.0,0.0
2026-08-10,Aktualitky.cz,context,SmallScreen,Android,Muž,Neznámý,Pardubický kraj,1,0,0,0.0,0.0
2026-08-10,Aktualitky.cz,context,SmallScreen,Android,Muž,Neznámý,Kraj Vysočina,3,0,0,0.0,0.0
2026-08-10,Aktualitky.cz,context,SmallScreen,Android,Muž,Neznámý,Jihomoravský kraj,1,0,0,0.0,0.0
2026-08-10,Aktualitky.cz,context,SmallScreen,Android,Muž,Neznámý,Olomoucký kraj,3,0,0,0.0,0.0
2026-08-10,Aktualitky.cz,context,SmallScreen,Android,Muž,Neznámý,Zlínský kraj,4,0,0,0.0,0.0
2026-08-10,Aktualitky.cz,context,SmallScreen,Android,Muž,Neznámý,Moravskoslezský kraj,1,0,0,0.0,0.0
2026-08-10,Aktualitky.cz,context,Desktop,,Muž,25 - 39,Hlavní město Praha,195,0,0,0.0,8.49
2026-08-10,Aktualitky.cz,context,Desktop,,Muž,25 - 39,Středočeský kraj,1481,2,1,0.0,64.48
2026-08-10,Aktualitky.cz,context,Desktop,,Muž,25 - 39,Jihočeský kraj,1345,1,1,0.0,58.56
2026-08-10,Aktualitky.cz,context,Desktop,,Muž,25 - 39,Plzeňský kraj,593,1,0,0.0,25.82
2026-08-10,Aktualitky.cz,context,Desktop,,Muž,25 - 39,Karlovarský kraj,2363,2,0,0.0,102.88
2026-08-10,Aktualitky.cz,context,Desktop,,Muž,25 - 39,Ústecký kraj,804,1,0,0.0,35.0
2026-08-10,Aktualitky.cz,context,Desktop,,Muž,25 - 39,Liberecký kraj,386,0,0,0.0,16.8
2026-08-10,Aktualitky.cz,context,Desktop,,Muž,25 - 39,Královéhradecký kraj,151,0,0,0.0,6.57
2026-08-10,Aktualitky.cz,context,Desktop,,Muž,25 - 39,Pardubický kraj,1081,0,0,0.0,47.06
2026-08-10,Aktualitky.cz,context,Desktop,,Muž,25 - 39,Kraj Vysočina,837,2,1,0.0,36.44
2026-08-10,Aktualitky.cz,context,Desktop,,Muž,25 - 39,Jihomoravský kraj,376,1,0,0.0,16.37
2026-08-10,Aktualitky.cz,context,Desktop,,Muž,25 - 39,Olomoucký kraj,847,1,0,0.0,36.87
2026-08-10,Aktualitky.cz,context,Desktop,,Muž,25 - 39,Zlínský kraj,615,1,0,0.0,26.77
2026-08-10,Aktualitky.cz,context,Desktop,,Muž,25 - 39,Moravskoslezský kraj,624,0,0,0.0,27.17
2026-08-10,Baráky.cz,context,Tablet,Android,Muž,Neznámý,Hlavní město Praha,80,0,0,0.0,0.01
2026-08-10,Baráky.cz,context,Tablet,Android,Muž,Neznámý,Středočeský kraj,36,0,0,0.0,0.0
2026-08-10,Baráky.cz,context,Tablet,Android,Muž,Neznámý,Jihočeský kraj,158,0,0,0.0,0.02
2026-08-10,Baráky.cz,context,Tablet,Android,Muž,Neznámý,Plzeňský kraj,44,0,0,0.0,0.01
2026-08-10,Baráky.cz,context,Tablet,Android,Muž,Neznámý,Karlovarský kraj,121,0,0,0.0,0.02
2026-08-10,Baráky.cz,context,Tablet,Android,Muž,Neznámý,Ústecký kraj,3,0,0,0.0,0.0
2026-08-10,Baráky.cz,context,Tablet,Android,Muž,Neznámý,Liberecký kraj,6,0,0,0.0,0.0
2026-08-10,Baráky.cz,context,Tablet,Android,Muž,Neznámý,Královéhradecký kraj,27,0,0,0.0,0.0
2026-08-10,Baráky.cz,context,Tablet,Android,Muž,Neznámý,Pardubický kraj,28,0,0,0.0,0.0
2026-08-10,Baráky.cz,context,Tablet,Android,Muž,Neznámý,Kraj Vysočina,28,0,0,0.0,0.0
2026-08-10,Baráky.cz,context,Tablet,Android,Muž,Neznámý,Jihomoravský kraj,41,0,0,0.0,0.01
2026-08-10,Baráky.cz,context,Tablet,Android,Muž,Neznámý,Olomoucký kraj,50,0,0,0.0,0.01
2026-08-10,Baráky.cz,context,Tablet,Android,Muž,Neznámý,Zlínský kraj,11,0,0,0.0,0.0
2026-08-10,Baráky.cz,context,Tablet,Android,Muž,Neznámý,Moravskoslezský kraj,1,0,0,0.0,0.0
2026-08-10,Baráky.cz,context,Desktop,,Muž,40 - 59,Hlavní město Praha,107,0,0,0.0,0.43
2026-08-10,Baráky.cz,context,Desktop,,Muž,40 - 59,Středočeský kraj,615,0,0,0.0,2.5
2026-08-10,Baráky.cz,context,Desktop,,Muž,40 - 59,Jihočeský kraj,511,0,0,0.0,2.07
2026-08-10,Baráky.cz,context,Desktop,,Muž,40 - 59,Plzeňský kraj,85,0,0,0.0,0.35
2026-08-10,Baráky.cz,context,Desktop,,Muž,40 - 59,Karlovarský kraj,33,0,0,0.0,0.13
2026-08-10,Baráky.cz,context,Desktop,,Muž,40 - 59,Ústecký kraj,243,0,0,0.0,0.99
2026-08-10,Baráky.cz,context,Desktop,,Muž,40 - 59,Liberecký kraj,506,0,0,0.0,2.05
2026-08-10,Baráky.cz,context,Desktop,,Muž,40 - 59,Královéhradecký kraj,816,1,0,0.0,3.31
2026-08-10,Baráky.cz,context,Desktop,,Muž,40 - 59,Pardubický kraj,390,0,0,0.0,1.58
2026-08-10,Baráky.cz,context,Desktop,,Muž,40 - 59,Kraj Vysočina,1106,2,0,0.0,4.49
2026-08-10,Baráky.cz,context,Desktop,,Muž,40 - 59,Jihomoravský kraj,2320,1,0,0.0,9.42
2026-08-10,Baráky.cz,context,Desktop,,Muž,40 - 59,Olomoucký kraj,967,2,0,0.0,3.93
2026-08-10,Baráky.cz,context,Desktop,,Muž,40 - 59,Zlínský kraj,1072,1,0,0.0,4.35
2026-08-10,Baráky.cz,context,Desktop,,Muž,40 - 59,Moravskoslezský kraj,3900,3,0,0.0,15.83
2026-08-10,Baráky.cz,context,Desktop,,Neznámý,40 - 59,Hlavní město Praha,1,0,0,0.0,0.0
2026-08-10,Baráky.cz,context,Desktop,,Neznámý,40 - 59,Středočeský kraj,1,0,0,0.0,0.0
2026-08-10,Baráky.cz,context,Desktop,,Neznámý,40 - 59,Jihočeský kraj,1,0,0,0.0,0.0
2026-08-10,Baráky.cz,context,Desktop,,Neznámý,40 - 59,Plzeňský kraj,1,0,0,0.0,0.0
2026-08-10,Baráky.cz,context,Desktop,,Neznámý,40 - 59,Karlovarský kraj,1,0,0,0.0,0.0
2026-08-10,Baráky.cz,context,Desktop,,Neznámý,40 - 59,Ústecký kraj,1,0,0,0.0,0.0
2026-08-10,Baráky.cz,context,Desktop,,Neznámý,40 - 59,Liberecký kraj,1,0,0,0.0,0.0
2026-08-10,Baráky.cz,context,Desktop,,Neznámý,40 - 59,Královéhradecký kraj,1,0,0,0.0,0.0
2026-08-10,Baráky.cz,context,Desktop,,Neznámý,40 - 59,Pardubický kraj,1,0,0,0.0,0.0
2026-08-10,Baráky.cz,context,Desktop,,Neznámý,40 - 59,Kraj Vysočina,1,0,0,0.0,0.0
2026-08-10,Baráky.cz,context,Desktop,,Neznámý,40 - 59,Jihomoravský kraj,1,0,0,0.0,0.0
2026-08-10,Baráky.cz,context,Desktop,,Neznámý,40 - 59,Olomoucký kraj,1,0,0,0.0,0.0
2026-08-10,Baráky.cz,context,Desktop,,Neznámý,40 - 59,Zlínský kraj,1,0,0,0.0,0.0
2026-08-10,Baráky.cz,context,Desktop,,Neznámý,40 - 59,Moravskoslezský kraj,1,0,0,0.0,0.0
2026-08-10,Baráky.cz,context,SmartPhone,iOS,Žena,60+,Hlavní město Praha,1343,20,0,0.0,70.07
2026-08-10,Baráky.cz,context,SmartPhone,iOS,Žena,60+,Středočeský kraj,646,9,0,0.0,33.71
2026-08-10,Baráky.cz,context,SmartPhone,iOS,Žena,60+,Jihočeský kraj,1476,23,1,46.77,77.01
2026-08-10,Baráky.cz,context,SmartPhone,iOS,Žena,60+,Plzeňský kraj,1497,12,0,0.0,78.11
2026-08-10,Baráky.cz,context,SmartPhone,iOS,Žena,60+,Karlovarský kraj,723,14,0,0.0,37.72
2026-08-10,Baráky.cz,context,SmartPhone,iOS,Žena,60+,Ústecký kraj,212,3,0,0.0,11.06
2026-08-10,Baráky.cz,context,SmartPhone,iOS,Žena,60+,Liberecký kraj,3661,50,0,0.0,191.01
2026-08-10,Baráky.cz,context,SmartPhone,iOS,Žena,60+,Královéhradecký kraj,3698,43,2,93.55,192.94
2026-08-10,Baráky.cz,context,SmartPhone,iOS,Žena,60+,Pardubický kraj,148,1,0,0.0,7.72
2026-08-10,Baráky.cz,context,SmartPhone,iOS,Žena,60+,Kraj Vysočina,761,13,0,0.0,39.71
2026-08-10,Baráky.cz,context,SmartPhone,iOS,Žena,60+,Jihomoravský kraj,134,3,0,0.0,6.99
2026-08-10,Baráky.cz,context,SmartPhone,iOS,Žena,60+,Olomoucký kraj,2538,30,1,46.77,132.42
2026-08-10,Baráky.cz,context,SmartPhone,iOS,Žena,60+,Zlínský kraj,103,0,0,0.0,5.37
2026-08-10,Baráky.cz,context,SmartPhone,iOS,Žena,60+,Moravskoslezský kraj,870,8,0,0.0,45.39
2026-08-10,Baráky.cz,context,Tv,Tizen,Muž,60+,Hlavní město Praha,9,0,0,0.0,0.0
2026-08-10,Baráky.cz,context,Tv,Tizen,Muž,60+,Středočeský kraj,4,0,0,0.0,0.0
2026-08-10,Baráky.cz,context,Tv,Tizen,Muž,60+,Jihočeský kraj,15,0,0,0.0,0.0
2026-08-10,Baráky.cz,context,Tv,Tizen,Muž,60+,Plzeňský kraj,3,0,0,0.0,0.0
2026-08-10,Baráky.cz,context,Tv,Tizen,Muž,60+,Karlovarský kraj,2,0,0,0.0,0.0
2026-08-10,Baráky.cz,context,Tv,Tizen,Muž,60+,Ústecký kraj,5,0,0,0.0,0.0
2026-08-10,Baráky.cz,context,Tv,Tizen,Muž,60+,Liberecký kraj,4,0,0,0.0,0.0
2026-08-10,Baráky.cz,context,Tv,Tizen,Muž,60+,Královéhradecký kraj,6,0,0,0.0,0.0
2026-08-10,Baráky.cz,context,Tv,Tizen,Muž,60+,Pardubický kraj,3,0,0,0.0,0.0
2026-08-10,Baráky.cz,context,Tv,Tizen,Muž,60+,Kraj Vysočina,13,0,0,0.0,0.0
2026-08-10,Baráky.cz,context,Tv,Tizen,Muž,60+,Jihomoravský kraj,23,0,0,0.0,0.0
2026-08-10,Baráky.cz,context,Tv,Tizen,Muž,60+,Olomoucký kraj,1,0,0,0.0,0.0
2026-08-10,Baráky.cz,context,Tv,Tizen,Muž,60+,Zlínský kraj,9,0,0,0.0,0.0
2026-08-10,Baráky.cz,context,Tv,Tizen,Muž,60+,Moravskoslezský kraj,21,0,0,0.0,0.0
2026-08-10,Drbárna.cz,context,SmartPhone,iOS,Neznámý,60+,Hlavní město Praha,2,0,0,0.0,0.0
2026-08-10,Drbárna.cz,context,SmartPhone,iOS,Neznámý,60+,Středočeský kraj,4,0,0,0.0,0.0
2026-08-10,Drbárna.cz,context,SmartPhone,iOS,Neznámý,60+,Jihočeský kraj,4,0,0,0.0,0.0
2026-08-10,Drbárna.cz,context,SmartPhone,iOS,Neznámý,60+,Plzeňský kraj,8,0,0,0.0,0.0
2026-08-10,Drbárna.cz,context,SmartPhone,iOS,Neznámý,60+,Karlovarský kraj,8,0,0,0.0,0.0
2026-08-10,Drbárna.cz,context,SmartPhone,iOS,Neznámý,60+,Ústecký kraj,2,0,0,0.0,0.0
2026-08-10,Drbárna.cz,context,SmartPhone,iOS,Neznámý,60+,Liberecký kraj,5,0,0,0.0,0.0
2026-08-10,Drbárna.cz,context,SmartPhone,iOS,Neznámý,60+,Královéhradecký kraj,1,0,0,0.0,0.0
2026-08-10,Drbárna.cz,context,SmartPhone,iOS,Neznámý,60+,Pardubický kraj,26,0,0,0.0,0.0
2026-08-10,Drbárna.cz,context,SmartPhone,iOS,Neznámý,60+,Kraj Vysočina,40,0,0,0.0,0.0
2026-08-10,Drbárna.cz,context,SmartPhone,iOS,Neznámý,60+,Jihomoravský kraj,5,0,0,0.0,0.0
2026-08-10,Drbárna.cz,context,SmartPhone,iOS,Neznámý,60+,Olomoucký kraj,14,0,0,0.0,0.0
2026-08-10,Drbárna.cz,context,SmartPhone,iOS,Neznámý,60+,Zlínský kraj,6,0,0,0.0,0.0
2026-08-10,Drbárna.cz,context,SmartPhone,iOS,Neznámý,60+,Moravskoslezský kraj,4,0,0,0.0,0.0
2026-08-10,Drbárna.cz,context,SmallScreen,Android,Žena,60+,Hlavní město Praha,1,0,0,0.0,0.0
2026-08-10,Drbárna.cz,context,SmallScreen,Android,Žena,60+,Středočeský kraj,9,0,0,0.0,0.01
2026-08-10,Drbárna.cz,context,SmallScreen,Android,Žena,60+,Jihočeský kraj,6,0,0,0.0,0.01
2026-08-10,Drbárna.cz,context,SmallScreen,Android,Žena,60+,Plzeňský kraj,1,0,0,0.0,0.0
2026-08-10,Drbárna.cz,context,SmallScreen,Android,Žena,60+,Karlovarský kraj,9,0,0,0.0,0.01
2026-08-10,Drbárna.cz,context,SmallScreen,Android,Žena,60+,Ústecký kraj,1,0,0,0.0,0.0
2026-08-10,Drbárna.cz,context,SmallScreen,Android,Žena,60+,Liberecký kraj,2,0,0,0.0,0.0
2026-08-10,Drbárna.cz,context,SmallScreen,Android,Žena,60+,Královéhradecký kraj,9,0,0,0.0,0.01
2026-08-10,Drbárna.cz,context,SmallScreen,Android,Žena,60+,Pardubický kraj,3,0,0,0.0,0.0
2026-08-10,Drbárna.cz,context,SmallScreen,Android,Žena,60+,Kraj Vysočina,20,0,0,0.0,0.02
2026-08-10,Drbárna.cz,context,SmallScreen,Android,Žena,60+,Jihomoravský kraj,8,0,0,0.0,0.01
2026-08-10,Drbárna.cz,context,SmallScreen,Android,Žena,60+,Olomoucký kraj,11,0,0,0.0,0.01
2026-08-10,Drbárna.cz,context,SmallScreen,Android,Žena,60+,Zlínský kraj,1,0,0,0.0,0.0
2026-08-10,Drbárna.cz,context,SmallScreen,Android,Žena,60+,Moravskoslezský kraj,3,0,0,0.0,0.0
2026-08-10,Kliknito.cz,context,Desktop,,Žena,Neznámý,Hlavní město Praha,717,3,0,0.0,27.72
2026-08-10,Kliknito.cz,context,Desktop,,Žena,Neznámý,Středočeský kraj,286,1,0,0.0,11.06
2026-08-10,Kliknito.cz,context,Desktop,,Žena,Neznámý,Jihočeský kraj,330,1,0,0.0,12.76
2026-08-10,Kliknito.cz,context,Desktop,,Žena,Neznámý,Plzeňský kraj,500,0,0,0.0,19.33
2026-08-10,Kliknito.cz,context,Desktop,,Žena,Neznámý,Karlovarský kraj,952,4,0,0.0,36.8
2026-08-10,Kliknito.cz,context,Desktop,,Žena,Neznámý,Ústecký kraj,407,2,0,0.0,15.73
2026-08-10,Kliknito.cz,context,Desktop,,Žena,Neznámý,Liberecký kraj,195,1,0,0.0,7.54
2026-08-10,Kliknito.cz,context,Desktop,,Žena,Neznámý,Královéhradecký kraj,241,1,0,0.0,9.32
2026-08-10,Kliknito.cz,context,Desktop,,Žena,Neznámý,Pardubický kraj,357,3,0,0.0,13.8
2026-08-10,Kliknito.cz,context,Desktop,,Žena,Neznámý,Kraj Vysočina,315,1,0,0.0,12.18
2026-08-10,Kliknito.cz,context,Desktop,,Žena,Neznámý,Jihomoravský kraj,243,3,0,0.0,9.39
2026-08-10,Kliknito.cz,context,Desktop,,Žena,Neznámý,Olomoucký kraj,333,2,0,0.0,12.87
2026-08-10,Kliknito.cz,context,Desktop,,Žena,Neznámý,Zlínský kraj,172,0,0,0.0,6.65
2026-08-10,Kliknito.cz,context,Desktop,,Žena,Neznámý,Moravskoslezský kraj,370,3,0,0.0,14.3
2026-08-10,Kliknito.cz,context,Tv,Tizen,Žena,40 - 59,Hlavní město Praha,5,0,0,0.0,0.24
2026-08-10,Kliknito.cz,context,Tv,Tizen,Žena,40 - 59,Středočeský kraj,37,1,0,0.0,1.77
2026-08-10,Kliknito.cz,context,Tv,Tizen,Žena,40 - 59,Jihočeský kraj,14,0,0,0.0,0.67
2026-08-10,Kliknito.cz,context,Tv,Tizen,Žena,40 - 59,Plzeňský kraj,18,0,0,0.0,0.86
2026-08-10,Kliknito.cz,context,Tv,Tizen,Žena,40 - 59,Karlovarský kraj,3,0,0,0.0,0.14
2026-08-10,Kliknito.cz,context,Tv,Tizen,Žena,40 - 59,Ústecký kraj,24,0,0,0.0,1.15
2026-08-10,Kliknito.cz,context,Tv,Tizen,Žena,40 - 59,Liberecký kraj,31,0,0,0.0,1.49
2026-08-10,Kliknito.cz,context,Tv,Tizen,Žena,40 - 59,Královéhradecký kraj,11,1,1,0.0,0.53
2026-08-10,Kliknito.cz,context,Tv,Tizen,Žena,40 - 59,Pardubický kraj,5,0,0,0.0,0.24
2026-08-10,Kliknito.cz,context,Tv,Tizen,Žena,40 - 59,Kraj Vysočina,24,0,0,0.0,1.15
2026-08-10,Kliknito.cz,context,Tv,Tizen,Žena,40 - 59,Jihomoravský kraj,4,0,0,0.0,0.19
2026-08-10,Kliknito.cz,context,Tv,Tizen,Žena,40 - 59,Olomoucký kraj,43,0,0,0.0,2.06
2026-08-10,Kliknito.cz,context,Tv,Tizen,Žena,40 - 59,Zlínský kraj,25,0,0,0.0,1.2
2026-08-10,Kliknito.cz,context,Tv,Tizen,Žena,40 - 59,Moravskoslezský kraj,26,0,0,0.0,1.25
2026-08-10,Kopačka.cz,context,EReader,Android,Žena,60+,Hlavní město Praha,1,0,0,0.0,0.0
2026-08-10,Kopačka.cz,context,EReader,Android,Žena,60+,Středočeský kraj,1,0,0,0.0,0.0
2026-08-10,Kopačka.cz,context,EReader,Android,Žena,60+,Jihočeský kraj,1,0,0,0.0,0.0
2026-08-10,Kopačka.cz,context,EReader,Android,Žena,60+,Plzeňský kraj,1,0,0,0.0,0.0
2026-08-10,Kopačka.cz,context,EReader,Android,Žena,60+,Karlovarský kraj,1,0,0,0.0,0.0
2026-08-10,Kopačka.cz,context,EReader,Android,Žena,60+,Ústecký kraj,1,0,0,0.0,0.0
2026-08-10,Kopačka.cz,context,EReader,Android,Žena,60+,Liberecký kraj,1,0,0,0.0,0.0
2026-08-10,Kopačka.cz,context,EReader,Android,Žena,60+,Královéhradecký kraj,1,0,0,0.0,0.0
2026-08-10,Kopačka.cz,context,EReader,Android,Žena,60+,Pardubický kraj,1,0,0,0.0,0.0
2026-08-10,Kopačka.cz,context,EReader,Android,Žena,60+,Kraj Vysočina,1,0,0,0.0,0.0
2026-08-10,Kopačka.cz,context,EReader,Android,Žena,60+,Jihomoravský kraj,1,0,0,0.0,0.0
2026-08-10,Kopačka.cz,context,EReader,Android,Žena,60+,Olomoucký kraj,1,0,0,0.0,0.0
2026-08-10,Kopačka.cz,context,EReader,Android,Žena,60+,Zlínský kraj,1,0,0,0.0,0.0
2026-08-10,Kopačka.cz,context,EReader,Android,Žena,60+,Moravskoslezský kraj,1,0,0,0.0,0.0
2026-08-10,Kámoši.net,context,SmartPhone,Android,Muž,60+,Hlavní město Praha,29481,161,12,14505.11,595.77
2026-08-10,Kámoši.net,context,SmartPhone,Android,Muž,60+,Středočeský kraj,34207,200,7,8461.31,691.28
2026-08-10,Kámoši.net,context,SmartPhone,Android,Muž,60+,Jihočeský kraj,70713,354,14,16922.63,1429.02
2026-08-10,Kámoši.net,context,SmartPhone,Android,Muž,60+,Plzeňský kraj,32267,175,13,15713.87,652.07
2026-08-10,Kámoši.net,context,SmartPhone,Android,Muž,60+,Karlovarský kraj,8038,35,1,1208.76,162.44
2026-08-10,Kámoši.net,context,SmartPhone,Android,Muž,60+,Ústecký kraj,62045,319,22,26592.7,1253.85
2026-08-10,Kámoši.net,context,SmartPhone,Android,Muž,60+,Liberecký kraj,21601,97,8,9670.07,436.53
2026-08-10,Kámoši.net,context,SmartPhone,Android,Muž,60+,Královéhradecký kraj,21349,127,9,10878.83,431.44
2026-08-10,Kámoši.net,context,SmartPhone,Android,Muž,60+,Pardubický kraj,39080,232,23,27801.46,789.76
2026-08-10,Kámoši.net,context,SmartPhone,Android,Muž,60+,Kraj Vysočina,16623,86,5,6043.8,335.93
2026-08-10,Kámoši.net,context,SmartPhone,Android,Muž,60+,Jihomoravský kraj,42467,232,9,10878.83,858.2
2026-08-10,Kámoši.net,context,SmartPhone,Android,Muž,60+,Olomoucký kraj,40166,192,5,6043.8,811.7
2026-08-10,Kámoši.net,context,SmartPhone,Android,Muž,60+,Zlínský kraj,63840,314,14,16922.63,1290.12
2026-08-10,Kámoši.net,context,SmartPhone,Android,Muž,60+,Moravskoslezský kraj,28833,139,3,3626.28,582.68
2026-08-10,Kámoši.net,context,Tablet,iPadOS,Muž,25 - 39,Hlavní město Praha,10,0,0,0.0,0.0
2026-08-10,Kámoši.net,context,Tablet,iPadOS,Muž,25 - 39,Středočeský kraj,37,0,0,0.0,0.0
2026-08-10,Kámoši.net,context,Tablet,iPadOS,Muž,25 - 39,Jihočeský kraj,8,0,0,0.0,0.0
2026-08-10,Kámoši.net,context,Tablet,iPadOS,Muž,25 - 39,Plzeňský kraj,23,0,0,0.0,0.0
2026-08-10,Kámoši.net,context,Tablet,iPadOS,Muž,25 - 39,Karlovarský kraj,28,0,0,0.0,0.0
2026-08-10,Kámoši.net,context,Tablet,iPadOS,Muž,25 - 39,Ústecký kraj,33,0,0,0.0,0.0
2026-08-10,Kámoši.net,context,Tablet,iPadOS,Muž,25 - 39,Liberecký kraj,2,0,0,0.0,0.0
2026-08-10,Kámoši.net,context,Tablet,iPadOS,Muž,25 - 39,Královéhradecký kraj,4,0,0,0.0,0.0
2026-08-10,Kámoši.net,context,Tablet,iPadOS,Muž,25 - 39,Pardubický kraj,80,0,0,0.0,0.01
2026-08-10,Kámoši.net,context,Tablet,iPadOS,Muž,25 - 39,Kraj Vysočina,33,0,0,0.0,0.0
2026-08-10,Kámoši.net,context,Tablet,iPadOS,Muž,25 - 39,Jihomoravský kraj,2,0,0,0.0,0.0
2026-08-10,Kámoši.net,context,Tablet,iPadOS,Muž,25 - 39,Olomoucký kraj,40,0,0,0.0,0.0
2026-08-10,Kámoši.net,context,Tablet,iPadOS,Muž,25 - 39,Zlínský kraj,75,0,0,0.0,0.01
2026-08-10,Kámoši.net,context,Tablet,iPadOS,Muž,25 - 39,Moravskoslezský kraj,8,0,0,0.0,0.0
2026-08-10,Kámoši.net,context,SmartPhone,iOS,Neznámý,40 - 59,Hlavní město Praha,3,0,0,0.0,0.0
2026-08-10,Kámoši.net,context,SmartPhone,iOS,Neznámý,40 - 59,Středočeský kraj,1,0,0,0.0,0.0
2026-08-10,Kámoši.net,context,SmartPhone,iOS,Neznámý,40 - 59,Jihočeský kraj,1,0,0,0.0,0.0
2026-08-10,Kámoši.net,context,SmartPhone,iOS,Neznámý,40 - 59,Plzeňský kraj,3,0,0,0.0,0.0
2026-08-10,Kámoši.net,context,SmartPhone,iOS,Neznámý,40 - 59,Karlovarský kraj,1,0,0,0.0,0.0
2026-08-10,Kámoši.net,context,SmartPhone,iOS,Neznámý,40 - 59,Ústecký kraj,1,0,0,0.0,0.0
2026-08-10,Kámoši.net,context,SmartPhone,iOS,Neznámý,40 - 59,Liberecký kraj,6,0,0,0.0,0.0
2026-08-10,Kámoši.net,context,SmartPhone,iOS,Neznámý,40 - 59,Královéhradecký kraj,4,0,0,0.0,0.0
2026-08-10,Kámoši.net,context,SmartPhone,iOS,Neznámý,40 - 59,Pardubický kraj,4,0,0,0.0,0.0
2026-08-10,Kámoši.net,context,SmartPhone,iOS,Neznámý,40 - 59,Kraj Vysočina,3,0,0,0.0,0.0
2026-08-10,Kámoši.net,context,SmartPhone,iOS,Neznámý,40 - 59,Jihomoravský kraj,1,0,0,0.0,0.0
2026-08-10,Kámoši.net,context,SmartPhone,iOS,Neznámý,40 - 59,Olomoucký kraj,3,0,0,0.0,0.0
2026-08-10,Kámoši.net,context,SmartPhone,iOS,Neznámý,40 - 59,Zlínský kraj,1,0,0,0.0,0.0
2026-08-10,Kámoši.net,context,SmartPhone,iOS,Neznámý,40 - 59,Moravskoslezský kraj,5,0,0,0.0,0.0
2026-08-10,Pozdní Zprávy,context,Desktop,Android,Muž,Neznámý,Hlavní město Praha,6,0,0,0.0,0.0
2026-08-10,Pozdní Zprávy,context,Desktop,Android,Muž,Neznámý,Středočeský kraj,5,0,0,0.0,0.0
2026-08-10,Pozdní Zprávy,context,Desktop,Android,Muž,Neznámý,Jihočeský kraj,1,0,0,0.0,0.0
2026-08-10,Pozdní Zprávy,context,Desktop,Android,Muž,Neznámý,Plzeňský kraj,7,0,0,0.0,0.01
2026-08-10,Pozdní Zprávy,context,Desktop,Android,Muž,Neznámý,Karlovarský kraj,5,0,0,0.0,0.0
2026-08-10,Pozdní Zprávy,context,Desktop,Android,Muž,Neznámý,Ústecký kraj,13,0,0,0.0,0.01
2026-08-10,Pozdní Zprávy,context,Desktop,Android,Muž,Neznámý,Liberecký kraj,11,0,0,0.0,0.01
2026-08-10,Pozdní Zprávy,context,Desktop,Android,Muž,Neznámý,Královéhradecký kraj,6,0,0,0.0,0.0
2026-08-10,Pozdní Zprávy,context,Desktop,Android,Muž,Neznámý,Pardubický kraj,2,0,0,0.0,0.0
2026-08-10,Pozdní Zprávy,context,Desktop,Android,Muž,Neznámý,Kraj Vysočina,1,0,0,0.0,0.0
2026-08-10,Pozdní Zprávy,context,Desktop,Android,Muž,Neznámý,Jihomoravský kraj,3,0,0,0.0,0.0
2026-08-10,Pozdní Zprávy,context,Desktop,Android,Muž,Neznámý,Olomoucký kraj,2,0,0,0.0,0.0
2026-08-10,Pozdní Zprávy,context,Desktop,Android,Muž,Neznámý,Zlínský kraj,1,0,0,0.0,0.0
2026-08-10,Pozdní Zprávy,context,Desktop,Android,Muž,Neznámý,Moravskoslezský kraj,3,0,0,0.0,0.0
2026-08-10,Pozdní Zprávy,context,Tv,Tizen,Muž,25 - 39,Hlavní město Praha,1,0,0,0.0,0.0
2026-08-10,Pozdní Zprávy,context,Tv,Tizen,Muž,25 - 39,Středočeský kraj,1,0,0,0.0,0.0
2026-08-10,Pozdní Zprávy,context,Tv,Tizen,Muž,25 - 39,Jihočeský kraj,1,0,0,0.0,0.0
2026-08-10,Pozdní Zprávy,context,Tv,Tizen,Muž,25 - 39,Plzeňský kraj,1,0,0,0.0,0.0
2026-08-10,Pozdní Zprávy,context,Tv,Tizen,Muž,25 - 39,Karlovarský kraj,1,0,0,0.0,0.0
2026-08-10,Pozdní Zprávy,context,Tv,Tizen,Muž,25 - 39,Ústecký kraj,1,0,0,0.0,0.0
2026-08-10,Pozdní Zprávy,context,Tv,Tizen,Muž,25 - 39,Liberecký kraj,1,0,0,0.0,0.0
2026-08-10,Pozdní Zprávy,context,Tv,Tizen,Muž,25 - 39,Královéhradecký kraj,1,0,0,0.0,0.0
2026-08-10,Pozdní Zprávy,context,Tv,Tizen,Muž,25 - 39,Pardubický kraj,1,0,0,0.0,0.0
2026-08-10,Pozdní Zprávy,context,Tv,Tizen,Muž,25 - 39,Kraj Vysočina,1,0,0,0.0,0.0
2026-08-10,Pozdní Zprávy,context,Tv,Tizen,Muž,25 - 39,Jihomoravský kraj,1,0,0,0.0,0.0
2026-08-10,Pozdní Zprávy,context,Tv,Tizen,Muž,25 - 39,Olomoucký kraj,1,0,0,0.0,0.0
2026-08-10,Pozdní Zprávy,context,Tv,Tizen,Muž,25 - 39,Zlínský kraj,1,0,0,0.0,0.0
2026-08-10,Pozdní Zprávy,context,Tv,Tizen,Muž,25 - 39,Moravskoslezský kraj,1,0,0,0.0,0.0
2026-08-10,Pozdní Zprávy,context,Desktop,macOS,Neznámý,40 - 59,Hlavní město Praha,1,0,0,0.0,0.0
2026-08-10,Pozdní Zprávy,context,Desktop,macOS,Neznámý,40 - 59,Středočeský kraj,11,0,0,0.0,0.01
2026-08-10,Pozdní Zprávy,context,Desktop,macOS,Neznámý,40 - 59,Jihočeský kraj,24,0,0,0.0,0.02
2026-08-10,Pozdní Zprávy,context,Desktop,macOS,Neznámý,40 - 59,Plzeňský kraj,20,0,0,0.0,0.01
2026-08-10,Pozdní Zprávy,context,Desktop,macOS,Neznámý,40 - 59,Karlovarský kraj,2,0,0,0.0,0.0
2026-08-10,Pozdní Zprávy,context,Desktop,macOS,Neznámý,40 - 59,Ústecký kraj,4,0,0,0.0,0.0
2026-08-10,Pozdní Zprávy,context,Desktop,macOS,Neznámý,40 - 59,Liberecký kraj,18,0,0,0.0,0.01
2026-08-10,Pozdní Zprávy,context,Desktop,macOS,Neznámý,40 - 59,Královéhradecký kraj,8,0,0,0.0,0.01
2026-08-10,Pozdní Zprávy,context,Desktop,macOS,Neznámý,40 - 59,Pardubický kraj,38,0,0,0.0,0.03
2026-08-10,Pozdní Zprávy,context,Desktop,macOS,Neznámý,40 - 59,Kraj Vysočina,2,0,0,0.0,0.0
2026-08-10,Pozdní Zprávy,context,Desktop,macOS,Neznámý,40 - 59,Jihomoravský kraj,3,0,0,0.0,0.0
2026-08-10,Pozdní Zprávy,context,Desktop,macOS,Neznámý,40 - 59,Olomoucký kraj,2,0,0,0.0,0.0
2026-08-10,Pozdní Zprávy,context,Desktop,macOS,Neznámý,40 - 59,Zlínský kraj,13,0,0,0.0,0.01
2026-08-10,Pozdní Zprávy,context,Desktop,macOS,Neznámý,40 - 59,Moravskoslezský kraj,15,0,0,0.0,0.01
2026-08-10,Pozdní Zprávy,context,SmartPhone,,Žena,60+,Hlavní město Praha,243,0,0,0.0,7.54
2026-08-10,Pozdní Zprávy,context,SmartPhone,,Žena,60+,Středočeský kraj,4597,24,1,210.97,142.55
2026-08-10,Pozdní Zprávy,context,SmartPhone,,Žena,60+,Jihočeský kraj,185,2,0,0.0,5.74
2026-08-10,Pozdní Zprávy,context,SmartPhone,,Žena,60+,Plzeňský kraj,4062,20,1,210.97,125.96
2026-08-10,Pozdní Zprávy,context,SmartPhone,,Žena,60+,Karlovarský kraj,2082,7,0,0.0,64.56
2026-08-10,Pozdní Zprávy,context,SmartPhone,,Žena,60+,Ústecký kraj,4083,18,0,0.0,126.61
2026-08-10,Pozdní Zprávy,context,SmartPhone,,Žena,60+,Liberecký kraj,2279,7,0,0.0,70.67
2026-08-10,Pozdní Zprávy,context,SmartPhone,,Žena,60+,Královéhradecký kraj,7337,36,1,210.97,227.52
2026-08-10,Pozdní Zprávy,context,SmartPhone,,Žena,60+,Pardubický kraj,3530,17,0,0.0,109.46
2026-08-10,Pozdní Zprávy,context,SmartPhone,,Žena,60+,Kraj Vysočina,11557,57,2,421.93,358.38
2026-08-10,Pozdní Zprávy,context,SmartPhone,,Žena,60+,Jihomoravský kraj,1848,7,0,0.0,57.31
2026-08-10,Pozdní Zprávy,context,SmartPhone,,Žena,60+,Olomoucký kraj,280,2,0,0.0,8.68
2026-08-10,Pozdní Zprávy,context,SmartPhone,,Žena,60+,Zlínský kraj,1909,11,2,421.93,59.2
2026-08-10,Pozdní Zprávy,context,SmartPhone,,Žena,60+,Moravskoslezský kraj,1774,15,1,210.97,55.01
2026-08-10,Poštovna.cz,context,SmartPhone,iOS,Neznámý,60+,Hlavní město Praha,1,0,0,0.0,0.0
2026-08-10,Poštovna.cz,context,SmartPhone,iOS,Neznámý,60+,Středočeský kraj,1,0,0,0.0,0.0
2026-08-10,Poštovna.cz,context,SmartPhone,iOS,Neznámý,60+,Jihočeský kraj,1,0,0,0.0,0.0
2026-08-10,Poštovna.cz,context,SmartPhone,iOS,Neznámý,60+,Plzeňský kraj,1,0,0,0.0,0.0
2026-08-10,Poštovna.cz,context,SmartPhone,iOS,Neznámý,60+,Karlovarský kraj,1,0,0,0.0,0.0
2026-08-10,Poštovna.cz,context,SmartPhone,iOS,Neznámý,60+,Ústecký kraj,1,0,0,0.0,0.0
2026-08-10,Poštovna.cz,context,SmartPhone,iOS,Neznámý,60+,Liberecký kraj,1,0,0,0.0,0.0
2026-08-10,Poštovna.cz,context,SmartPhone,iOS,Neznámý,60+,Královéhradecký kraj,1,0,0,0.0,0.0
2026-08-10,Poštovna.cz,context,SmartPhone,iOS,Neznámý,60+,Pardubický kraj,1,0,0,0.0,0.0
2026-08-10,Poštovna.cz,context,SmartPhone,iOS,Neznámý,60+,Kraj Vysočina,1,0,0,0.0,0.0
2026-08-10,Poštovna.cz,context,SmartPhone,iOS,Neznámý,60+,Jihomoravský kraj,1,0,0,0.0,0.0
2026-08-10,Poštovna.cz,context,SmartPhone,iOS,Neznámý,60+,Olomoucký kraj,1,0,0,0.0,0.0
2026-08-10,Poštovna.cz,context,SmartPhone,iOS,Neznámý,60+,Zlínský kraj,1,0,0,0.0,0.0
2026-08-10,Poštovna.cz,context,SmartPhone,iOS,Neznámý,60+,Moravskoslezský kraj,1,0,0,0.0,0.0
2026-08-10,Poštovna.cz,context,Desktop,macOS,Žena,40 - 59,Hlavní město Praha,1759,2,0,0.0,18.83
2026-08-10,Poštovna.cz,context,Desktop,macOS,Žena,40 - 59,Středočeský kraj,482,0,0,0.0,5.16
2026-08-10,Poštovna.cz,context,Desktop,macOS,Žena,40 - 59,Jihočeský kraj,2346,0,0,0.0,25.11
2026-08-10,Poštovna.cz,context,Desktop,macOS,Žena,40 - 59,Plzeňský kraj,3054,7,0,0.0,32.69
2026-08-10,Poštovna.cz,context,Desktop,macOS,Žena,40 - 59,Karlovarský kraj,564,0,0,0.0,6.04
2026-08-10,Poštovna.cz,context,Desktop,macOS,Žena,40 - 59,Ústecký kraj,6397,4,0,0.0,68.48
2026-08-10,Poštovna.cz,context,Desktop,macOS,Žena,40 - 59,Liberecký kraj,2138,1,0,0.0,22.89
2026-08-10,Poštovna.cz,context,Desktop,macOS,Žena,40 - 59,Královéhradecký kraj,2287,6,0,0.0,24.48
2026-08-10,Poštovna.cz,context,Desktop,macOS,Žena,40 - 59,Pardubický kraj,346,0,0,0.0,3.7
2026-08-10,Poštovna.cz,context,Desktop,macOS,Žena,40 - 59,Kraj Vysočina,1394,1,1,521.28,14.92
2026-08-10,Poštovna.cz,context,Desktop,macOS,Žena,40 - 59,Jihomoravský kraj,3203,2,0,0.0,34.29
2026-08-10,Poštovna.cz,context,Desktop,macOS,Žena,40 - 59,Olomoucký kraj,2219,4,0,0.0,23.76
2026-08-10,Poštovna.cz,context,Desktop,macOS,Žena,40 - 59,Zlínský kraj,649,0,0,0.0,6.95
2026-08-10,Poštovna.cz,context,Desktop,macOS,Žena,40 - 59,Moravskoslezský kraj,5368,6,1,521.28,57.47
2026-08-10,Poštovna.cz,context,Tablet,Android,Muž,40 - 59,Hlavní město Praha,138,1,1,0.0,1.68
2026-08-10,Poštovna.cz,context,Tablet,Android,Muž,40 - 59,Středočeský kraj,1179,1,0,0.0,14.32
2026-08-10,Poštovna.cz,context,Tablet,Android,Muž,40 - 59,Jihočeský kraj,50,0,0,0.0,0.61
2026-08-10,Poštovna.cz,context,Tablet,Android,Muž,40 - 59,Plzeňský kraj,157,0,0,0.0,1.91
2026-08-10,Poštovna.cz,context,Tablet,Android,Muž,40 - 59,Karlovarský kraj,1083,1,0,0.0,13.16
2026-08-10,Poštovna.cz,context,Tablet,Android,Muž,40 - 59,Ústecký kraj,337,2,1,0.0,4.09
2026-08-10,Poštovna.cz,context,Tablet,Android,Muž,40 - 59,Liberecký kraj,109,0,0,0.0,1.32
2026-08-10,Poštovna.cz,context,Tablet,Android,Muž,40 - 59,Královéhradecký kraj,698,0,0,0.0,8.48
2026-08-10,Poštovna.cz,context,Tablet,Android,Muž,40 - 59,Pardubický kraj,3289,7,1,0.0,39.95
2026-08-10,Poštovna.cz,context,Tablet,Android,Muž,40 - 59,Kraj Vysočina,104,0,0,0.0,1.26
2026-08-10,Poštovna.cz,context,Tablet,Android,Muž,40 - 59,Jihomoravský kraj,1276,1,0,0.0,15.5
2026-08-10,Poštovna.cz,context,Tablet,Android,Muž,40 - 59,Olomoucký kraj,825,1,0,0.0,10.02
2026-08-10,Poštovna.cz,context,Tablet,Android,Muž,40 - 59,Zlínský kraj,556,3,0,0.0,6.75
2026-08-10,Poštovna.cz,context,Tablet,Android,Muž,40 - 59,Moravskoslezský kraj,482,2,0,0.0,5.86
2026-08-10,Poštovna.cz,context,SmartPhone,iOS,Žena,60+,Hlavní město Praha,4398,22,0,0.0,116.21
2026-08-10,Poštovna.cz,context,SmartPhone,iOS,Žena,60+,Středočeský kraj,1067,12,1,49.36,28.19
2026-08-10,Poštovna.cz,context,SmartPhone,iOS,Žena,60+,Jihočeský kraj,2725,19,0,0.0,72.0
2026-08-10,Poštovna.cz,context,SmartPhone,iOS,Žena,60+,Plzeňský kraj,3110,20,2,98.73,82.17
2026-08-10,Poštovna.cz,context,SmartPhone,iOS,Žena,60+,Karlovarský kraj,933,7,0,0.0,24.65
2026-08-10,Poštovna.cz,context,SmartPhone,iOS,Žena,60+,Ústecký kraj,803,12,0,0.0,21.22
2026-08-10,Poštovna.cz,context,SmartPhone,iOS,Žena,60+,Liberecký kraj,198,2,0,0.0,5.23
2026-08-10,Poštovna.cz,context,SmartPhone,iOS,Žena,60+,Královéhradecký kraj,3485,31,3,148.09,92.08
2026-08-10,Poštovna.cz,context,SmartPhone,iOS,Žena,60+,Pardubický kraj,946,7,0,0.0,25.0
2026-08-10,Poštovna.cz,context,SmartPhone,iOS,Žena,60+,Kraj Vysočina,2856,19,1,49.36,75.46
2026-08-10,Poštovna.cz,context,SmartPhone,iOS,Žena,60+,Jihomoravský kraj,240,3,0,0.0,6.34
2026-08-10,Poštovna.cz,context,SmartPhone,iOS,Žena,60+,Olomoucký kraj,5604,35,3,148.09,148.07
2026-08-10,Poštovna.cz,context,SmartPhone,iOS,Žena,60+,Zlínský kraj,361,3,0,0.0,9.54
2026-08-10,Poštovna.cz,context,SmartPhone,iOS,Žena,60+,Moravskoslezský kraj,98,0,0,0.0,2.59
2026-08-10,ProTety.cz,context,Tablet,iPadOS,Neznámý,60+,Hlavní město Praha,1,0,0,0.0,0.0
2026-08-10,ProTety.cz,context,Tablet,iPadOS,Neznámý,60+,Středočeský kraj,1,0,0,0.0,0.0
2026-08-10,ProTety.cz,context,Tablet,iPadOS,Neznámý,60+,Jihočeský kraj,1,0,0,0.0,0.0
2026-08-10,ProTety.cz,context,Tablet,iPadOS,Neznámý,60+,Plzeňský kraj,1,0,0,0.0,0.0
2026-08-10,ProTety.cz,context,Tablet,iPadOS,Neznámý,60+,Karlovarský kraj,1,0,0,0.0,0.0
2026-08-10,ProTety.cz,context,Tablet,iPadOS,Neznámý,60+,Ústecký kraj,1,0,0,0.0,0.0
2026-08-10,ProTety.cz,context,Tablet,iPadOS,Neznámý,60+,Liberecký kraj,1,0,0,0.0,0.0
2026-08-10,ProTety.cz,context,Tablet,iPadOS,Neznámý,60+,Královéhradecký kraj,1,0,0,0.0,0.0
2026-08-10,ProTety.cz,context,Tablet,iPadOS,Neznámý,60+,Pardubický kraj,1,0,0,0.0,0.0
2026-08-10,ProTety.cz,context,Tablet,iPadOS,Neznámý,60+,Kraj Vysočina,1,0,0,0.0,0.0
2026-08-10,ProTety.cz,context,Tablet,iPadOS,Neznámý,60+,Jihomoravský kraj,1,0,0,0.0,0.0
2026-08-10,ProTety.cz,context,Tablet,iPadOS,Neznámý,60+,Olomoucký kraj,1,0,0,0.0,0.0
2026-08-10,ProTety.cz,context,Tablet,iPadOS,Neznámý,60+,Zlínský kraj,1,0,0,0.0,0.0
2026-08-10,ProTety.cz,context,Tablet,iPadOS,Neznámý,60+,Moravskoslezský kraj,1,0,0,0.0,0.0
2026-08-10,ProTety.cz,context,SmartPhone,iOS,Neznámý,60+,Hlavní město Praha,9,0,0,0.0,0.0
2026-08-10,ProTety.cz,context,SmartPhone,iOS,Neznámý,60+,Středočeský kraj,4,0,0,0.0,0.0
2026-08-10,ProTety.cz,context,SmartPhone,iOS,Neznámý,60+,Jihočeský kraj,7,0,0,0.0,0.0
2026-08-10,ProTety.cz,context,SmartPhone,iOS,Neznámý,60+,Plzeňský kraj,5,0,0,0.0,0.0
2026-08-10,ProTety.cz,context,SmartPhone,iOS,Neznámý,60+,Karlovarský kraj,1,0,0,0.0,0.0
2026-08-10,ProTety.cz,context,SmartPhone,iOS,Neznámý,60+,Ústecký kraj,2,0,0,0.0,0.0
2026-08-10,ProTety.cz,context,SmartPhone,iOS,Neznámý,60+,Liberecký kraj,7,0,0,0.0,0.0
2026-08-10,ProTety.cz,context,SmartPhone,iOS,Neznámý,60+,Královéhradecký kraj,11,0,0,0.0,0.0
2026-08-10,ProTety.cz,context,SmartPhone,iOS,Neznámý,60+,Pardubický kraj,12,0,0,0.0,0.0
2026-08-10,ProTety.cz,context,SmartPhone,iOS,Neznámý,60+,Kraj Vysočina,2,0,0,0.0,0.0
2026-08-10,ProTety.cz,context,SmartPhone,iOS,Neznámý,60+,Jihomoravský kraj,8,0,0,0.0,0.0
2026-08-10,ProTety.cz,context,SmartPhone,iOS,Neznámý,60+,Olomoucký kraj,17,0,0,0.0,0.0
2026-08-10,ProTety.cz,context,SmartPhone,iOS,Neznámý,60+,Zlínský kraj,3,0,0,0.0,0.0
2026-08-10,ProTety.cz,context,SmartPhone,iOS,Neznámý,60+,Moravskoslezský kraj,10,0,0,0.0,0.0
2026-08-11,Aktualitky.cz,context,Console,Android,Muž,60+,Hlavní město Praha,3,0,0,0.0,0.12
2026-08-11,Aktualitky.cz,context,Console,Android,Muž,60+,Středočeský kraj,12,0,0,0.0,0.48
2026-08-11,Aktualitky.cz,context,Console,Android,Muž,60+,Jihočeský kraj,4,0,0,0.0,0.16
2026-08-11,Aktualitky.cz,context,Console,Android,Muž,60+,Plzeňský kraj,8,0,0,0.0,0.32
2026-08-11,Aktualitky.cz,context,Console,Android,Muž,60+,Karlovarský kraj,1,0,0,0.0,0.04
2026-08-11,Aktualitky.cz,context,Console,Android,Muž,60+,Ústecký kraj,1,0,0,0.0,0.04
2026-08-11,Aktualitky.cz,context,Console,Android,Muž,60+,Liberecký kraj,2,0,0,0.0,0.08
2026-08-11,Aktualitky.cz,context,Console,Android,Muž,60+,Královéhradecký kraj,7,0,0,0.0,0.28
2026-08-11,Aktualitky.cz,context,Console,Android,Muž,60+,Pardubický kraj,1,1,0,0.0,0.04
2026-08-11,Aktualitky.cz,context,Console,Android,Muž,60+,Kraj Vysočina,6,0,0,0.0,0.24
2026-08-11,Aktualitky.cz,context,Console,Android,Muž,60+,Jihomoravský kraj,1,0,0,0.0,0.04
2026-08-11,Aktualitky.cz,context,Console,Android,Muž,60+,Olomoucký kraj,2,0,0,0.0,0.08
2026-08-11,Aktualitky.cz,context,Console,Android,Muž,60+,Zlínský kraj,8,0,0,0.0,0.32
2026-08-11,Aktualitky.cz,context,Console,Android,Muž,60+,Moravskoslezský kraj,12,0,0,0.0,0.48
2026-08-11,Aktualitky.cz,context,Desktop,Android,Žena,Neznámý,Hlavní město Praha,1,0,0,0.0,0.0
2026-08-11,Aktualitky.cz,context,Desktop,Android,Žena,Neznámý,Středočeský kraj,1,0,0,0.0,0.0
2026-08-11,Aktualitky.cz,context,Desktop,Android,Žena,Neznámý,Jihočeský kraj,1,0,0,0.0,0.0
2026-08-11,Aktualitky.cz,context,Desktop,Android,Žena,Neznámý,Plzeňský kraj,1,0,0,0.0,0.0
2026-08-11,Aktualitky.cz,context,Desktop,Android,Žena,Neznámý,Karlovarský kraj,1,0,0,0.0,0.0
2026-08-11,Aktualitky.cz,context,Desktop,Android,Žena,Neznámý,Ústecký kraj,1,0,0,0.0,0.0
2026-08-11,Aktualitky.cz,context,Desktop,Android,Žena,Neznámý,Liberecký kraj,1,0,0,0.0,0.0
2026-08-11,Aktualitky.cz,context,Desktop,Android,Žena,Neznámý,Královéhradecký kraj,1,0,0,0.0,0.0
2026-08-11,Aktualitky.cz,context,Desktop,Android,Žena,Neznámý,Pardubický kraj,1,0,0,0.0,0.0
2026-08-11,Aktualitky.cz,context,Desktop,Android,Žena,Neznámý,Kraj Vysočina,1,0,0,0.0,0.0
2026-08-11,Aktualitky.cz,context,Desktop,Android,Žena,Neznámý,Jihomoravský kraj,1,0,0,0.0,0.0
2026-08-11,Aktualitky.cz,context,Desktop,Android,Žena,Neznámý,Olomoucký kraj,1,0,0,0.0,0.0
2026-08-11,Aktualitky.cz,context,Desktop,Android,Žena,Neznámý,Zlínský kraj,1,0,0,0.0,0.0
2026-08-11,Aktualitky.cz,context,Desktop,Android,Žena,Neznámý,Moravskoslezský kraj,1,0,0,0.0,0.0
2026-08-11,Aktualitky.cz,context,SmartPhone,iOS,Žena,25 - 39,Hlavní město Praha,5797,10,0,0.0,47.02
2026-08-11,Aktualitky.cz,context,SmartPhone,iOS,Žena,25 - 39,Středočeský kraj,8165,8,1,142.77,66.23
2026-08-11,Aktualitky.cz,context,SmartPhone,iOS,Žena,25 - 39,Jihočeský kraj,4909,6,0,0.0,39.82
2026-08-11,Aktualitky.cz,context,SmartPhone,iOS,Žena,25 - 39,Plzeňský kraj,8430,17,2,285.54,68.37
2026-08-11,Aktualitky.cz,context,SmartPhone,iOS,Žena,25 - 39,Karlovarský kraj,151,0,0,0.0,1.22
2026-08-11,Aktualitky.cz,context,SmartPhone,iOS,Žena,25 - 39,Ústecký kraj,8650,8,1,142.77,70.16
2026-08-11,Aktualitky.cz,context,SmartPhone,iOS,Žena,25 - 39,Liberecký kraj,3660,3,0,0.0,29.69
2026-08-11,Aktualitky.cz,context,SmartPhone,iOS,Žena,25 - 39,Královéhradecký kraj,2416,1,0,0.0,19.6
2026-08-11,Aktualitky.cz,context,SmartPhone,iOS,Žena,25 - 39,Pardubický kraj,8824,18,2,285.54,71.57
2026-08-11,Aktualitky.cz,context,SmartPhone,iOS,Žena,25 - 39,Kraj Vysočina,13206,16,0,0.0,107.11
2026-08-11,Aktualitky.cz,context,SmartPhone,iOS,Žena,25 - 39,Jihomoravský kraj,32407,49,4,571.09,262.85
2026-08-11,Aktualitky.cz,context,SmartPhone,iOS,Žena,25 - 39,Olomoucký kraj,8626,9,1,142.77,69.96
2026-08-11,Aktualitky.cz,context,SmartPhone,iOS,Žena,25 - 39,Zlínský kraj,9286,16,3,428.32,75.32
2026-08-11,Aktualitky.cz,context,SmartPhone,iOS,Žena,25 - 39,Moravskoslezský kraj,6073,4,0,0.0,49.26
2026-08-11,Baráky.cz,context,Desktop,ChromeOS,Muž,18 - 24,Hlavní město Praha,2,0,0,0.0,0.0
2026-08-11,Baráky.cz,context,Desktop,ChromeOS,Muž,18 - 24,Středočeský kraj,4,0,0,0.0,0.0
2026-08-11,Baráky.cz,context,Desktop,ChromeOS,Muž,18 - 24,Jihočeský kraj,1,0,0,0.0,0.0
2026-08-11,Baráky.cz,context,Desktop,ChromeOS,Muž,18 - 24,Plzeňský kraj,1,0,0,0.0,0.0
2026-08-11,Baráky.cz,context,Desktop,ChromeOS,Muž,18 - 24,Karlovarský kraj,1,0,0,0.0,0.0
2026-08-11,Baráky.cz,context,Desktop,ChromeOS,Muž,18 - 24,Ústecký kraj,1,0,0,0.0,0.0
2026-08-11,Baráky.cz,context,Desktop,ChromeOS,Muž,18 - 24,Liberecký kraj,3,0,0,0.0,0.0
2026-08-11,Baráky.cz,context,Desktop,ChromeOS,Muž,18 - 24,Královéhradecký kraj,2,0,0,0.0,0.0
2026-08-11,Baráky.cz,context,Desktop,ChromeOS,Muž,18 - 24,Pardubický kraj,1,0,0,0.0,0.0
2026-08-11,Baráky.cz,context,Desktop,ChromeOS,Muž,18 - 24,Kraj Vysočina,1,0,0,0.0,0.0
2026-08-11,Baráky.cz,context,Desktop,ChromeOS,Muž,18 - 24,Jihomoravský kraj,1,0,0,0.0,0.0
2026-08-11,Baráky.cz,context,Desktop,ChromeOS,Muž,18 - 24,Olomoucký kraj,1,0,0,0.0,0.0
2026-08-11,Baráky.cz,context,Desktop,ChromeOS,Muž,18 - 24,Zlínský kraj,3,0,0,0.0,0.0
2026-08-11,Baráky.cz,context,Desktop,ChromeOS,Muž,18 - 24,Moravskoslezský kraj,4,0,0,0.0,0.0
2026-08-11,Baráky.cz,context,Desktop,Windows,Muž,40 - 59,Hlavní město Praha,3536,2,0,0.0,20.33
2026-08-11,Baráky.cz,context,Desktop,Windows,Muž,40 - 59,Středočeský kraj,2119,1,0,0.0,12.18
2026-08-11,Baráky.cz,context,Desktop,Windows,Muž,40 - 59,Jihočeský kraj,2560,3,0,0.0,14.72
2026-08-11,Baráky.cz,context,Desktop,Windows,Muž,40 - 59,Plzeňský kraj,75620,56,3,1172.96,434.8
2026-08-11,Baráky.cz,context,Desktop,Windows,Muž,40 - 59,Karlovarský kraj,14500,11,0,0.0,83.37
2026-08-11,Baráky.cz,context,Desktop,Windows,Muž,40 - 59,Ústecký kraj,91380,80,5,1954.93,525.42
2026-08-11,Baráky.cz,context,Desktop,Windows,Muž,40 - 59,Liberecký kraj,3194,3,0,0.0,18.36
2026-08-11,Baráky.cz,context,Desktop,Windows,Muž,40 - 59,Královéhradecký kraj,30133,26,1,390.99,173.26
2026-08-11,Baráky.cz,context,Desktop,Windows,Muž,40 - 59,Pardubický kraj,24229,21,1,390.99,139.31
2026-08-11,Baráky.cz,context,Desktop,Windows,Muž,40 - 59,Kraj Vysočina,2362,2,0,0.0,13.58
2026-08-11,Baráky.cz,context,Desktop,Windows,Muž,40 - 59,Jihomoravský kraj,10597,12,0,0.0,60.93
2026-08-11,Baráky.cz,context,Desktop,Windows,Muž,40 - 59,Olomoucký kraj,109303,75,7,2736.9,628.47
2026-08-11,Baráky.cz,context,Desktop,Windows,Muž,40 - 59,Zlínský kraj,3548,2,0,0.0,20.4
2026-08-11,Baráky.cz,context,Desktop,Windows,Muž,40 - 59,Moravskoslezský kraj,44145,27,1,390.99,253.83
2026-08-11,Blogeria.cz,context,Console,,Muž,40 - 59,Hlavní město Praha,1,0,0,0.0,0.0
2026-08-11,Blogeria.cz,context,Console,,Muž,40 - 59,Středočeský kraj,1,0,0,0.0,0.0
2026-08-11,Blogeria.cz,context,Console,,Muž,40 - 59,Jihočeský kraj,1,0,0,0.0,0.0
2026-08-11,Blogeria.cz,context,Console,,Muž,40 - 59,Plzeňský kraj,1,0,0,0.0,0.0
2026-08-11,Blogeria.cz,context,Console,,Muž,40 - 59,Karlovarský kraj,1,0,0,0.0,0.0
2026-08-11,Blogeria.cz,context,Console,,Muž,40 - 59,Ústecký kraj,1,0,0,0.0,0.0
2026-08-11,Blogeria.cz,context,Console,,Muž,40 - 59,Liberecký kraj,1,0,0,0.0,0.0
2026-08-11,Blogeria.cz,context,Console,,Muž,40 - 59,Královéhradecký kraj,1,0,0,0.0,0.0
2026-08-11,Blogeria.cz,context,Console,,Muž,40 - 59,Pardubický kraj,1,0,0,0.0,0.0
2026-08-11,Blogeria.cz,context,Console,,Muž,40 - 59,Kraj Vysočina,1,0,0,0.0,0.0
2026-08-11,Blogeria.cz,context,Console,,Muž,40 - 59,Jihomoravský kraj,1,0,0,0.0,0.0
2026-08-11,Blogeria.cz,context,Console,,Muž,40 - 59,Olomoucký kraj,1,0,0,0.0,0.0
2026-08-11,Blogeria.cz,context,Console,,Muž,40 - 59,Zlínský kraj,1,0,0,0.0,0.0
2026-08-11,Blogeria.cz,context,Console,,Muž,40 - 59,Moravskoslezský kraj,1,0,0,0.0,0.0
2026-08-11,Blogeria.cz,context,Console,Android,Muž,Neznámý,Hlavní město Praha,4,0,0,0.0,0.0
2026-08-11,Blogeria.cz,context,Console,Android,Muž,Neznámý,Středočeský kraj,1,0,0,0.0,0.0
2026-08-11,Blogeria.cz,context,Console,Android,Muž,Neznámý,Jihočeský kraj,1,0,0,0.0,0.0
2026-08-11,Blogeria.cz,context,Console,Android,Muž,Neznámý,Plzeňský kraj,2,0,0,0.0,0.0
2026-08-11,Blogeria.cz,context,Console,Android,Muž,Neznámý,Karlovarský kraj,3,0,0,0.0,0.0
2026-08-11,Blogeria.cz,context,Console,Android,Muž,Neznámý,Ústecký kraj,1,0,0,0.0,0.0
2026-08-11,Blogeria.cz,context,Console,Android,Muž,Neznámý,Liberecký kraj,2,0,0,0.0,0.0
2026-08-11,Blogeria.cz,context,Console,Android,Muž,Neznámý,Královéhradecký kraj,1,0,0,0.0,0.0
2026-08-11,Blogeria.cz,context,Console,Android,Muž,Neznámý,Pardubický kraj,1,0,0,0.0,0.0
2026-08-11,Blogeria.cz,context,Console,Android,Muž,Neznámý,Kraj Vysočina,1,0,0,0.0,0.0
2026-08-11,Blogeria.cz,context,Console,Android,Muž,Neznámý,Jihomoravský kraj,1,0,0,0.0,0.0
2026-08-11,Blogeria.cz,context,Console,Android,Muž,Neznámý,Olomoucký kraj,1,0,0,0.0,0.0
2026-08-11,Blogeria.cz,context,Console,Android,Muž,Neznámý,Zlínský kraj,1,0,0,0.0,0.0
2026-08-11,Blogeria.cz,context,Console,Android,Muž,Neznámý,Moravskoslezský kraj,2,0,0,0.0,0.0
2026-08-11,Drbárna.cz,context,MediaHub,Android,Muž,40 - 59,Hlavní město Praha,9,0,0,0.0,0.04
2026-08-11,Drbárna.cz,context,MediaHub,Android,Muž,40 - 59,Středočeský kraj,3,0,0,0.0,0.01
2026-08-11,Drbárna.cz,context,MediaHub,Android,Muž,40 - 59,Jihočeský kraj,4,0,0,0.0,0.02
2026-08-11,Drbárna.cz,context,MediaHub,Android,Muž,40 - 59,Plzeňský kraj,1,0,0,0.0,0.0
2026-08-11,Drbárna.cz,context,MediaHub,Android,Muž,40 - 59,Karlovarský kraj,5,0,0,0.0,0.02
2026-08-11,Drbárna.cz,context,MediaHub,Android,Muž,40 - 59,Ústecký kraj,2,0,0,0.0,0.01
2026-08-11,Drbárna.cz,context,MediaHub,Android,Muž,40 - 59,Liberecký kraj,3,0,0,0.0,0.01
2026-08-11,Drbárna.cz,context,MediaHub,Android,Muž,40 - 59,Královéhradecký kraj,2,0,0,0.0,0.01
2026-08-11,Drbárna.cz,context,MediaHub,Android,Muž,40 - 59,Pardubický kraj,1,0,0,0.0,0.0
2026-08-11,Drbárna.cz,context,MediaHub,Android,Muž,40 - 59,Kraj Vysočina,2,0,0,0.0,0.01
2026-08-11,Drbárna.cz,context,MediaHub,Android,Muž,40 - 59,Jihomoravský kraj,1,0,0,0.0,0.0
2026-08-11,Drbárna.cz,context,MediaHub,Android,Muž,40 - 59,Olomoucký kraj,3,0,0,0.0,0.01
2026-08-11,Drbárna.cz,context,MediaHub,Android,Muž,40 - 59,Zlínský kraj,6,0,0,0.0,0.03
2026-08-11,Drbárna.cz,context,MediaHub,Android,Muž,40 - 59,Moravskoslezský kraj,2,0,0,0.0,0.01
2026-08-11,Drbárna.cz,context,SmallScreen,Android,Muž,Neznámý,Hlavní město Praha,1,0,0,0.0,0.0
2026-08-11,Drbárna.cz,context,SmallScreen,Android,Muž,Neznámý,Středočeský kraj,1,0,0,0.0,0.0
2026-08-11,Drbárna.cz,context,SmallScreen,Android,Muž,Neznámý,Jihočeský kraj,1,0,0,0.0,0.0
2026-08-11,Drbárna.cz,context,SmallScreen,Android,Muž,Neznámý,Plzeňský kraj,1,0,0,0.0,0.0
2026-08-11,Drbárna.cz,context,SmallScreen,Android,Muž,Neznámý,Karlovarský kraj,1,0,0,0.0,0.0
2026-08-11,Drbárna.cz,context,SmallScreen,Android,Muž,Neznámý,Ústecký kraj,1,0,0,0.0,0.0
2026-08-11,Drbárna.cz,context,SmallScreen,Android,Muž,Neznámý,Liberecký kraj,4,0,0,0.0,0.0
2026-08-11,Drbárna.cz,context,SmallScreen,Android,Muž,Neznámý,Královéhradecký kraj,1,0,0,0.0,0.0
2026-08-11,Drbárna.cz,context,SmallScreen,Android,Muž,Neznámý,Pardubický kraj,2,0,0,0.0,0.0
2026-08-11,Drbárna.cz,context,SmallScreen,Android,Muž,Neznámý,Kraj Vysočina,2,0,0,0.0,0.0
2026-08-11,Drbárna.cz,context,SmallScreen,Android,Muž,Neznámý,Jihomoravský kraj,1,0,0,0.0,0.0
2026-08-11,Drbárna.cz,context,SmallScreen,Android,Muž,Neznámý,Olomoucký kraj,1,0,0,0.0,0.0
2026-08-11,Drbárna.cz,context,SmallScreen,Android,Muž,Neznámý,Zlínský kraj,1,0,0,0.0,0.0
2026-08-11,Drbárna.cz,context,SmallScreen,Android,Muž,Neznámý,Moravskoslezský kraj,2,0,0,0.0,0.0
2026-08-11,Kliknito.cz,context,SmartPhone,,Muž,60+,Hlavní město Praha,1341,10,0,0.0,34.3
2026-08-11,Kliknito.cz,context,SmartPhone,,Muž,60+,Středočeský kraj,1255,5,0,0.0,32.1
2026-08-11,Kliknito.cz,context,SmartPhone,,Muž,60+,Jihočeský kraj,891,6,0,0.0,22.79
2026-08-11,Kliknito.cz,context,SmartPhone,,Muž,60+,Plzeňský kraj,523,7,1,166.94,13.38
2026-08-11,Kliknito.cz,context,SmartPhone,,Muž,60+,Karlovarský kraj,723,5,0,0.0,18.49
2026-08-11,Kliknito.cz,context,SmartPhone,,Muž,60+,Ústecký kraj,157,0,0,0.0,4.02
2026-08-11,Kliknito.cz,context,SmartPhone,,Muž,60+,Liberecký kraj,3713,23,0,0.0,94.97
2026-08-11,Kliknito.cz,context,SmartPhone,,Muž,60+,Královéhradecký kraj,703,2,0,0.0,17.98
2026-08-11,Kliknito.cz,context,SmartPhone,,Muž,60+,Pardubický kraj,455,3,0,0.0,11.64
2026-08-11,Kliknito.cz,context,SmartPhone,,Muž,60+,Kraj Vysočina,670,4,0,0.0,17.14
2026-08-11,Kliknito.cz,context,SmartPhone,,Muž,60+,Jihomoravský kraj,5513,31,0,0.0,141.01
2026-08-11,Kliknito.cz,context,SmartPhone,,Muž,60+,Olomoucký kraj,1136,8,2,333.89,29.06
2026-08-11,Kliknito.cz,context,SmartPhone,,Muž,60+,Zlínský kraj,1062,5,0,0.0,27.16
2026-08-11,Kliknito.cz,context,SmartPhone,,Muž,60+,Moravskoslezský kraj,406,2,1,166.94,10.38
2026-08-11,Kliknito.cz,context,Tablet,iPadOS,Žena,60+,Hlavní město Praha,1165,9,1,70.47,32.04
2026-08-11,Kliknito.cz,context,Tablet,iPadOS,Žena,60+,Středočeský kraj,8579,51,1,70.47,235.95
2026-08-11,Kliknito.cz,context,Tablet,iPadOS,Žena,60+,Jihočeský kraj,13594,82,3,211.4,373.88
2026-08-11,Kliknito.cz,context,Tablet,iPadOS,Žena,60+,Plzeňský kraj,11428,72,2,140.93,314.31
2026-08-11,Kliknito.cz,context,Tablet,iPadOS,Žena,60+,Karlovarský kraj,133,0,0,0.0,3.66
2026-08-11,Kliknito.cz,context,Tablet,iPadOS,Žena,60+,Ústecký kraj,15568,87,5,352.33,428.17
2026-08-11,Kliknito.cz,context,Tablet,iPadOS,Žena,60+,Liberecký kraj,15180,97,2,140.93,417.5
2026-08-11,Kliknito.cz,context,Tablet,iPadOS,Žena,60+,Královéhradecký kraj,4525,31,1,70.47,124.45
2026-08-11,Kliknito.cz,context,Tablet,iPadOS,Žena,60+,Pardubický kraj,9005,62,3,211.4,247.67
2026-08-11,Kliknito.cz,context,Tablet,iPadOS,Žena,60+,Kraj Vysočina,22004,144,1,70.47,605.18
2026-08-11,Kliknito.cz,context,Tablet,iPadOS,Žena,60+,Jihomoravský kraj,4773,34,1,70.47,131.27
2026-08-11,Kliknito.cz,context,Tablet,iPadOS,Žena,60+,Olomoucký kraj,4225,24,0,0.0,116.2
2026-08-11,Kliknito.cz,context,Tablet,iPadOS,Žena,60+,Zlínský kraj,11349,81,2,140.93,312.13
2026-08-11,Kliknito.cz,context,Tablet,iPadOS,Žena,60+,Moravskoslezský kraj,1629,6,0,0.0,44.8
2026-08-11,Kliknito.cz,context,Desktop,iOS,Žena,60+,Hlavní město Praha,2,0,0,0.0,0.0
2026-08-11,Kliknito.cz,context,Desktop,iOS,Žena,60+,Středočeský kraj,4,0,0,0.0,0.0
2026-08-11,Kliknito.cz,context,Desktop,iOS,Žena,60+,Jihočeský kraj,10,0,0,0.0,0.01
2026-08-11,Kliknito.cz,context,Desktop,iOS,Žena,60+,Plzeňský kraj,15,0,0,0.0,0.01
2026-08-11,Kliknito.cz,context,Desktop,iOS,Žena,60+,Karlovarský kraj,9,0,0,0.0,0.01
2026-08-11,Kliknito.cz,context,Desktop,iOS,Žena,60+,Ústecký kraj,2,0,0,0.0,0.0
2026-08-11,Kliknito.cz,context,Desktop,iOS,Žena,60+,Liberecký kraj,11,0,0,0.0,0.01
2026-08-11,Kliknito.cz,context,Desktop,iOS,Žena,60+,Královéhradecký kraj,3,0,0,0.0,0.0
2026-08-11,Kliknito.cz,context,Desktop,iOS,Žena,60+,Pardubický kraj,3,0,0,0.0,0.0
2026-08-11,Kliknito.cz,context,Desktop,iOS,Žena,60+,Kraj Vysočina,2,0,0,0.0,0.0
2026-08-11,Kliknito.cz,context,Desktop,iOS,Žena,60+,Jihomoravský kraj,15,0,0,0.0,0.01
2026-08-11,Kliknito.cz,context,Desktop,iOS,Žena,60+,Olomoucký kraj,1,0,0,0.0,0.0
2026-08-11,Kliknito.cz,context,Desktop,iOS,Žena,60+,Zlínský kraj,10,0,0,0.0,0.01
2026-08-11,Kliknito.cz,context,Desktop,iOS,Žena,60+,Moravskoslezský kraj,2,0,0,0.0,0.0
2026-08-11,Kliknito.cz,context,Tablet,iPadOS,Neznámý,Neznámý,Hlavní město Praha,479,1,0,0.0,8.2
2026-08-11,Kliknito.cz,context,Tablet,iPadOS,Neznámý,Neznámý,Středočeský kraj,2787,16,0,0.0,47.69
2026-08-11,Kliknito.cz,context,Tablet,iPadOS,Neznámý,Neznámý,Jihočeský kraj,292,1,0,0.0,5.0
2026-08-11,Kliknito.cz,context,Tablet,iPadOS,Neznámý,Neznámý,Plzeňský kraj,352,1,0,0.0,6.02
2026-08-11,Kliknito.cz,context,Tablet,iPadOS,Neznámý,Neznámý,Karlovarský kraj,1662,2,0,0.0,28.44
2026-08-11,Kliknito.cz,context,Tablet,iPadOS,Neznámý,Neznámý,Ústecký kraj,1159,3,0,0.0,19.83
2026-08-11,Kliknito.cz,context,Tablet,iPadOS,Neznámý,Neznámý,Liberecký kraj,487,2,0,0.0,8.33
2026-08-11,Kliknito.cz,context,Tablet,iPadOS,Neznámý,Neznámý,Královéhradecký kraj,1222,7,0,0.0,20.91
2026-08-11,Kliknito.cz,context,Tablet,iPadOS,Neznámý,Neznámý,Pardubický kraj,2790,10,0,0.0,47.74
2026-08-11,Kliknito.cz,context,Tablet,iPadOS,Neznámý,Neznámý,Kraj Vysočina,3615,15,0,0.0,61.86
2026-08-11,Kliknito.cz,context,Tablet,iPadOS,Neznámý,Neznámý,Jihomoravský kraj,1331,3,0,0.0,22.78
2026-08-11,Kliknito.cz,context,Tablet,iPadOS,Neznámý,Neznámý,Olomoucký kraj,1231,8,0,0.0,21.07
2026-08-11,Kliknito.cz,context,Tablet,iPadOS,Neznámý,Neznámý,Zlínský kraj,1600,9,0,0.0,27.38
2026-08-11,Kliknito.cz,context,Tablet,iPadOS,Neznámý,Neznámý,Moravskoslezský kraj,2090,6,0,0.0,35.76
2026-08-11,Kámoši.net,context,Desktop,,Muž,Neznámý,Hlavní město Praha,72,0,0,0.0,0.0
2026-08-11,Kámoši.net,context,Desktop,,Muž,Neznámý,Středočeský kraj,116,0,0,0.0,0.0
2026-08-11,Kámoši.net,context,Desktop,,Muž,Neznámý,Jihočeský kraj,167,0,0,0.0,0.01
2026-08-11,Kámoši.net,context,Desktop,,Muž,Neznámý,Plzeňský kraj,61,0,0,0.0,0.0
2026-08-11,Kámoši.net,context,Desktop,,Muž,Neznámý,Karlovarský kraj,13,0,0,0.0,0.0
2026-08-11,Kámoši.net,context,Desktop,,Muž,Neznámý,Ústecký kraj,363,0,0,0.0,0.01
2026-08-11,Kámoši.net,context,Desktop,,Muž,Neznámý,Liberecký kraj,34,0,0,0.0,0.0
2026-08-11,Kámoši.net,context,Desktop,,Muž,Neznámý,Královéhradecký kraj,87,0,0,0.0,0.0
2026-08-11,Kámoši.net,context,Desktop,,Muž,Neznámý,Pardubický kraj,255,0,0,0.0,0.01
2026-08-11,Kámoši.net,context,Desktop,,Muž,Neznámý,Kraj Vysočina,114,0,0,0.0,0.0
2026-08-11,Kámoši.net,context,Desktop,,Muž,Neznámý,Jihomoravský kraj,158,0,0,0.0,0.01
2026-08-11,Kámoši.net,context,Desktop,,Muž,Neznámý,Olomoucký kraj,26,0,0,0.0,0.0
2026-08-11,Kámoši.net,context,Desktop,,Muž,Neznámý,Zlínský kraj,52,0,0,0.0,0.0
2026-08-11,Kámoši.net,context,Desktop,,Muž,Neznámý,Moravskoslezský kraj,93,0,0,0.0,0.0
2026-08-11,Kámoši.net,context,SmallScreen,Android,Muž,60+,Hlavní město Praha,8,0,0,0.0,0.0
2026-08-11,Kámoši.net,context,SmallScreen,Android,Muž,60+,Středočeský kraj,1,0,0,0.0,0.0
2026-08-11,Kámoši.net,context,SmallScreen,Android,Muž,60+,Jihočeský kraj,3,0,0,0.0,0.0
2026-08-11,Kámoši.net,context,SmallScreen,Android,Muž,60+,Plzeňský kraj,3,0,0,0.0,0.0
2026-08-11,Kámoši.net,context,SmallScreen,Android,Muž,60+,Karlovarský kraj,2,0,0,0.0,0.0
2026-08-11,Kámoši.net,context,SmallScreen,Android,Muž,60+,Ústecký kraj,6,0,0,0.0,0.0
2026-08-11,Kámoši.net,context,SmallScreen,Android,Muž,60+,Liberecký kraj,5,0,0,0.0,0.0
2026-08-11,Kámoši.net,context,SmallScreen,Android,Muž,60+,Královéhradecký kraj,10,0,0,0.0,0.0
2026-08-11,Kámoši.net,context,SmallScreen,Android,Muž,60+,Pardubický kraj,6,0,0,0.0,0.0
2026-08-11,Kámoši.net,context,SmallScreen,Android,Muž,60+,Kraj Vysočina,2,0,0,0.0,0.0
2026-08-11,Kámoši.net,context,SmallScreen,Android,Muž,60+,Jihomoravský kraj,1,0,0,0.0,0.0
2026-08-11,Kámoši.net,context,SmallScreen,Android,Muž,60+,Olomoucký kraj,6,0,0,0.0,0.0
2026-08-11,Kámoši.net,context,SmallScreen,Android,Muž,60+,Zlínský kraj,1,0,0,0.0,0.0
2026-08-11,Kámoši.net,context,SmallScreen,Android,Muž,60+,Moravskoslezský kraj,2,0,0,0.0,0.0
2026-08-11,Kámoši.net,context,Desktop,ChromeOS,Žena,60+,Hlavní město Praha,13,0,0,0.0,0.05
2026-08-11,Kámoši.net,context,Desktop,ChromeOS,Žena,60+,Středočeský kraj,89,0,0,0.0,0.34
2026-08-11,Kámoši.net,context,Desktop,ChromeOS,Žena,60+,Jihočeský kraj,107,0,0,0.0,0.41
2026-08-11,Kámoši.net,context,Desktop,ChromeOS,Žena,60+,Plzeňský kraj,15,0,0,0.0,0.06
2026-08-11,Kámoši.net,context,Desktop,ChromeOS,Žena,60+,Karlovarský kraj,43,0,0,0.0,0.17
2026-08-11,Kámoši.net,context,Desktop,ChromeOS,Žena,60+,Ústecký kraj,169,0,0,0.0,0.65
2026-08-11,Kámoši.net,context,Desktop,ChromeOS,Žena,60+,Liberecký kraj,140,0,0,0.0,0.54
2026-08-11,Kámoši.net,context,Desktop,ChromeOS,Žena,60+,Královéhradecký kraj,118,0,0,0.0,0.45
2026-08-11,Kámoši.net,context,Desktop,ChromeOS,Žena,60+,Pardubický kraj,376,1,0,0.0,1.45
2026-08-11,Kámoši.net,context,Desktop,ChromeOS,Žena,60+,Kraj Vysočina,292,1,1,0.0,1.12
2026-08-11,Kámoši.net,context,Desktop,ChromeOS,Žena,60+,Jihomoravský kraj,119,0,0,0.0,0.46
2026-08-11,Kámoši.net,context,Desktop,ChromeOS,Žena,60+,Olomoucký kraj,101,0,0,0.0,0.39
2026-08-11,Kámoši.net,context,Desktop,ChromeOS,Žena,60+,Zlínský kraj,52,0,0,0.0,0.2
2026-08-11,Kámoši.net,context,Desktop,ChromeOS,Žena,60+,Moravskoslezský kraj,12,0,0,0.0,0.05
2026-08-11,Kámoši.net,context,Tablet,iPadOS,Žena,40 - 59,Hlavní město Praha,22,0,0,0.0,0.11
2026-08-11,Kámoši.net,context,Tablet,iPadOS,Žena,40 - 59,Středočeský kraj,34,0,0,0.0,0.16
2026-08-11,Kámoši.net,context,Tablet,iPadOS,Žena,40 - 59,Jihočeský kraj,40,0,0,0.0,0.19
2026-08-11,Kámoši.net,context,Tablet,iPadOS,Žena,40 - 59,Plzeňský kraj,230,0,0,0.0,1.11
2026-08-11,Kámoši.net,context,Tablet,iPadOS,Žena,40 - 59,Karlovarský kraj,30,1,0,0.0,0.14
2026-08-11,Kámoši.net,context,Tablet,iPadOS,Žena,40 - 59,Ústecký kraj,79,0,0,0.0,0.38
2026-08-11,Kámoši.net,context,Tablet,iPadOS,Žena,40 - 59,Liberecký kraj,128,0,0,0.0,0.62
2026-08-11,Kámoši.net,context,Tablet,iPadOS,Žena,40 - 59,Královéhradecký kraj,49,0,0,0.0,0.24
2026-08-11,Kámoši.net,context,Tablet,iPadOS,Žena,40 - 59,Pardubický kraj,246,1,0,0.0,1.19
2026-08-11,Kámoši.net,context,Tablet,iPadOS,Žena,40 - 59,Kraj Vysočina,571,0,0,0.0,2.76
2026-08-11,Kámoši.net,context,Tablet,iPadOS,Žena,40 - 59,Jihomoravský kraj,539,1,0,0.0,2.6
2026-08-11,Kámoši.net,context,Tablet,iPadOS,Žena,40 - 59,Olomoucký kraj,85,0,0,0.0,0.41
2026-08-11,Kámoši.net,context,Tablet,iPadOS,Žena,40 - 59,Zlínský kraj,68,0,0,0.0,0.33
2026-08-11,Kámoši.net,context,Tablet,iPadOS,Žena,40 - 59,Moravskoslezský kraj,126,1,0,0.0,0.61
2026-08-11,Pozdní Zprávy,context,Tv,,Žena,25 - 39,Hlavní město Praha,5,0,0,0.0,0.0
2026-08-11,Pozdní Zprávy,context,Tv,,Žena,25 - 39,Středočeský kraj,1,0,0,0.0,0.0
2026-08-11,Pozdní Zprávy,context,Tv,,Žena,25 - 39,Jihočeský kraj,4,0,0,0.0,0.0
2026-08-11,Pozdní Zprávy,context,Tv,,Žena,25 - 39,Plzeňský kraj,2,0,0,0.0,0.0
2026-08-11,Pozdní Zprávy,context,Tv,,Žena,25 - 39,Karlovarský kraj,2,0,0,0.0,0.0
2026-08-11,Pozdní Zprávy,context,Tv,,Žena,25 - 39,Ústecký kraj,2,0,0,0.0,0.0
2026-08-11,Pozdní Zprávy,context,Tv,,Žena,25 - 39,Liberecký kraj,1,0,0,0.0,0.0
2026-08-11,Pozdní Zprávy,context,Tv,,Žena,25 - 39,Královéhradecký kraj,2,0,0,0.0,0.0
2026-08-11,Pozdní Zprávy,context,Tv,,Žena,25 - 39,Pardubický kraj,1,0,0,0.0,0.0
2026-08-11,Pozdní Zprávy,context,Tv,,Žena,25 - 39,Kraj Vysočina,2,0,0,0.0,0.0
2026-08-11,Pozdní Zprávy,context,Tv,,Žena,25 - 39,Jihomoravský kraj,2,0,0,0.0,0.0
2026-08-11,Pozdní Zprávy,context,Tv,,Žena,25 - 39,Olomoucký kraj,2,0,0,0.0,0.0
2026-08-11,Pozdní Zprávy,context,Tv,,Žena,25 - 39,Zlínský kraj,4,0,0,0.0,0.0
2026-08-11,Pozdní Zprávy,context,Tv,,Žena,25 - 39,Moravskoslezský kraj,2,0,0,0.0,0.0
2026-08-11,Pozdní Zprávy,context,SmartPhone,Android,Muž,40 - 59,Hlavní město Praha,84796,268,18,15303.63,1082.2
2026-08-11,Pozdní Zprávy,context,SmartPhone,Android,Muž,40 - 59,Středočeský kraj,374689,1034,68,57813.7,4781.93
2026-08-11,Pozdní Zprávy,context,SmartPhone,Android,Muž,40 - 59,Jihočeský kraj,523856,1383,90,76518.13,6685.66
2026-08-11,Pozdní Zprávy,context,SmartPhone,Android,Muž,40 - 59,Plzeňský kraj,456082,1300,85,72267.13,5820.7
2026-08-11,Pozdní Zprávy,context,SmartPhone,Android,Muž,40 - 59,Karlovarský kraj,169270,460,31,26356.25,2160.29
2026-08-11,Pozdní Zprávy,context,SmartPhone,Android,Muž,40 - 59,Ústecký kraj,6986,18,2,1700.4,89.16
2026-08-11,Pozdní Zprávy,context,SmartPhone,Android,Muž,40 - 59,Liberecký kraj,225013,599,48,40809.67,2871.71
2026-08-11,Pozdní Zprávy,context,SmartPhone,Android,Muž,40 - 59,Královéhradecký kraj,632711,1747,121,102874.38,8074.91
2026-08-11,Pozdní Zprávy,context,SmartPhone,Android,Muž,40 - 59,Pardubický kraj,16956,43,2,1700.4,216.4
2026-08-11,Pozdní Zprávy,context,SmartPhone,Android,Muž,40 - 59,Kraj Vysočina,17084,51,2,1700.4,218.03
2026-08-11,Pozdní Zprávy,context,SmartPhone,Android,Muž,40 - 59,Jihomoravský kraj,318522,905,64,54412.89,4065.1
2026-08-11,Pozdní Zprávy,context,SmartPhone,Android,Muž,40 - 59,Olomoucký kraj,16955,49,1,850.2,216.39
2026-08-11,Pozdní Zprávy,context,SmartPhone,Android,Muž,40 - 59,Zlínský kraj,372057,1011,70,59514.1,4748.34
2026-08-11,Pozdní Zprávy,context,SmartPhone,Android,Muž,40 - 59,Moravskoslezský kraj,245253,713,47,39959.47,3130.02
2026-08-11,Pozdní Zprávy,context,Desktop,Windows,Muž,60+,Hlavní město Praha,230142,807,60,8053.02,4064.03
2026-08-11,Pozdní Zprávy,context,Desktop,Windows,Muž,60+,Středočeský kraj,472165,1747,129,17313.98,8337.86
2026-08-11,Pozdní Zprávy,context,Desktop,Windows,Muž,60+,Jihočeský kraj,259310,950,48,6442.41,4579.1
2026-08-11,Pozdní Zprávy,context,Desktop,Windows,Muž,60+,Plzeňský kraj,260743,938,64,8589.88,4604.4
2026-08-11,Pozdní Zprávy,context,Desktop,Windows,Muž,60+,Karlovarský kraj,265887,960,62,8321.45,4695.24
2026-08-11,Pozdní Zprávy,context,Desktop,Windows,Muž,60+,Ústecký kraj,151669,527,26,3489.64,2678.29
2026-08-11,Pozdní Zprávy,context,Desktop,Windows,Muž,60+,Liberecký kraj,46588,146,5,671.08,822.69
2026-08-11,Pozdní Zprávy,context,Desktop,Windows,Muž,60+,Královéhradecký kraj,1407,10,3,402.65,24.85
2026-08-11,Pozdní Zprávy,context,Desktop,Windows,Muž,60+,Pardubický kraj,164695,558,35,4697.59,2908.31
2026-08-11,Pozdní Zprávy,context,Desktop,Windows,Muž,60+,Kraj Vysočina,142483,533,41,5502.89,2516.08
2026-08-11,Pozdní Zprávy,context,Desktop,Windows,Muž,60+,Jihomoravský kraj,96173,346,22,2952.77,1698.3
2026-08-11,Pozdní Zprávy,context,Desktop,Windows,Muž,60+,Olomoucký kraj,62682,217,24,3221.21,1106.89
2026-08-11,Pozdní Zprávy,context,Desktop,Windows,Muž,60+,Zlínský kraj,278961,968,69,9260.97,4926.11
2026-08-11,Pozdní Zprávy,context,Desktop,Windows,Muž,60+,Moravskoslezský kraj,94815,329,21,2818.56,1674.32
2026-08-11,Poštovna.cz,context,SmallScreen,Android,Muž,60+,Hlavní město Praha,1,0,0,0.0,0.01
2026-08-11,Poštovna.cz,context,SmallScreen,Android,Muž,60+,Středočeský kraj,1,0,0,0.0,0.01
2026-08-11,Poštovna.cz,context,SmallScreen,Android,Muž,60+,Jihočeský kraj,1,0,0,0.0,0.01
2026-08-11,Poštovna.cz,context,SmallScreen,Android,Muž,60+,Plzeňský kraj,1,0,0,0.0,0.01
2026-08-11,Poštovna.cz,context,SmallScreen,Android,Muž,60+,Karlovarský kraj,1,0,0,0.0,0.01
2026-08-11,Poštovna.cz,context,SmallScreen,Android,Muž,60+,Ústecký kraj,1,0,0,0.0,0.01
2026-08-11,Poštovna.cz,context,SmallScreen,Android,Muž,60+,Liberecký kraj,2,0,0,0.0,0.02
2026-08-11,Poštovna.cz,context,SmallScreen,Android,Muž,60+,Královéhradecký kraj,1,0,0,0.0,0.01
2026-08-11,Poštovna.cz,context,SmallScreen,Android,Muž,60+,Pardubický kraj,1,0,0,0.0,0.01
2026-08-11,Poštovna.cz,context,SmallScreen,Android,Muž,60+,Kraj Vysočina,2,0,0,0.0,0.02
2026-08-11,Poštovna.cz,context,SmallScreen,Android,Muž,60+,Jihomoravský kraj,1,0,0,0.0,0.01
2026-08-11,Poštovna.cz,context,SmallScreen,Android,Muž,60+,Olomoucký kraj,1,0,0,0.0,0.01
2026-08-11,Poštovna.cz,context,SmallScreen,Android,Muž,60+,Zlínský kraj,1,0,0,0.0,0.01
2026-08-11,Poštovna.cz,context,SmallScreen,Android,Muž,60+,Moravskoslezský kraj,1,0,0,0.0,0.01
2026-08-11,Poštovna.cz,context,Tablet,,Žena,Neznámý,Hlavní město Praha,1,0,0,0.0,0.0
2026-08-11,Poštovna.cz,context,Tablet,,Žena,Neznámý,Středočeský kraj,1,0,0,0.0,0.0
2026-08-11,Poštovna.cz,context,Tablet,,Žena,Neznámý,Jihočeský kraj,1,0,0,0.0,0.0
2026-08-11,Poštovna.cz,context,Tablet,,Žena,Neznámý,Plzeňský kraj,1,0,0,0.0,0.0
2026-08-11,Poštovna.cz,context,Tablet,,Žena,Neznámý,Karlovarský kraj,1,0,0,0.0,0.0
2026-08-11,Poštovna.cz,context,Tablet,,Žena,Neznámý,Ústecký kraj,1,0,0,0.0,0.0
2026-08-11,Poštovna.cz,context,Tablet,,Žena,Neznámý,Liberecký kraj,1,0,0,0.0,0.0
2026-08-11,Poštovna.cz,context,Tablet,,Žena,Neznámý,Královéhradecký kraj,1,0,0,0.0,0.0
2026-08-11,Poštovna.cz,context,Tablet,,Žena,Neznámý,Pardubický kraj,1,0,0,0.0,0.0
2026-08-11,Poštovna.cz,context,Tablet,,Žena,Neznámý,Kraj Vysočina,1,0,0,0.0,0.0
2026-08-11,Poštovna.cz,context,Tablet,,Žena,Neznámý,Jihomoravský kraj,1,0,0,0.0,0.0
2026-08-11,Poštovna.cz,context,Tablet,,Žena,Neznámý,Olomoucký kraj,1,0,0,0.0,0.0
2026-08-11,Poštovna.cz,context,Tablet,,Žena,Neznámý,Zlínský kraj,1,0,0,0.0,0.0
2026-08-11,Poštovna.cz,context,Tablet,,Žena,Neznámý,Moravskoslezský kraj,1,0,0,0.0,0.0
2026-08-11,Poštovna.cz,context,Desktop,macOS,Žena,Neznámý,Hlavní město Praha,578,0,0,0.0,4.47
2026-08-11,Poštovna.cz,context,Desktop,macOS,Žena,Neznámý,Středočeský kraj,93,0,0,0.0,0.72
2026-08-11,Poštovna.cz,context,Desktop,macOS,Žena,Neznámý,Jihočeský kraj,312,0,0,0.0,2.41
2026-08-11,Poštovna.cz,context,Desktop,macOS,Žena,Neznámý,Plzeňský kraj,593,1,0,0.0,4.59
2026-08-11,Poštovna.cz,context,Desktop,macOS,Žena,Neznámý,Karlovarský kraj,60,0,0,0.0,0.46
2026-08-11,Poštovna.cz,context,Desktop,macOS,Žena,Neznámý,Ústecký kraj,64,0,0,0.0,0.49
2026-08-11,Poštovna.cz,context,Desktop,macOS,Žena,Neznámý,Liberecký kraj,7,0,0,0.0,0.05
2026-08-11,Poštovna.cz,context,Desktop,macOS,Žena,Neznámý,Královéhradecký kraj,269,1,0,0.0,2.08
2026-08-11,Poštovna.cz,context,Desktop,macOS,Žena,Neznámý,Pardubický kraj,12,0,0,0.0,0.09
2026-08-11,Poštovna.cz,context,Desktop,macOS,Žena,Neznámý,Kraj Vysočina,600,1,0,0.0,4.64
2026-08-11,Poštovna.cz,context,Desktop,macOS,Žena,Neznámý,Jihomoravský kraj,43,0,0,0.0,0.33
2026-08-11,Poštovna.cz,context,Desktop,macOS,Žena,Neznámý,Olomoucký kraj,20,0,0,0.0,0.15
2026-08-11,Poštovna.cz,context,Desktop,macOS,Žena,Neznámý,Zlínský kraj,707,0,0,0.0,5.47
2026-08-11,Poštovna.cz,context,Desktop,macOS,Žena,Neznámý,Moravskoslezský kraj,157,0,0,0.0,1.21
2026-08-11,Poštovna.cz,context,Tablet,iPadOS,Muž,60+,Hlavní město Praha,480,3,0,0.0,7.33
2026-08-11,Poštovna.cz,context,Tablet,iPadOS,Muž,60+,Středočeský kraj,71,0,0,0.0,1.08
2026-08-11,Poštovna.cz,context,Tablet,iPadOS,Muž,60+,Jihočeský kraj,457,0,0,0.0,6.98
2026-08-11,Poštovna.cz,context,Tablet,iPadOS,Muž,60+,Plzeňský kraj,582,3,0,0.0,8.89
2026-08-11,Poštovna.cz,context,Tablet,iPadOS,Muž,60+,Karlovarský kraj,33,0,0,0.0,0.5
2026-08-11,Poštovna.cz,context,Tablet,iPadOS,Muž,60+,Ústecký kraj,558,1,0,0.0,8.52
2026-08-11,Poštovna.cz,context,Tablet,iPadOS,Muž,60+,Liberecký kraj,201,0,0,0.0,3.07
2026-08-11,Poštovna.cz,context,Tablet,iPadOS,Muž,60+,Královéhradecký kraj,79,0,0,0.0,1.21
2026-08-11,Poštovna.cz,context,Tablet,iPadOS,Muž,60+,Pardubický kraj,172,0,0,0.0,2.63
2026-08-11,Poštovna.cz,context,Tablet,iPadOS,Muž,60+,Kraj Vysočina,87,0,0,0.0,1.33
2026-08-11,Poštovna.cz,context,Tablet,iPadOS,Muž,60+,Jihomoravský kraj,188,0,0,0.0,2.87
2026-08-11,Poštovna.cz,context,Tablet,iPadOS,Muž,60+,Olomoucký kraj,748,3,0,0.0,11.43
2026-08-11,Poštovna.cz,context,Tablet,iPadOS,Muž,60+,Zlínský kraj,343,2,0,0.0,5.24
2026-08-11,Poštovna.cz,context,Tablet,iPadOS,Muž,60+,Moravskoslezský kraj,16,1,0,0.0,0.24
2026-08-11,Poštovna.cz,context,Console,Android,Muž,Neznámý,Hlavní město Praha,1,0,0,0.0,0.0
2026-08-11,Poštovna.cz,context,Console,Android,Muž,Neznámý,Středočeský kraj,1,0,0,0.0,0.0
2026-08-11,Poštovna.cz,context,Console,Android,Muž,Neznámý,Jihočeský kraj,1,0,0,0.0,0.0
2026-08-11,Poštovna.cz,context,Console,Android,Muž,Neznámý,Plzeňský kraj,1,0,0,0.0,0.0
2026-08-11,Poštovna.cz,context,Console,Android,Muž,Neznámý,Karlovarský kraj,1,0,0,0.0,0.0
2026-08-11,Poštovna.cz,context,Console,Android,Muž,Neznámý,Ústecký kraj,1,0,0,0.0,0.0
2026-08-11,Poštovna.cz,context,Console,Android,Muž,Neznámý,Liberecký kraj,1,0,0,0.0,0.0
2026-08-11,Poštovna.cz,context,Console,Android,Muž,Neznámý,Královéhradecký kraj,1,0,0,0.0,0.0
2026-08-11,Poštovna.cz,context,Console,Android,Muž,Neznámý,Pardubický kraj,1,0,0,0.0,0.0
2026-08-11,Poštovna.cz,context,Console,Android,Muž,Neznámý,Kraj Vysočina,1,0,0,0.0,0.0
2026-08-11,Poštovna.cz,context,Console,Android,Muž,Neznámý,Jihomoravský kraj,1,0,0,0.0,0.0
2026-08-11,Poštovna.cz,context,Console,Android,Muž,Neznámý,Olomoucký kraj,1,0,0,0.0,0.0
2026-08-11,Poštovna.cz,context,Console,Android,Muž,Neznámý,Zlínský kraj,1,0,0,0.0,0.0
2026-08-11,Poštovna.cz,context,Console,Android,Muž,Neznámý,Moravskoslezský kraj,1,0,0,0.0,0.0
2026-08-11,Poštovna.cz,context,Desktop,,Muž,25 - 39,Hlavní město Praha,23,0,0,0.0,0.12
2026-08-11,Poštovna.cz,context,Desktop,,Muž,25 - 39,Středočeský kraj,119,0,0,0.0,0.64
2026-08-11,Poštovna.cz,context,Desktop,,Muž,25 - 39,Jihočeský kraj,83,0,0,0.0,0.45
2026-08-11,Poštovna.cz,context,Desktop,,Muž,25 - 39,Plzeňský kraj,1603,0,0,0.0,8.64
2026-08-11,Poštovna.cz,context,Desktop,,Muž,25 - 39,Karlovarský kraj,313,1,0,0.0,1.69
2026-08-11,Poštovna.cz,context,Desktop,,Muž,25 - 39,Ústecký kraj,713,0,0,0.0,3.84
2026-08-11,Poštovna.cz,context,Desktop,,Muž,25 - 39,Liberecký kraj,170,0,0,0.0,0.92
2026-08-11,Poštovna.cz,context,Desktop,,Muž,25 - 39,Královéhradecký kraj,359,0,0,0.0,1.93
2026-08-11,Poštovna.cz,context,Desktop,,Muž,25 - 39,Pardubický kraj,31,0,0,0.0,0.17
2026-08-11,Poštovna.cz,context,Desktop,,Muž,25 - 39,Kraj Vysočina,144,0,0,0.0,0.78
2026-08-11,Poštovna.cz,context,Desktop,,Muž,25 - 39,Jihomoravský kraj,3,0,0,0.0,0.02
2026-08-11,Poštovna.cz,context,Desktop,,Muž,25 - 39,Olomoucký kraj,248,0,0,0.0,1.34
2026-08-11,Poštovna.cz,context,Desktop,,Muž,25 - 39,Zlínský kraj,523,0,0,0.0,2.82
2026-08-11,Poštovna.cz,context,Desktop,,Muž,25 - 39,Moravskoslezský kraj,184,0,0,0.0,0.99
2026-08-12,Aktualitky.cz,context,Tv,Tizen,Muž,Neznámý,Hlavní město Praha,1,0,0,0.0,0.0
2026-08-12,Aktualitky.cz,context,Tv,Tizen,Muž,Neznámý,Středočeský kraj,1,0,0,0.0,0.0
2026-08-12,Aktualitky.cz,context,Tv,Tizen,Muž,Neznámý,Jihočeský kraj,1,0,0,0.0,0.0
2026-08-12,Aktualitky.cz,context,Tv,Tizen,Muž,Neznámý,Plzeňský kraj,1,0,0,0.0,0.0
2026-08-12,Aktualitky.cz,context,Tv,Tizen,Muž,Neznámý,Karlovarský kraj,1,0,0,0.0,0.0
2026-08-12,Aktualitky.cz,context,Tv,Tizen,Muž,Neznámý,Ústecký kraj,1,0,0,0.0,0.0
2026-08-12,Aktualitky.cz,context,Tv,Tizen,Muž,Neznámý,Liberecký kraj,1,0,0,0.0,0.0
2026-08-12,Aktualitky.cz,context,Tv,Tizen,Muž,Neznámý,Královéhradecký kraj,1,0,0,0.0,0.0
2026-08-12,Aktualitky.cz,context,Tv,Tizen,Muž,Neznámý,Pardubický kraj,1,0,0,0.0,0.0
2026-08-12,Aktualitky.cz,context,Tv,Tizen,Muž,Neznámý,Kraj Vysočina,1,0,0,0.0,0.0
2026-08-12,Aktualitky.cz,context,Tv,Tizen,Muž,Neznámý,Jihomoravský kraj,1,0,0,0.0,0.0
2026-08-12,Aktualitky.cz,context,Tv,Tizen,Muž,Neznámý,Olomoucký kraj,1,0,0,0.0,0.0
2026-08-12,Aktualitky.cz,context,Tv,Tizen,Muž,Neznámý,Zlínský kraj,1,0,0,0.0,0.0
2026-08-12,Aktualitky.cz,context,Tv,Tizen,Muž,Neznámý,Moravskoslezský kraj,1,0,0,0.0,0.0
2026-08-12,Aktualitky.cz,context,Desktop,,Žena,60+,Hlavní město Praha,12034,47,0,0.0,404.24
2026-08-12,Aktualitky.cz,context,Desktop,,Žena,60+,Středočeský kraj,664,4,0,0.0,22.3
2026-08-12,Aktualitky.cz,context,Desktop,,Žena,60+,Jihočeský kraj,67,2,0,0.0,2.25
2026-08-12,Aktualitky.cz,context,Desktop,,Žena,60+,Plzeňský kraj,10379,40,0,0.0,348.65
2026-08-12,Aktualitky.cz,context,Desktop,,Žena,60+,Karlovarský kraj,2065,13,0,0.0,69.37
2026-08-12,Aktualitky.cz,context,Desktop,,Žena,60+,Ústecký kraj,3281,14,1,361.11,110.21
2026-08-12,Aktualitky.cz,context,Desktop,,Žena,60+,Liberecký kraj,184,1,0,0.0,6.18
2026-08-12,Aktualitky.cz,context,Desktop,,Žena,60+,Královéhradecký kraj,260,1,0,0.0,8.73
2026-08-12,Aktualitky.cz,context,Desktop,,Žena,60+,Pardubický kraj,10749,40,1,361.11,361.08
2026-08-12,Aktualitky.cz,context,Desktop,,Žena,60+,Kraj Vysočina,801,2,0,0.0,26.91
2026-08-12,Aktualitky.cz,context,Desktop,,Žena,60+,Jihomoravský kraj,370,0,0,0.0,12.43
2026-08-12,Aktualitky.cz,context,Desktop,,Žena,60+,Olomoucký kraj,6427,24,0,0.0,215.89
2026-08-12,Aktualitky.cz,context,Desktop,,Žena,60+,Zlínský kraj,2153,10,0,0.0,72.32
2026-08-12,Aktualitky.cz,context,Desktop,,Žena,60+,Moravskoslezský kraj,1067,5,0,0.0,35.84
2026-08-12,Aktualitky.cz,context,Desktop,ChromeOS,Muž,Neznámý,Hlavní město Praha,20,0,0,0.0,0.1
2026-08-12,Aktualitky.cz,context,Desktop,ChromeOS,Muž,Neznámý,Středočeský kraj,14,0,0,0.0,0.07
2026-08-12,Aktualitky.cz,context,Desktop,ChromeOS,Muž,Neznámý,Jihočeský kraj,11,0,0,0.0,0.05
2026-08-12,Aktualitky.cz,context,Desktop,ChromeOS,Muž,Neznámý,Plzeňský kraj,10,0,0,0.0,0.05
2026-08-12,Aktualitky.cz,context,Desktop,ChromeOS,Muž,Neznámý,Karlovarský kraj,12,0,0,0.0,0.06
2026-08-12,Aktualitky.cz,context,Desktop,ChromeOS,Muž,Neznámý,Ústecký kraj,28,0,0,0.0,0.13
2026-08-12,Aktualitky.cz,context,Desktop,ChromeOS,Muž,Neznámý,Liberecký kraj,15,0,0,0.0,0.07
2026-08-12,Aktualitky.cz,context,Desktop,ChromeOS,Muž,Neznámý,Královéhradecký kraj,24,0,0,0.0,0.12
2026-08-12,Aktualitky.cz,context,Desktop,ChromeOS,Muž,Neznámý,Pardubický kraj,37,0,0,0.0,0.18
2026-08-12,Aktualitky.cz,context,Desktop,ChromeOS,Muž,Neznámý,Kraj Vysočina,12,0,0,0.0,0.06
2026-08-12,Aktualitky.cz,context,Desktop,ChromeOS,Muž,Neznámý,Jihomoravský kraj,13,0,0,0.0,0.06
2026-08-12,Aktualitky.cz,context,Desktop,ChromeOS,Muž,Neznámý,Olomoucký kraj,1,0,0,0.0,0.0
2026-08-12,Aktualitky.cz,context,Desktop,ChromeOS,Muž,Neznámý,Zlínský kraj,5,0,0,0.0,0.02
2026-08-12,Aktualitky.cz,context,Desktop,ChromeOS,Muž,Neznámý,Moravskoslezský kraj,6,0,0,0.0,0.03
2026-08-12,Aktualitky.cz,context,Desktop,Windows,Neznámý,40 - 59,Hlavní město Praha,3,0,0,0.0,0.02
2026-08-12,Aktualitky.cz,context,Desktop,Windows,Neznámý,40 - 59,Středočeský kraj,3,0,0,0.0,0.02
2026-08-12,Aktualitky.cz,context,Desktop,Windows,Neznámý,40 - 59,Jihočeský kraj,7,0,0,0.0,0.04
2026-08-12,Aktualitky.cz,context,Desktop,Windows,Neznámý,40 - 59,Plzeňský kraj,2,0,0,0.0,0.01
2026-08-12,Aktualitky.cz,context,Desktop,Windows,Neznámý,40 - 59,Karlovarský kraj,16,0,0,0.0,0.1
2026-08-12,Aktualitky.cz,context,Desktop,Windows,Neznámý,40 - 59,Ústecký kraj,7,0,0,0.0,0.04
2026-08-12,Aktualitky.cz,context,Desktop,Windows,Neznámý,40 - 59,Liberecký kraj,13,0,0,0.0,0.08
2026-08-12,Aktualitky.cz,context,Desktop,Windows,Neznámý,40 - 59,Královéhradecký kraj,1,0,0,0.0,0.01
2026-08-12,Aktualitky.cz,context,Desktop,Windows,Neznámý,40 - 59,Pardubický kraj,1,0,0,0.0,0.01
2026-08-12,Aktualitky.cz,context,Desktop,Windows,Neznámý,40 - 59,Kraj Vysočina,1,0,0,0.0,0.01
2026-08-12,Aktualitky.cz,context,Desktop,Windows,Neznámý,40 - 59,Jihomoravský kraj,4,0,0,0.0,0.02
2026-08-12,Aktualitky.cz,context,Desktop,Windows,Neznámý,40 - 59,Olomoucký kraj,7,0,0,0.0,0.04
2026-08-12,Aktualitky.cz,context,Desktop,Windows,Neznámý,40 - 59,Zlínský kraj,2,0,0,0.0,0.01
2026-08-12,Aktualitky.cz,context,Desktop,Windows,Neznámý,40 - 59,Moravskoslezský kraj,7,0,0,0.0,0.04
2026-08-12,Aktualitky.cz,context,SmartPhone,Ubuntu,Muž,40 - 59,Hlavní město Praha,1,0,0,0.0,0.0
2026-08-12,Aktualitky.cz,context,SmartPhone,Ubuntu,Muž,40 - 59,Středočeský kraj,1,0,0,0.0,0.0
2026-08-12,Aktualitky.cz,context,SmartPhone,Ubuntu,Muž,40 - 59,Jihočeský kraj,1,0,0,0.0,0.0
2026-08-12,Aktualitky.cz,context,SmartPhone,Ubuntu,Muž,40 - 59,Plzeňský kraj,1,0,0,0.0,0.0
2026-08-12,Aktualitky.cz,context,SmartPhone,Ubuntu,Muž,40 - 59,Karlovarský kraj,1,0,0,0.0,0.0
2026-08-12,Aktualitky.cz,context,SmartPhone,Ubuntu,Muž,40 - 59,Ústecký kraj,1,0,0,0.0,0.0
2026-08-12,Aktualitky.cz,context,SmartPhone,Ubuntu,Muž,40 - 59,Liberecký kraj,1,0,0,0.0,0.0
2026-08-12,Aktualitky.cz,context,SmartPhone,Ubuntu,Muž,40 - 59,Královéhradecký kraj,1,0,0,0.0,0.0
2026-08-12,Aktualitky.cz,context,SmartPhone,Ubuntu,Muž,40 - 59,Pardubický kraj,1,0,0,0.0,0.0
2026-08-12,Aktualitky.cz,context,SmartPhone,Ubuntu,Muž,40 - 59,Kraj Vysočina,1,0,0,0.0,0.0
2026-08-12,Aktualitky.cz,context,SmartPhone,Ubuntu,Muž,40 - 59,Jihomoravský kraj,1,0,0,0.0,0.0
2026-08-12,Aktualitky.cz,context,SmartPhone,Ubuntu,Muž,40 - 59,Olomoucký kraj,1,0,0,0.0,0.0
2026-08-12,Aktualitky.cz,context,SmartPhone,Ubuntu,Muž,40 - 59,Zlínský kraj,1,0,0,0.0,0.0
2026-08-12,Aktualitky.cz,context,SmartPhone,Ubuntu,Muž,40 - 59,Moravskoslezský kraj,1,0,0,0.0,0.0
2026-08-12,Baráky.cz,context,Tv,Tizen,Žena,40 - 59,Hlavní město Praha,1,0,0,0.0,0.0
2026-08-12,Baráky.cz,context,Tv,Tizen,Žena,40 - 59,Středočeský kraj,2,0,0,0.0,0.0
2026-08-12,Baráky.cz,context,Tv,Tizen,Žena,40 - 59,Jihočeský kraj,1,0,0,0.0,0.0
2026-08-12,Baráky.cz,context,Tv,Tizen,Žena,40 - 59,Plzeňský kraj,1,0,0,0.0,0.0
2026-08-12,Baráky.cz,context,Tv,Tizen,Žena,40 - 59,Karlovarský kraj,1,0,0,0.0,0.0
2026-08-12,Baráky.cz,context,Tv,Tizen,Žena,40 - 59,Ústecký kraj,1,0,0,0.0,0.0
2026-08-12,Baráky.cz,context,Tv,Tizen,Žena,40 - 59,Liberecký kraj,1,0,0,0.0,0.0
2026-08-12,Baráky.cz,context,Tv,Tizen,Žena,40 - 59,Královéhradecký kraj,1,0,0,0.0,0.0
2026-08-12,Baráky.cz,context,Tv,Tizen,Žena,40 - 59,Pardubický kraj,1,0,0,0.0,0.0
2026-08-12,Baráky.cz,context,Tv,Tizen,Žena,40 - 59,Kraj Vysočina,2,0,0,0.0,0.0
2026-08-12,Baráky.cz,context,Tv,Tizen,Žena,40 - 59,Jihomoravský kraj,1,0,0,0.0,0.0
2026-08-12,Baráky.cz,context,Tv,Tizen,Žena,40 - 59,Olomoucký kraj,1,0,0,0.0,0.0
2026-08-12,Baráky.cz,context,Tv,Tizen,Žena,40 - 59,Zlínský kraj,1,0,0,0.0,0.0
2026-08-12,Baráky.cz,context,Tv,Tizen,Žena,40 - 59,Moravskoslezský kraj,2,0,0,0.0,0.0
2026-08-12,Baráky.cz,context,Desktop,,Žena,Neznámý,Hlavní město Praha,1022,0,0,0.0,0.67
2026-08-12,Baráky.cz,context,Desktop,,Žena,Neznámý,Středočeský kraj,42,0,0,0.0,0.03
2026-08-12,Baráky.cz,context,Desktop,,Žena,Neznámý,Jihočeský kraj,419,0,0,0.0,0.27
2026-08-12,Baráky.cz,context,Desktop,,Žena,Neznámý,Plzeňský kraj,294,0,0,0.0,0.19
2026-08-12,Baráky.cz,context,Desktop,,Žena,Neznámý,Karlovarský kraj,169,0,0,0.0,0.11
2026-08-12,Baráky.cz,context,Desktop,,Žena,Neznámý,Ústecký kraj,724,0,0,0.0,0.47
2026-08-12,Baráky.cz,context,Desktop,,Žena,Neznámý,Liberecký kraj,366,0,0,0.0,0.24
2026-08-12,Baráky.cz,context,Desktop,,Žena,Neznámý,Královéhradecký kraj,309,0,0,0.0,0.2
2026-08-12,Baráky.cz,context,Desktop,,Žena,Neznámý,Pardubický kraj,329,0,0,0.0,0.22
2026-08-12,Baráky.cz,context,Desktop,,Žena,Neznámý,Kraj Vysočina,211,0,0,0.0,0.14
2026-08-12,Baráky.cz,context,Desktop,,Žena,Neznámý,Jihomoravský kraj,130,0,0,0.0,0.09
2026-08-12,Baráky.cz,context,Desktop,,Žena,Neznámý,Olomoucký kraj,373,0,0,0.0,0.24
2026-08-12,Baráky.cz,context,Desktop,,Žena,Neznámý,Zlínský kraj,63,0,0,0.0,0.04
2026-08-12,Baráky.cz,context,Desktop,,Žena,Neznámý,Moravskoslezský kraj,399,0,0,0.0,0.26
2026-08-12,Baráky.cz,context,Desktop,macOS,Žena,Neznámý,Hlavní město Praha,1645,0,0,0.0,7.95
2026-08-12,Baráky.cz,context,Desktop,macOS,Žena,Neznámý,Středočeský kraj,1192,1,0,0.0,5.76
2026-08-12,Baráky.cz,context,Desktop,macOS,Žena,Neznámý,Jihočeský kraj,783,1,0,0.0,3.78
2026-08-12,Baráky.cz,context,Desktop,macOS,Žena,Neznámý,Plzeňský kraj,1137,1,0,0.0,5.49
2026-08-12,Baráky.cz,context,Desktop,macOS,Žena,Neznámý,Karlovarský kraj,722,0,0,0.0,3.49
2026-08-12,Baráky.cz,context,Desktop,macOS,Žena,Neznámý,Ústecký kraj,595,0,0,0.0,2.88
2026-08-12,Baráky.cz,context,Desktop,macOS,Žena,Neznámý,Liberecký kraj,1136,2,0,0.0,5.49
2026-08-12,Baráky.cz,context,Desktop,macOS,Žena,Neznámý,Královéhradecký kraj,320,1,0,0.0,1.55
2026-08-12,Baráky.cz,context,Desktop,macOS,Žena,Neznámý,Pardubický kraj,1956,3,0,0.0,9.45
2026-08-12,Baráky.cz,context,Desktop,macOS,Žena,Neznámý,Kraj Vysočina,444,1,0,0.0,2.15
2026-08-12,Baráky.cz,context,Desktop,macOS,Žena,Neznámý,Jihomoravský kraj,486,0,0,0.0,2.35
2026-08-12,Baráky.cz,context,Desktop,macOS,Žena,Neznámý,Olomoucký kraj,1109,0,0,0.0,5.36
2026-08-12,Baráky.cz,context,Desktop,macOS,Žena,Neznámý,Zlínský kraj,383,0,0,0.0,1.85
2026-08-12,Baráky.cz,context,Desktop,macOS,Žena,Neznámý,Moravskoslezský kraj,1584,2,0,0.0,7.66
2026-08-12,Blogeria.cz,context,SmartPhone,Android,Muž,25 - 39,Hlavní město Praha,5402,10,0,0.0,59.46
2026-08-12,Blogeria.cz,context,SmartPhone,Android,Muž,25 - 39,Středočeský kraj,3780,7,0,0.0,41.61
2026-08-12,Blogeria.cz,context,SmartPhone,Android,Muž,25 - 39,Jihočeský kraj,8590,16,3,0.0,94.55
2026-08-12,Blogeria.cz,context,SmartPhone,Android,Muž,25 - 39,Plzeňský kraj,22897,54,3,0.0,252.03
2026-08-12,Blogeria.cz,context,SmartPhone,Android,Muž,25 - 39,Karlovarský kraj,2440,8,0,0.0,26.86
2026-08-12,Blogeria.cz,context,SmartPhone,Android,Muž,25 - 39,Ústecký kraj,380,0,0,0.0,4.18
2026-08-12,Blogeria.cz,context,SmartPhone,Android,Muž,25 - 39,Liberecký kraj,10863,18,1,0.0,119.57
2026-08-12,Blogeria.cz,context,SmartPhone,Android,Muž,25 - 39,Královéhradecký kraj,9512,18,0,0.0,104.7
2026-08-12,Blogeria.cz,context,SmartPhone,Android,Muž,25 - 39,Pardubický kraj,108,0,0,0.0,1.19
2026-08-12,Blogeria.cz,context,SmartPhone,Android,Muž,25 - 39,Kraj Vysočina,11433,24,1,0.0,125.84
2026-08-12,Blogeria.cz,context,SmartPhone,Android,Muž,25 - 39,Jihomoravský kraj,9589,20,0,0.0,105.55
2026-08-12,Blogeria.cz,context,SmartPhone,Android,Muž,25 - 39,Olomoucký kraj,2123,7,1,0.0,23.37
2026-08-12,Blogeria.cz,context,SmartPhone,Android,Muž,25 - 39,Zlínský kraj,1011,0,0,0.0,11.13
2026-08-12,Blogeria.cz,context,SmartPhone,Android,Muž,25 - 39,Moravskoslezský kraj,8588,17,1,0.0,94.53
2026-08-12,Drbárna.cz,context,Desktop,Windows,Muž,60+,Hlavní město Praha,272631,708,58,125786.72,3430.51
2026-08-12,Drbárna.cz,context,Desktop,Windows,Muž,60+,Středočeský kraj,247865,649,49,106268.09,3118.88
2026-08-12,Drbárna.cz,context,Desktop,Windows,Muž,60+,Jihočeský kraj,110441,256,14,30362.31,1389.68
2026-08-12,Drbárna.cz,context,Desktop,Windows,Muž,60+,Plzeňský kraj,12349,48,3,6506.21,155.39
2026-08-12,Drbárna.cz,context,Desktop,Windows,Muž,60+,Karlovarský kraj,115948,299,30,65062.1,1458.97
2026-08-12,Drbárna.cz,context,Desktop,Windows,Muž,60+,Ústecký kraj,47054,106,6,13012.42,592.08
2026-08-12,Drbárna.cz,context,Desktop,Windows,Muž,60+,Liberecký kraj,45876,115,13,28193.58,577.26
2026-08-12,Drbárna.cz,context,Desktop,Windows,Muž,60+,Královéhradecký kraj,293167,792,54,117111.78,3688.92
2026-08-12,Drbárna.cz,context,Desktop,Windows,Muž,60+,Pardubický kraj,473526,1226,89,193017.56,5958.37
2026-08-12,Drbárna.cz,context,Desktop,Windows,Muž,60+,Kraj Vysočina,46887,114,6,13012.42,589.98
2026-08-12,Drbárna.cz,context,Desktop,Windows,Muž,60+,Jihomoravský kraj,30234,75,5,10843.68,380.43
2026-08-12,Drbárna.cz,context,Desktop,Windows,Muž,60+,Olomoucký kraj,175807,430,31,67230.83,2212.18
2026-08-12,Drbárna.cz,context,Desktop,Windows,Muž,60+,Zlínský kraj,226059,570,48,104099.36,2844.5
2026-08-12,Drbárna.cz,context,Desktop,Windows,Muž,60+,Moravskoslezský kraj,139298,346,25,54218.42,1752.79
2026-08-12,Drbárna.cz,context,Tv,Tizen,Muž,25 - 39,Hlavní město Praha,1,0,0,0.0,0.0
2026-08-12,Drbárna.cz,context,Tv,Tizen,Muž,25 - 39,Středočeský kraj,1,0,0,0.0,0.0
2026-08-12,Drbárna.cz,context,Tv,Tizen,Muž,25 - 39,Jihočeský kraj,1,0,0,0.0,0.0
2026-08-12,Drbárna.cz,context,Tv,Tizen,Muž,25 - 39,Plzeňský kraj,1,0,0,0.0,0.0
2026-08-12,Drbárna.cz,context,Tv,Tizen,Muž,25 - 39,Karlovarský kraj,1,0,0,0.0,0.0
2026-08-12,Drbárna.cz,context,Tv,Tizen,Muž,25 - 39,Ústecký kraj,1,0,0,0.0,0.0
2026-08-12,Drbárna.cz,context,Tv,Tizen,Muž,25 - 39,Liberecký kraj,1,0,0,0.0,0.0
2026-08-12,Drbárna.cz,context,Tv,Tizen,Muž,25 - 39,Královéhradecký kraj,1,0,0,0.0,0.0
2026-08-12,Drbárna.cz,context,Tv,Tizen,Muž,25 - 39,Pardubický kraj,1,0,0,0.0,0.0
2026-08-12,Drbárna.cz,context,Tv,Tizen,Muž,25 - 39,Kraj Vysočina,1,0,0,0.0,0.0
2026-08-12,Drbárna.cz,context,Tv,Tizen,Muž,25 - 39,Jihomoravský kraj,1,0,0,0.0,0.0
2026-08-12,Drbárna.cz,context,Tv,Tizen,Muž,25 - 39,Olomoucký kraj,1,0,0,0.0,0.0
2026-08-12,Drbárna.cz,context,Tv,Tizen,Muž,25 - 39,Zlínský kraj,1,0,0,0.0,0.0
2026-08-12,Drbárna.cz,context,Tv,Tizen,Muž,25 - 39,Moravskoslezský kraj,1,0,0,0.0,0.0
2026-08-12,Drbárna.cz,context,Tablet,,Žena,Neznámý,Hlavní město Praha,1,0,0,0.0,0.0
2026-08-12,Drbárna.cz,context,Tablet,,Žena,Neznámý,Středočeský kraj,1,0,0,0.0,0.0
2026-08-12,Drbárna.cz,context,Tablet,,Žena,Neznámý,Jihočeský kraj,1,0,0,0.0,0.0
2026-08-12,Drbárna.cz,context,Tablet,,Žena,Neznámý,Plzeňský kraj,1,0,0,0.0,0.0
2026-08-12,Drbárna.cz,context,Tablet,,Žena,Neznámý,Karlovarský kraj,1,0,0,0.0,0.0
2026-08-12,Drbárna.cz,context,Tablet,,Žena,Neznámý,Ústecký kraj,1,0,0,0.0,0.0
2026-08-12,Drbárna.cz,context,Tablet,,Žena,Neznámý,Liberecký kraj,1,0,0,0.0,0.0
2026-08-12,Drbárna.cz,context,Tablet,,Žena,Neznámý,Královéhradecký kraj,1,0,0,0.0,0.0
2026-08-12,Drbárna.cz,context,Tablet,,Žena,Neznámý,Pardubický kraj,1,0,0,0.0,0.0
2026-08-12,Drbárna.cz,context,Tablet,,Žena,Neznámý,Kraj Vysočina,1,0,0,0.0,0.0
2026-08-12,Drbárna.cz,context,Tablet,,Žena,Neznámý,Jihomoravský kraj,1,0,0,0.0,0.0
2026-08-12,Drbárna.cz,context,Tablet,,Žena,Neznámý,Olomoucký kraj,1,0,0,0.0,0.0
2026-08-12,Drbárna.cz,context,Tablet,,Žena,Neznámý,Zlínský kraj,1,0,0,0.0,0.0
2026-08-12,Drbárna.cz,context,Tablet,,Žena,Neznámý,Moravskoslezský kraj,1,0,0,0.0,0.0
2026-08-12,Drbárna.cz,context,Desktop,macOS,Žena,40 - 59,Hlavní město Praha,3842,4,0,0.0,29.49
2026-08-12,Drbárna.cz,context,Desktop,macOS,Žena,40 - 59,Středočeský kraj,13037,19,3,530.9,100.06
2026-08-12,Drbárna.cz,context,Desktop,macOS,Žena,40 - 59,Jihočeský kraj,8483,14,0,0.0,65.11
2026-08-12,Drbárna.cz,context,Desktop,macOS,Žena,40 - 59,Plzeňský kraj,12425,7,1,176.97,95.36
2026-08-12,Drbárna.cz,context,Desktop,macOS,Žena,40 - 59,Karlovarský kraj,1059,1,0,0.0,8.13
2026-08-12,Drbárna.cz,context,Desktop,macOS,Žena,40 - 59,Ústecký kraj,13282,11,0,0.0,101.94
2026-08-12,Drbárna.cz,context,Desktop,macOS,Žena,40 - 59,Liberecký kraj,2510,2,0,0.0,19.26
2026-08-12,Drbárna.cz,context,Desktop,macOS,Žena,40 - 59,Královéhradecký kraj,4882,3,0,0.0,37.47
2026-08-12,Drbárna.cz,context,Desktop,macOS,Žena,40 - 59,Pardubický kraj,5735,4,0,0.0,44.02
2026-08-12,Drbárna.cz,context,Desktop,macOS,Žena,40 - 59,Kraj Vysočina,14721,16,1,176.97,112.99
2026-08-12,Drbárna.cz,context,Desktop,macOS,Žena,40 - 59,Jihomoravský kraj,3444,2,0,0.0,26.43
2026-08-12,Drbárna.cz,context,Desktop,macOS,Žena,40 - 59,Olomoucký kraj,9006,9,1,176.97,69.12
2026-08-12,Drbárna.cz,context,Desktop,macOS,Žena,40 - 59,Zlínský kraj,1707,1,0,0.0,13.1
2026-08-12,Drbárna.cz,context,Desktop,macOS,Žena,40 - 59,Moravskoslezský kraj,21035,28,0,0.0,161.45
2026-08-12,Drbárna.cz,context,Desktop,macOS,Muž,25 - 39,Hlavní město Praha,3440,4,0,0.0,30.33
2026-08-12,Drbárna.cz,context,Desktop,macOS,Muž,25 - 39,Středočeský kraj,5603,2,1,0.0,49.39
2026-08-12,Drbárna.cz,context,Desktop,macOS,Muž,25 - 39,Jihočeský kraj,1616,1,0,0.0,14.25
2026-08-12,Drbárna.cz,context,Desktop,macOS,Muž,25 - 39,Plzeňský kraj,1857,2,0,0.0,16.37
2026-08-12,Drbárna.cz,context,Desktop,macOS,Muž,25 - 39,Karlovarský kraj,1169,2,0,0.0,10.31
2026-08-12,Drbárna.cz,context,Desktop,macOS,Muž,25 - 39,Ústecký kraj,3410,1,0,0.0,30.06
2026-08-12,Drbárna.cz,context,Desktop,macOS,Muž,25 - 39,Liberecký kraj,2820,3,0,0.0,24.86
2026-08-12,Drbárna.cz,context,Desktop,macOS,Muž,25 - 39,Královéhradecký kraj,202,0,0,0.0,1.78
2026-08-12,Drbárna.cz,context,Desktop,macOS,Muž,25 - 39,Pardubický kraj,5537,4,0,0.0,48.81
2026-08-12,Drbárna.cz,context,Desktop,macOS,Muž,25 - 39,Kraj Vysočina,5509,4,0,0.0,48.57
2026-08-12,Drbárna.cz,context,Desktop,macOS,Muž,25 - 39,Jihomoravský kraj,89,0,0,0.0,0.78
2026-08-12,Drbárna.cz,context,Desktop,macOS,Muž,25 - 39,Olomoucký kraj,362,0,0,0.0,3.19
2026-08-12,Drbárna.cz,context,Desktop,macOS,Muž,25 - 39,Zlínský kraj,1988,0,0,0.0,17.53
2026-08-12,Drbárna.cz,context,Desktop,macOS,Muž,25 - 39,Moravskoslezský kraj,3375,3,0,0.0,29.75
2026-08-12,Kliknito.cz,context,Tv,Tizen,Muž,18 - 24,Hlavní město Praha,1,0,0,0.0,0.0
2026-08-12,Kliknito.cz,context,Tv,Tizen,Muž,18 - 24,Středočeský kraj,1,0,0,0.0,0.0
2026-08-12,Kliknito.cz,context,Tv,Tizen,Muž,18 - 24,Jihočeský kraj,1,0,0,0.0,0.0
2026-08-12,Kliknito.cz,context,Tv,Tizen,Muž,18 - 24,Plzeňský kraj,1,0,0,0.0,0.0
2026-08-12,Kliknito.cz,context,Tv,Tizen,Muž,18 - 24,Karlovarský kraj,1,0,0,0.0,0.0
2026-08-12,Kliknito.cz,context,Tv,Tizen,Muž,18 - 24,Ústecký kraj,1,0,0,0.0,0.0
2026-08-12,Kliknito.cz,context,Tv,Tizen,Muž,18 - 24,Liberecký kraj,1,0,0,0.0,0.0
2026-08-12,Kliknito.cz,context,Tv,Tizen,Muž,18 - 24,Královéhradecký kraj,1,0,0,0.0,0.0
2026-08-12,Kliknito.cz,context,Tv,Tizen,Muž,18 - 24,Pardubický kraj,1,0,0,0.0,0.0
2026-08-12,Kliknito.cz,context,Tv,Tizen,Muž,18 - 24,Kraj Vysočina,1,0,0,0.0,0.0
2026-08-12,Kliknito.cz,context,Tv,Tizen,Muž,18 - 24,Jihomoravský kraj,1,0,0,0.0,0.0
2026-08-12,Kliknito.cz,context,Tv,Tizen,Muž,18 - 24,Olomoucký kraj,1,0,0,0.0,0.0
2026-08-12,Kliknito.cz,context,Tv,Tizen,Muž,18 - 24,Zlínský kraj,1,0,0,0.0,0.0
2026-08-12,Kliknito.cz,context,Tv,Tizen,Muž,18 - 24,Moravskoslezský kraj,1,0,0,0.0,0.0
2026-08-12,Kliknito.cz,context,Tablet,iOS,Muž,18 - 24,Hlavní město Praha,1,0,0,0.0,0.0
2026-08-12,Kliknito.cz,context,Tablet,iOS,Muž,18 - 24,Středočeský kraj,1,0,0,0.0,0.0
2026-08-12,Kliknito.cz,context,Tablet,iOS,Muž,18 - 24,Jihočeský kraj,1,0,0,0.0,0.0
2026-08-12,Kliknito.cz,context,Tablet,iOS,Muž,18 - 24,Plzeňský kraj,1,0,0,0.0,0.0
2026-08-12,Kliknito.cz,context,Tablet,iOS,Muž,18 - 24,Karlovarský kraj,1,0,0,0.0,0.0
2026-08-12,Kliknito.cz,context,Tablet,iOS,Muž,18 - 24,Ústecký kraj,1,0,0,0.0,0.0
2026-08-12,Kliknito.cz,context,Tablet,iOS,Muž,18 - 24,Liberecký kraj,1,0,0,0.0,0.0
2026-08-12,Kliknito.cz,context,Tablet,iOS,Muž,18 - 24,Královéhradecký kraj,1,0,0,0.0,0.0
2026-08-12,Kliknito.cz,context,Tablet,iOS,Muž,18 - 24,Pardubický kraj,1,0,0,0.0,0.0
2026-08-12,Kliknito.cz,context,Tablet,iOS,Muž,18 - 24,Kraj Vysočina,1,0,0,0.0,0.0
2026-08-12,Kliknito.cz,context,Tablet,iOS,Muž,18 - 24,Jihomoravský kraj,1,0,0,0.0,0.0
2026-08-12,Kliknito.cz,context,Tablet,iOS,Muž,18 - 24,Olomoucký kraj,1,0,0,0.0,0.0
2026-08-12,Kliknito.cz,context,Tablet,iOS,Muž,18 - 24,Zlínský kraj,1,0,0,0.0,0.0
2026-08-12,Kliknito.cz,context,Tablet,iOS,Muž,18 - 24,Moravskoslezský kraj,1,0,0,0.0,0.0
2026-08-12,Kopačka.cz,context,Tv,,Muž,18 - 24,Hlavní město Praha,1,0,0,0.0,0.0
2026-08-12,Kopačka.cz,context,Tv,,Muž,18 - 24,Středočeský kraj,1,0,0,0.0,0.0
2026-08-12,Kopačka.cz,context,Tv,,Muž,18 - 24,Jihočeský kraj,1,0,0,0.0,0.0
2026-08-12,Kopačka.cz,context,Tv,,Muž,18 - 24,Plzeňský kraj,1,0,0,0.0,0.0
2026-08-12,Kopačka.cz,context,Tv,,Muž,18 - 24,Karlovarský kraj,1,0,0,0.0,0.0
2026-08-12,Kopačka.cz,context,Tv,,Muž,18 - 24,Ústecký kraj,1,0,0,0.0,0.0
2026-08-12,Kopačka.cz,context,Tv,,Muž,18 - 24,Liberecký kraj,1,0,0,0.0,0.0
2026-08-12,Kopačka.cz,context,Tv,,Muž,18 - 24,Královéhradecký kraj,1,0,0,0.0,0.0
2026-08-12,Kopačka.cz,context,Tv,,Muž,18 - 24,Pardubický kraj,1,0,0,0.0,0.0
2026-08-12,Kopačka.cz,context,Tv,,Muž,18 - 24,Kraj Vysočina,1,0,0,0.0,0.0
2026-08-12,Kopačka.cz,context,Tv,,Muž,18 - 24,Jihomoravský kraj,1,0,0,0.0,0.0
2026-08-12,Kopačka.cz,context,Tv,,Muž,18 - 24,Olomoucký kraj,1,0,0,0.0,0.0
2026-08-12,Kopačka.cz,context,Tv,,Muž,18 - 24,Zlínský kraj,1,0,0,0.0,0.0
2026-08-12,Kopačka.cz,context,Tv,,Muž,18 - 24,Moravskoslezský kraj,1,0,0,0.0,0.0
2026-08-12,Kopačka.cz,context,Desktop,ChromeOS,Muž,Neznámý,Hlavní město Praha,12,0,0,0.0,0.04
2026-08-12,Kopačka.cz,context,Desktop,ChromeOS,Muž,Neznámý,Středočeský kraj,38,0,0,0.0,0.14
2026-08-12,Kopačka.cz,context,Desktop,ChromeOS,Muž,Neznámý,Jihočeský kraj,15,0,0,0.0,0.06
2026-08-12,Kopačka.cz,context,Desktop,ChromeOS,Muž,Neznámý,Plzeňský kraj,4,0,0,0.0,0.01
2026-08-12,Kopačka.cz,context,Desktop,ChromeOS,Muž,Neznámý,Karlovarský kraj,12,0,0,0.0,0.04
2026-08-12,Kopačka.cz,context,Desktop,ChromeOS,Muž,Neznámý,Ústecký kraj,11,0,0,0.0,0.04
2026-08-12,Kopačka.cz,context,Desktop,ChromeOS,Muž,Neznámý,Liberecký kraj,17,0,0,0.0,0.06
2026-08-12,Kopačka.cz,context,Desktop,ChromeOS,Muž,Neznámý,Královéhradecký kraj,3,0,0,0.0,0.01
2026-08-12,Kopačka.cz,context,Desktop,ChromeOS,Muž,Neznámý,Pardubický kraj,30,0,0,0.0,0.11
2026-08-12,Kopačka.cz,context,Desktop,ChromeOS,Muž,Neznámý,Kraj Vysočina,4,0,0,0.0,0.01
2026-08-12,Kopačka.cz,context,Desktop,ChromeOS,Muž,Neznámý,Jihomoravský kraj,1,0,0,0.0,0.0
2026-08-12,Kopačka.cz,context,Desktop,ChromeOS,Muž,Neznámý,Olomoucký kraj,2,0,0,0.0,0.01
2026-08-12,Kopačka.cz,context,Desktop,ChromeOS,Muž,Neznámý,Zlínský kraj,16,0,0,0.0,0.06
2026-08-12,Kopačka.cz,context,Desktop,ChromeOS,Muž,Neznámý,Moravskoslezský kraj,11,0,0,0.0,0.04
2026-08-12,Kopačka.cz,context,Tv,Tizen,Muž,18 - 24,Hlavní město Praha,1,0,0,0.0,0.0
2026-08-12,Kopačka.cz,context,Tv,Tizen,Muž,18 - 24,Středočeský kraj,1,0,0,0.0,0.0
2026-08-12,Kopačka.cz,context,Tv,Tizen,Muž,18 - 24,Jihočeský kraj,1,0,0,0.0,0.0
2026-08-12,Kopačka.cz,context,Tv,Tizen,Muž,18 - 24,Plzeňský kraj,1,0,0,0.0,0.0
2026-08-12,Kopačka.cz,context,Tv,Tizen,Muž,18 - 24,Karlovarský kraj,1,0,0,0.0,0.0
2026-08-12,Kopačka.cz,context,Tv,Tizen,Muž,18 - 24,Ústecký kraj,1,0,0,0.0,0.0
2026-08-12,Kopačka.cz,context,Tv,Tizen,Muž,18 - 24,Liberecký kraj,1,0,0,0.0,0.0
2026-08-12,Kopačka.cz,context,Tv,Tizen,Muž,18 - 24,Královéhradecký kraj,1,0,0,0.0,0.0
2026-08-12,Kopačka.cz,context,Tv,Tizen,Muž,18 - 24,Pardubický kraj,1,0,0,0.0,0.0
2026-08-12,Kopačka.cz,context,Tv,Tizen,Muž,18 - 24,Kraj Vysočina,1,0,0,0.0,0.0
2026-08-12,Kopačka.cz,context,Tv,Tizen,Muž,18 - 24,Jihomoravský kraj,1,0,0,0.0,0.0
2026-08-12,Kopačka.cz,context,Tv,Tizen,Muž,18 - 24,Olomoucký kraj,1,0,0,0.0,0.0
2026-08-12,Kopačka.cz,context,Tv,Tizen,Muž,18 - 24,Zlínský kraj,1,0,0,0.0,0.0
2026-08-12,Kopačka.cz,context,Tv,Tizen,Muž,18 - 24,Moravskoslezský kraj,1,0,0,0.0,0.0
2026-08-12,Kámoši.net,context,Tv,,Muž,Neznámý,Hlavní město Praha,1,0,0,0.0,0.0
2026-08-12,Kámoši.net,context,Tv,,Muž,Neznámý,Středočeský kraj,1,0,0,0.0,0.0
2026-08-12,Kámoši.net,context,Tv,,Muž,Neznámý,Jihočeský kraj,1,0,0,0.0,0.0
2026-08-12,Kámoši.net,context,Tv,,Muž,Neznámý,Plzeňský kraj,1,0,0,0.0,0.0
2026-08-12,Kámoši.net,context,Tv,,Muž,Neznámý,Karlovarský kraj,1,0,0,0.0,0.0
2026-08-12,Kámoši.net,context,Tv,,Muž,Neznámý,Ústecký kraj,1,0,0,0.0,0.0
2026-08-12,Kámoši.net,context,Tv,,Muž,Neznámý,Liberecký kraj,1,0,0,0.0,0.0
2026-08-12,Kámoši.net,context,Tv,,Muž,Neznámý,Královéhradecký kraj,1,0,0,0.0,0.0
2026-08-12,Kámoši.net,context,Tv,,Muž,Neznámý,Pardubický kraj,1,0,0,0.0,0.0
2026-08-12,Kámoši.net,context,Tv,,Muž,Neznámý,Kraj Vysočina,1,0,0,0.0,0.0
2026-08-12,Kámoši.net,context,Tv,,Muž,Neznámý,Jihomoravský kraj,1,0,0,0.0,0.0
2026-08-12,Kámoši.net,context,Tv,,Muž,Neznámý,Olomoucký kraj,1,0,0,0.0,0.0
2026-08-12,Kámoši.net,context,Tv,,Muž,Neznámý,Zlínský kraj,1,0,0,0.0,0.0
2026-08-12,Kámoši.net,context,Tv,,Muž,Neznámý,Moravskoslezský kraj,1,0,0,0.0,0.0
2026-08-12,Kámoši.net,context,Tablet,iPadOS,Žena,40 - 59,Hlavní město Praha,687,1,0,0.0,3.27
2026-08-12,Kámoši.net,context,Tablet,iPadOS,Žena,40 - 59,Středočeský kraj,144,0,0,0.0,0.69
2026-08-12,Kámoši.net,context,Tablet,iPadOS,Žena,40 - 59,Jihočeský kraj,247,1,0,0.0,1.18
2026-08-12,Kámoši.net,context,Tablet,iPadOS,Žena,40 - 59,Plzeňský kraj,228,0,0,0.0,1.09
2026-08-12,Kámoši.net,context,Tablet,iPadOS,Žena,40 - 59,Karlovarský kraj,48,0,0,0.0,0.23
2026-08-12,Kámoši.net,context,Tablet,iPadOS,Žena,40 - 59,Ústecký kraj,169,0,0,0.0,0.8
2026-08-12,Kámoši.net,context,Tablet,iPadOS,Žena,40 - 59,Liberecký kraj,137,0,0,0.0,0.65
2026-08-12,Kámoši.net,context,Tablet,iPadOS,Žena,40 - 59,Královéhradecký kraj,101,0,0,0.0,0.48
2026-08-12,Kámoši.net,context,Tablet,iPadOS,Žena,40 - 59,Pardubický kraj,289,1,1,0.0,1.38
2026-08-12,Kámoši.net,context,Tablet,iPadOS,Žena,40 - 59,Kraj Vysočina,20,0,0,0.0,0.1
2026-08-12,Kámoši.net,context,Tablet,iPadOS,Žena,40 - 59,Jihomoravský kraj,649,0,0,0.0,3.09
2026-08-12,Kámoši.net,context,Tablet,iPadOS,Žena,40 - 59,Olomoucký kraj,503,2,0,0.0,2.39
2026-08-12,Kámoši.net,context,Tablet,iPadOS,Žena,40 - 59,Zlínský kraj,206,0,0,0.0,0.98
2026-08-12,Kámoši.net,context,Tablet,iPadOS,Žena,40 - 59,Moravskoslezský kraj,66,1,0,0.0,0.31
2026-08-12,Kámoši.net,context,Desktop,,Neznámý,40 - 59,Hlavní město Praha,1,0,0,0.0,0.0
2026-08-12,Kámoši.net,context,Desktop,,Neznámý,40 - 59,Středočeský kraj,1,0,0,0.0,0.0
2026-08-12,Kámoši.net,context,Desktop,,Neznámý,40 - 59,Jihočeský kraj,1,0,0,0.0,0.0
2026-08-12,Kámoši.net,context,Desktop,,Neznámý,40 - 59,Plzeňský kraj,1,0,0,0.0,0.0
2026-08-12,Kámoši.net,context,Desktop,,Neznámý,40 - 59,Karlovarský kraj,1,0,0,0.0,0.0
2026-08-12,Kámoši.net,context,Desktop,,Neznámý,40 - 59,Ústecký kraj,1,0,0,0.0,0.0
2026-08-12,Kámoši.net,context,Desktop,,Neznámý,40 - 59,Liberecký kraj,1,0,0,0.0,0.0
2026-08-12,Kámoši.net,context,Desktop,,Neznámý,40 - 59,Královéhradecký kraj,1,0,0,0.0,0.0
2026-08-12,Kámoši.net,context,Desktop,,Neznámý,40 - 59,Pardubický kraj,1,0,0,0.0,0.0
2026-08-12,Kámoši.net,context,Desktop,,Neznámý,40 - 59,Kraj Vysočina,1,0,0,0.0,0.0
2026-08-12,Kámoši.net,context,Desktop,,Neznámý,40 - 59,Jihomoravský kraj,1,0,0,0.0,0.0
2026-08-12,Kámoši.net,context,Desktop,,Neznámý,40 - 59,Olomoucký kraj,1,0,0,0.0,0.0
2026-08-12,Kámoši.net,context,Desktop,,Neznámý,40 - 59,Zlínský kraj,1,0,0,0.0,0.0
2026-08-12,Kámoši.net,context,Desktop,,Neznámý,40 - 59,Moravskoslezský kraj,1,0,0,0.0,0.0
2026-08-12,Kámoši.net,context,Tablet,Android,Muž,18 - 24,Hlavní město Praha,8,0,0,0.0,0.07
2026-08-12,Kámoši.net,context,Tablet,Android,Muž,18 - 24,Středočeský kraj,3,0,0,0.0,0.03
2026-08-12,Kámoši.net,context,Tablet,Android,Muž,18 - 24,Jihočeský kraj,18,0,0,0.0,0.16
2026-08-12,Kámoši.net,context,Tablet,Android,Muž,18 - 24,Plzeňský kraj,13,0,0,0.0,0.11
2026-08-12,Kámoši.net,context,Tablet,Android,Muž,18 - 24,Karlovarský kraj,1,0,0,0.0,0.01
2026-08-12,Kámoši.net,context,Tablet,Android,Muž,18 - 24,Ústecký kraj,30,0,0,0.0,0.26
2026-08-12,Kámoši.net,context,Tablet,Android,Muž,18 - 24,Liberecký kraj,37,1,0,0.0,0.32
2026-08-12,Kámoši.net,context,Tablet,Android,Muž,18 - 24,Královéhradecký kraj,60,0,0,0.0,0.52
2026-08-12,Kámoši.net,context,Tablet,Android,Muž,18 - 24,Pardubický kraj,10,0,0,0.0,0.09
2026-08-12,Kámoši.net,context,Tablet,Android,Muž,18 - 24,Kraj Vysočina,30,0,0,0.0,0.26
2026-08-12,Kámoši.net,context,Tablet,Android,Muž,18 - 24,Jihomoravský kraj,1,0,0,0.0,0.01
2026-08-12,Kámoši.net,context,Tablet,Android,Muž,18 - 24,Olomoucký kraj,7,0,0,0.0,0.06
2026-08-12,Kámoši.net,context,Tablet,Android,Muž,18 - 24,Zlínský kraj,1,0,0,0.0,0.01
2026-08-12,Kámoši.net,context,Tablet,Android,Muž,18 - 24,Moravskoslezský kraj,38,0,0,0.0,0.33
2026-08-12,Pozdní Zprávy,context,Desktop,macOS,Muž,60+,Hlavní město Praha,2808,6,0,0.0,60.48
2026-08-12,Pozdní Zprávy,context,Desktop,macOS,Muž,60+,Středočeský kraj,9769,32,1,16.74,210.4
2026-08-12,Pozdní Zprávy,context,Desktop,macOS,Muž,60+,Jihočeský kraj,1176,6,1,16.74,25.33
2026-08-12,Pozdní Zprávy,context,Desktop,macOS,Muž,60+,Plzeňský kraj,1859,5,0,0.0,40.04
2026-08-12,Pozdní Zprávy,context,Desktop,macOS,Muž,60+,Karlovarský kraj,6086,19,0,0.0,131.08
2026-08-12,Pozdní Zprávy,context,Desktop,macOS,Muž,60+,Ústecký kraj,16641,60,1,16.74,358.41
2026-08-12,Pozdní Zprávy,context,Desktop,macOS,Muž,60+,Liberecký kraj,29264,106,3,50.23,630.28
2026-08-12,Pozdní Zprávy,context,Desktop,macOS,Muž,60+,Královéhradecký kraj,31186,96,6,100.46,671.68
2026-08-12,Pozdní Zprávy,context,Desktop,macOS,Muž,60+,Pardubický kraj,7093,20,0,0.0,152.77
2026-08-12,Pozdní Zprávy,context,Desktop,macOS,Muž,60+,Kraj Vysočina,22091,77,1,16.74,475.79
2026-08-12,Pozdní Zprávy,context,Desktop,macOS,Muž,60+,Jihomoravský kraj,5734,23,1,16.74,123.5
2026-08-12,Pozdní Zprávy,context,Desktop,macOS,Muž,60+,Olomoucký kraj,19061,68,0,0.0,410.53
2026-08-12,Pozdní Zprávy,context,Desktop,macOS,Muž,60+,Zlínský kraj,18740,56,1,16.74,403.62
2026-08-12,Pozdní Zprávy,context,Desktop,macOS,Muž,60+,Moravskoslezský kraj,13234,55,3,50.23,285.03
2026-08-12,ProTety.cz,context,Desktop,ChromeOS,Žena,Neznámý,Hlavní město Praha,4,0,0,0.0,0.02
2026-08-12,ProTety.cz,context,Desktop,ChromeOS,Žena,Neznámý,Středočeský kraj,4,0,0,0.0,0.02
2026-08-12,ProTety.cz,context,Desktop,ChromeOS,Žena,Neznámý,Jihočeský kraj,1,0,0,0.0,0.0
2026-08-12,ProTety.cz,context,Desktop,ChromeOS,Žena,Neznámý,Plzeňský kraj,11,0,0,0.0,0.05
2026-08-12,ProTety.cz,context,Desktop,ChromeOS,Žena,Neznámý,Karlovarský kraj,2,0,0,0.0,0.01
2026-08-12,ProTety.cz,context,Desktop,ChromeOS,Žena,Neznámý,Ústecký kraj,1,0,0,0.0,0.0
2026-08-12,ProTety.cz,context,Desktop,ChromeOS,Žena,Neznámý,Liberecký kraj,3,0,0,0.0,0.01
2026-08-12,ProTety.cz,context,Desktop,ChromeOS,Žena,Neznámý,Královéhradecký kraj,10,0,0,0.0,0.04
2026-08-12,ProTety.cz,context,Desktop,ChromeOS,Žena,Neznámý,Pardubický kraj,2,0,0,0.0,0.01
2026-08-12,ProTety.cz,context,Desktop,ChromeOS,Žena,Neznámý,Kraj Vysočina,2,0,0,0.0,0.01
2026-08-12,ProTety.cz,context,Desktop,ChromeOS,Žena,Neznámý,Jihomoravský kraj,1,0,0,0.0,0.0
2026-08-12,ProTety.cz,context,Desktop,ChromeOS,Žena,Neznámý,Olomoucký kraj,1,0,0,0.0,0.0
2026-08-12,ProTety.cz,context,Desktop,ChromeOS,Žena,Neznámý,Zlínský kraj,1,0,0,0.0,0.0
2026-08-12,ProTety.cz,context,Desktop,ChromeOS,Žena,Neznámý,Moravskoslezský kraj,9,0,0,0.0,0.04
2026-08-12,ProTety.cz,context,Tablet,iPadOS,Muž,25 - 39,Hlavní město Praha,10,0,0,0.0,0.2
2026-08-12,ProTety.cz,context,Tablet,iPadOS,Muž,25 - 39,Středočeský kraj,2,0,0,0.0,0.04
2026-08-12,ProTety.cz,context,Tablet,iPadOS,Muž,25 - 39,Jihočeský kraj,2,0,0,0.0,0.04
2026-08-12,ProTety.cz,context,Tablet,iPadOS,Muž,25 - 39,Plzeňský kraj,18,0,0,0.0,0.37
2026-08-12,ProTety.cz,context,Tablet,iPadOS,Muž,25 - 39,Karlovarský kraj,2,0,0,0.0,0.04
2026-08-12,ProTety.cz,context,Tablet,iPadOS,Muž,25 - 39,Ústecký kraj,14,0,0,0.0,0.29
2026-08-12,ProTety.cz,context,Tablet,iPadOS,Muž,25 - 39,Liberecký kraj,7,0,0,0.0,0.14
2026-08-12,ProTety.cz,context,Tablet,iPadOS,Muž,25 - 39,Královéhradecký kraj,7,0,0,0.0,0.14
2026-08-12,ProTety.cz,context,Tablet,iPadOS,Muž,25 - 39,Pardubický kraj,22,0,0,0.0,0.45
2026-08-12,ProTety.cz,context,Tablet,iPadOS,Muž,25 - 39,Kraj Vysočina,14,0,0,0.0,0.29
2026-08-12,ProTety.cz,context,Tablet,iPadOS,Muž,25 - 39,Jihomoravský kraj,48,1,1,0.0,0.98
2026-08-12,ProTety.cz,context,Tablet,iPadOS,Muž,25 - 39,Olomoucký kraj,13,0,0,0.0,0.27
2026-08-12,ProTety.cz,context,Tablet,iPadOS,Muž,25 - 39,Zlínský kraj,8,0,0,0.0,0.16
2026-08-12,ProTety.cz,context,Tablet,iPadOS,Muž,25 - 39,Moravskoslezský kraj,9,0,0,0.0,0.18
2026-08-13,Baráky.cz,context,Tv,Tizen,Žena,Neznámý,Hlavní město Praha,1,0,0,0.0,0.0
2026-08-13,Baráky.cz,context,Tv,Tizen,Žena,Neznámý,Středočeský kraj,1,0,0,0.0,0.0
2026-08-13,Baráky.cz,context,Tv,Tizen,Žena,Neznámý,Jihočeský kraj,1,0,0,0.0,0.0
2026-08-13,Baráky.cz,context,Tv,Tizen,Žena,Neznámý,Plzeňský kraj,1,0,0,0.0,0.0
2026-08-13,Baráky.cz,context,Tv,Tizen,Žena,Neznámý,Karlovarský kraj,1,0,0,0.0,0.0
2026-08-13,Baráky.cz,context,Tv,Tizen,Žena,Neznámý,Ústecký kraj,1,0,0,0.0,0.0
2026-08-13,Baráky.cz,context,Tv,Tizen,Žena,Neznámý,Liberecký kraj,1,0,0,0.0,0.0
2026-08-13,Baráky.cz,context,Tv,Tizen,Žena,Neznámý,Královéhradecký kraj,1,0,0,0.0,0.0
2026-08-13,Baráky.cz,context,Tv,Tizen,Žena,Neznámý,Pardubický kraj,1,0,0,0.0,0.0
2026-08-13,Baráky.cz,context,Tv,Tizen,Žena,Neznámý,Kraj Vysočina,1,0,0,0.0,0.0
2026-08-13,Baráky.cz,context,Tv,Tizen,Žena,Neznámý,Jihomoravský kraj,1,0,0,0.0,0.0
2026-08-13,Baráky.cz,context,Tv,Tizen,Žena,Neznámý,Olomoucký kraj,1,0,0,0.0,0.0
2026-08-13,Baráky.cz,context,Tv,Tizen,Žena,Neznámý,Zlínský kraj,1,0,0,0.0,0.0
2026-08-13,Baráky.cz,context,Tv,Tizen,Žena,Neznámý,Moravskoslezský kraj,1,0,0,0.0,0.0
2026-08-13,Baráky.cz,context,Tablet,iPadOS,Neznámý,40 - 59,Hlavní město Praha,1,0,0,0.0,0.0
2026-08-13,Baráky.cz,context,Tablet,iPadOS,Neznámý,40 - 59,Středočeský kraj,1,0,0,0.0,0.0
2026-08-13,Baráky.cz,context,Tablet,iPadOS,Neznámý,40 - 59,Jihočeský kraj,1,0,0,0.0,0.0
2026-08-13,Baráky.cz,context,Tablet,iPadOS,Neznámý,40 - 59,Plzeňský kraj,1,0,0,0.0,0.0
2026-08-13,Baráky.cz,context,Tablet,iPadOS,Neznámý,40 - 59,Karlovarský kraj,1,0,0,0.0,0.0
2026-08-13,Baráky.cz,context,Tablet,iPadOS,Neznámý,40 - 59,Ústecký kraj,1,0,0,0.0,0.0
2026-08-13,Baráky.cz,context,Tablet,iPadOS,Neznámý,40 - 59,Liberecký kraj,1,0,0,0.0,0.0
2026-08-13,Baráky.cz,context,Tablet,iPadOS,Neznámý,40 - 59,Královéhradecký kraj,1,0,0,0.0,0.0
2026-08-13,Baráky.cz,context,Tablet,iPadOS,Neznámý,40 - 59,Pardubický kraj,1,0,0,0.0,0.0
2026-08-13,Baráky.cz,context,Tablet,iPadOS,Neznámý,40 - 59,Kraj Vysočina,1,0,0,0.0,0.0
2026-08-13,Baráky.cz,context,Tablet,iPadOS,Neznámý,40 - 59,Jihomoravský kraj,1,0,0,0.0,0.0
2026-08-13,Baráky.cz,context,Tablet,iPadOS,Neznámý,40 - 59,Olomoucký kraj,1,0,0,0.0,0.0
2026-08-13,Baráky.cz,context,Tablet,iPadOS,Neznámý,40 - 59,Zlínský kraj,1,0,0,0.0,0.0
2026-08-13,Baráky.cz,context,Tablet,iPadOS,Neznámý,40 - 59,Moravskoslezský kraj,1,0,0,0.0,0.0
2026-08-13,Baráky.cz,context,SmartPhone,iOS,Žena,Neznámý,Hlavní město Praha,1771,14,0,0.0,53.36
2026-08-13,Baráky.cz,context,SmartPhone,iOS,Žena,Neznámý,Středočeský kraj,694,6,0,0.0,20.91
2026-08-13,Baráky.cz,context,SmartPhone,iOS,Žena,Neznámý,Jihočeský kraj,2574,33,0,0.0,77.55
2026-08-13,Baráky.cz,context,SmartPhone,iOS,Žena,Neznámý,Plzeňský kraj,6513,46,1,0.0,196.22
2026-08-13,Baráky.cz,context,SmartPhone,iOS,Žena,Neznámý,Karlovarský kraj,3479,34,0,0.0,104.82
2026-08-13,Baráky.cz,context,SmartPhone,iOS,Žena,Neznámý,Ústecký kraj,287,4,0,0.0,8.65
2026-08-13,Baráky.cz,context,SmartPhone,iOS,Žena,Neznámý,Liberecký kraj,1033,10,0,0.0,31.12
2026-08-13,Baráky.cz,context,SmartPhone,iOS,Žena,Neznámý,Královéhradecký kraj,823,12,0,0.0,24.8
2026-08-13,Baráky.cz,context,SmartPhone,iOS,Žena,Neznámý,Pardubický kraj,2760,19,0,0.0,83.15
2026-08-13,Baráky.cz,context,SmartPhone,iOS,Žena,Neznámý,Kraj Vysočina,2860,31,0,0.0,86.17
2026-08-13,Baráky.cz,context,SmartPhone,iOS,Žena,Neznámý,Jihomoravský kraj,1875,17,0,0.0,56.49
2026-08-13,Baráky.cz,context,SmartPhone,iOS,Žena,Neznámý,Olomoucký kraj,4769,61,0,0.0,143.68
2026-08-13,Baráky.cz,context,SmartPhone,iOS,Žena,Neznámý,Zlínský kraj,1961,23,0,0.0,59.08
2026-08-13,Baráky.cz,context,SmartPhone,iOS,Žena,Neznámý,Moravskoslezský kraj,4030,44,0,0.0,121.42
2026-08-13,Blogeria.cz,context,Desktop,ChromeOS,Neznámý,Neznámý,Hlavní město Praha,1,0,0,0.0,0.0
2026-08-13,Blogeria.cz,context,Desktop,ChromeOS,Neznámý,Neznámý,Středočeský kraj,10,0,0,0.0,0.03
2026-08-13,Blogeria.cz,context,Desktop,ChromeOS,Neznámý,Neznámý,Jihočeský kraj,5,0,0,0.0,0.01
2026-08-13,Blogeria.cz,context,Desktop,ChromeOS,Neznámý,Neznámý,Plzeňský kraj,39,0,0,0.0,0.1
2026-08-13,Blogeria.cz,context,Desktop,ChromeOS,Neznámý,Neznámý,Karlovarský kraj,3,0,0,0.0,0.01
2026-08-13,Blogeria.cz,context,Desktop,ChromeOS,Neznámý,Neznámý,Ústecký kraj,1,0,0,0.0,0.0
2026-08-13,Blogeria.cz,context,Desktop,ChromeOS,Neznámý,Neznámý,Liberecký kraj,11,0,0,0.0,0.03
2026-08-13,Blogeria.cz,context,Desktop,ChromeOS,Neznámý,Neznámý,Královéhradecký kraj,3,0,0,0.0,0.01
2026-08-13,Blogeria.cz,context,Desktop,ChromeOS,Neznámý,Neznámý,Pardubický kraj,9,0,0,0.0,0.02
2026-08-13,Blogeria.cz,context,Desktop,ChromeOS,Neznámý,Neznámý,Kraj Vysočina,5,0,0,0.0,0.01
2026-08-13,Blogeria.cz,context,Desktop,ChromeOS,Neznámý,Neznámý,Jihomoravský kraj,1,0,0,0.0,0.0
2026-08-13,Blogeria.cz,context,Desktop,ChromeOS,Neznámý,Neznámý,Olomoucký kraj,4,0,0,0.0,0.01
2026-08-13,Blogeria.cz,context,Desktop,ChromeOS,Neznámý,Neznámý,Zlínský kraj,2,0,0,0.0,0.01
2026-08-13,Blogeria.cz,context,Desktop,ChromeOS,Neznámý,Neznámý,Moravskoslezský kraj,6,0,0,0.0,0.02
2026-08-13,Blogeria.cz,context,SmartPhone,,Neznámý,60+,Hlavní město Praha,1,0,0,0.0,0.0
2026-08-13,Blogeria.cz,context,SmartPhone,,Neznámý,60+,Středočeský kraj,1,0,0,0.0,0.0
2026-08-13,Blogeria.cz,context,SmartPhone,,Neznámý,60+,Jihočeský kraj,1,0,0,0.0,0.0
2026-08-13,Blogeria.cz,context,SmartPhone,,Neznámý,60+,Plzeňský kraj,1,0,0,0.0,0.0
2026-08-13,Blogeria.cz,context,SmartPhone,,Neznámý,60+,Karlovarský kraj,1,0,0,0.0,0.0
2026-08-13,Blogeria.cz,context,SmartPhone,,Neznámý,60+,Ústecký kraj,1,0,0,0.0,0.0
2026-08-13,Blogeria.cz,context,SmartPhone,,Neznámý,60+,Liberecký kraj,1,0,0,0.0,0.0
2026-08-13,Blogeria.cz,context,SmartPhone,,Neznámý,60+,Královéhradecký kraj,1,0,0,0.0,0.0
2026-08-13,Blogeria.cz,context,SmartPhone,,Neznámý,60+,Pardubický kraj,1,0,0,0.0,0.0
2026-08-13,Blogeria.cz,context,SmartPhone,,Neznámý,60+,Kraj Vysočina,1,0,0,0.0,0.0
2026-08-13,Blogeria.cz,context,SmartPhone,,Neznámý,60+,Jihomoravský kraj,1,0,0,0.0,0.0
2026-08-13,Blogeria.cz,context,SmartPhone,,Neznámý,60+,Olomoucký kraj,1,0,0,0.0,0.0
2026-08-13,Blogeria.cz,context,SmartPhone,,Neznámý,60+,Zlínský kraj,1,0,0,0.0,0.0
2026-08-13,Blogeria.cz,context,SmartPhone,,Neznámý,60+,Moravskoslezský kraj,1,0,0,0.0,0.0
2026-08-13,Blogeria.cz,context,Tv,Tizen,Muž,60+,Hlavní město Praha,26,0,0,0.0,0.01
2026-08-13,Blogeria.cz,context,Tv,Tizen,Muž,60+,Středočeský kraj,227,0,0,0.0,0.12
2026-08-13,Blogeria.cz,context,Tv,Tizen,Muž,60+,Jihočeský kraj,113,0,0,0.0,0.06
2026-08-13,Blogeria.cz,context,Tv,Tizen,Muž,60+,Plzeňský kraj,153,0,0,0.0,0.08
2026-08-13,Blogeria.cz,context,Tv,Tizen,Muž,60+,Karlovarský kraj,58,0,0,0.0,0.03
2026-08-13,Blogeria.cz,context,Tv,Tizen,Muž,60+,Ústecký kraj,68,0,0,0.0,0.04
2026-08-13,Blogeria.cz,context,Tv,Tizen,Muž,60+,Liberecký kraj,80,0,0,0.0,0.04
2026-08-13,Blogeria.cz,context,Tv,Tizen,Muž,60+,Královéhradecký kraj,70,0,0,0.0,0.04
2026-08-13,Blogeria.cz,context,Tv,Tizen,Muž,60+,Pardubický kraj,59,0,0,0.0,0.03
2026-08-13,Blogeria.cz,context,Tv,Tizen,Muž,60+,Kraj Vysočina,32,0,0,0.0,0.02
2026-08-13,Blogeria.cz,context,Tv,Tizen,Muž,60+,Jihomoravský kraj,83,0,0,0.0,0.04
2026-08-13,Blogeria.cz,context,Tv,Tizen,Muž,60+,Olomoucký kraj,12,0,0,0.0,0.01
2026-08-13,Blogeria.cz,context,Tv,Tizen,Muž,60+,Zlínský kraj,40,0,0,0.0,0.02
2026-08-13,Blogeria.cz,context,Tv,Tizen,Muž,60+,Moravskoslezský kraj,1,0,0,0.0,0.0
2026-08-13,Drbárna.cz,context,,,Žena,25 - 39,Hlavní město Praha,1,0,0,0.0,0.01
2026-08-13,Drbárna.cz,context,,,Žena,25 - 39,Středočeský kraj,2,0,0,0.0,0.01
2026-08-13,Drbárna.cz,context,,,Žena,25 - 39,Jihočeský kraj,1,0,0,0.0,0.01
2026-08-13,Drbárna.cz,context,,,Žena,25 - 39,Plzeňský kraj,1,0,0,0.0,0.01
2026-08-13,Drbárna.cz,context,,,Žena,25 - 39,Karlovarský kraj,2,0,0,0.0,0.01
2026-08-13,Drbárna.cz,context,,,Žena,25 - 39,Ústecký kraj,2,0,0,0.0,0.01
2026-08-13,Drbárna.cz,context,,,Žena,25 - 39,Liberecký kraj,1,0,0,0.0,0.01
2026-08-13,Drbárna.cz,context,,,Žena,25 - 39,Královéhradecký kraj,1,0,0,0.0,0.01
2026-08-13,Drbárna.cz,context,,,Žena,25 - 39,Pardubický kraj,1,0,0,0.0,0.01
2026-08-13,Drbárna.cz,context,,,Žena,25 - 39,Kraj Vysočina,1,0,0,0.0,0.01
2026-08-13,Drbárna.cz,context,,,Žena,25 - 39,Jihomoravský kraj,1,0,0,0.0,0.01
2026-08-13,Drbárna.cz,context,,,Žena,25 - 39,Olomoucký kraj,2,0,0,0.0,0.01
2026-08-13,Drbárna.cz,context,,,Žena,25 - 39,Zlínský kraj,1,0,0,0.0,0.01
2026-08-13,Drbárna.cz,context,,,Žena,25 - 39,Moravskoslezský kraj,2,0,0,0.0,0.01
2026-08-13,Drbárna.cz,context,Tablet,iPadOS,Muž,25 - 39,Hlavní město Praha,73,0,0,0.0,1.78
2026-08-13,Drbárna.cz,context,Tablet,iPadOS,Muž,25 - 39,Středočeský kraj,5,0,0,0.0,0.12
2026-08-13,Drbárna.cz,context,Tablet,iPadOS,Muž,25 - 39,Jihočeský kraj,42,0,0,0.0,1.03
2026-08-13,Drbárna.cz,context,Tablet,iPadOS,Muž,25 - 39,Plzeňský kraj,7,0,0,0.0,0.17
2026-08-13,Drbárna.cz,context,Tablet,iPadOS,Muž,25 - 39,Karlovarský kraj,8,0,0,0.0,0.2
2026-08-13,Drbárna.cz,context,Tablet,iPadOS,Muž,25 - 39,Ústecký kraj,11,0,0,0.0,0.27
2026-08-13,Drbárna.cz,context,Tablet,iPadOS,Muž,25 - 39,Liberecký kraj,61,1,0,0.0,1.49
2026-08-13,Drbárna.cz,context,Tablet,iPadOS,Muž,25 - 39,Královéhradecký kraj,6,0,0,0.0,0.15
2026-08-13,Drbárna.cz,context,Tablet,iPadOS,Muž,25 - 39,Pardubický kraj,104,1,0,0.0,2.54
2026-08-13,Drbárna.cz,context,Tablet,iPadOS,Muž,25 - 39,Kraj Vysočina,22,0,0,0.0,0.54
2026-08-13,Drbárna.cz,context,Tablet,iPadOS,Muž,25 - 39,Jihomoravský kraj,22,0,0,0.0,0.54
2026-08-13,Drbárna.cz,context,Tablet,iPadOS,Muž,25 - 39,Olomoucký kraj,94,0,0,0.0,2.3
2026-08-13,Drbárna.cz,context,Tablet,iPadOS,Muž,25 - 39,Zlínský kraj,72,0,0,0.0,1.76
2026-08-13,Drbárna.cz,context,Tablet,iPadOS,Muž,25 - 39,Moravskoslezský kraj,106,1,0,0.0,2.59
2026-08-13,Kliknito.cz,context,Desktop,macOS,Žena,40 - 59,Hlavní město Praha,2648,7,0,0.0,40.62
2026-08-13,Kliknito.cz,context,Desktop,macOS,Žena,40 - 59,Středočeský kraj,687,2,0,0.0,10.54
2026-08-13,Kliknito.cz,context,Desktop,macOS,Žena,40 - 59,Jihočeský kraj,54551,119,8,867.64,836.84
2026-08-13,Kliknito.cz,context,Desktop,macOS,Žena,40 - 59,Plzeňský kraj,6907,17,3,325.37,105.96
2026-08-13,Kliknito.cz,context,Desktop,macOS,Žena,40 - 59,Karlovarský kraj,12163,27,2,216.91,186.59
2026-08-13,Kliknito.cz,context,Desktop,macOS,Žena,40 - 59,Ústecký kraj,5186,17,1,108.46,79.56
2026-08-13,Kliknito.cz,context,Desktop,macOS,Žena,40 - 59,Liberecký kraj,7593,18,1,108.46,116.48
2026-08-13,Kliknito.cz,context,Desktop,macOS,Žena,40 - 59,Královéhradecký kraj,2879,4,0,0.0,44.17
2026-08-13,Kliknito.cz,context,Desktop,macOS,Žena,40 - 59,Pardubický kraj,3680,8,0,0.0,56.45
2026-08-13,Kliknito.cz,context,Desktop,macOS,Žena,40 - 59,Kraj Vysočina,17989,47,3,325.37,275.96
2026-08-13,Kliknito.cz,context,Desktop,macOS,Žena,40 - 59,Jihomoravský kraj,28485,72,5,542.28,436.98
2026-08-13,Kliknito.cz,context,Desktop,macOS,Žena,40 - 59,Olomoucký kraj,2975,11,0,0.0,45.64
2026-08-13,Kliknito.cz,context,Desktop,macOS,Žena,40 - 59,Zlínský kraj,27965,64,4,433.82,429.0
2026-08-13,Kliknito.cz,context,Desktop,macOS,Žena,40 - 59,Moravskoslezský kraj,5249,16,2,216.91,80.52
2026-08-13,Kliknito.cz,context,Tv,Android,Muž,40 - 59,Hlavní město Praha,3,0,0,0.0,0.0
2026-08-13,Kliknito.cz,context,Tv,Android,Muž,40 - 59,Středočeský kraj,12,0,0,0.0,0.0
2026-08-13,Kliknito.cz,context,Tv,Android,Muž,40 - 59,Jihočeský kraj,8,0,0,0.0,0.0
2026-08-13,Kliknito.cz,context,Tv,Android,Muž,40 - 59,Plzeňský kraj,13,0,0,0.0,0.0
2026-08-13,Kliknito.cz,context,Tv,Android,Muž,40 - 59,Karlovarský kraj,7,0,0,0.0,0.0
2026-08-13,Kliknito.cz,context,Tv,Android,Muž,40 - 59,Ústecký kraj,6,0,0,0.0,0.0
2026-08-13,Kliknito.cz,context,Tv,Android,Muž,40 - 59,Liberecký kraj,11,0,0,0.0,0.0
2026-08-13,Kliknito.cz,context,Tv,Android,Muž,40 - 59,Královéhradecký kraj,3,0,0,0.0,0.0
2026-08-13,Kliknito.cz,context,Tv,Android,Muž,40 - 59,Pardubický kraj,2,0,0,0.0,0.0
2026-08-13,Kliknito.cz,context,Tv,Android,Muž,40 - 59,Kraj Vysočina,1,0,0,0.0,0.0
2026-08-13,Kliknito.cz,context,Tv,Android,Muž,40 - 59,Jihomoravský kraj,34,0,0,0.0,0.01
2026-08-13,Kliknito.cz,context,Tv,Android,Muž,40 - 59,Olomoucký kraj,13,0,0,0.0,0.0
2026-08-13,Kliknito.cz,context,Tv,Android,Muž,40 - 59,Zlínský kraj,22,0,0,0.0,0.01
2026-08-13,Kliknito.cz,context,Tv,Android,Muž,40 - 59,Moravskoslezský kraj,2,0,0,0.0,0.0
2026-08-13,Kliknito.cz,context,Tablet,,Žena,40 - 59,Hlavní město Praha,144,0,0,0.0,4.68
2026-08-13,Kliknito.cz,context,Tablet,,Žena,40 - 59,Středočeský kraj,135,2,0,0.0,4.38
2026-08-13,Kliknito.cz,context,Tablet,,Žena,40 - 59,Jihočeský kraj,49,0,0,0.0,1.59
2026-08-13,Kliknito.cz,context,Tablet,,Žena,40 - 59,Plzeňský kraj,47,0,0,0.0,1.53
2026-08-13,Kliknito.cz,context,Tablet,,Žena,40 - 59,Karlovarský kraj,70,0,0,0.0,2.27
2026-08-13,Kliknito.cz,context,Tablet,,Žena,40 - 59,Ústecký kraj,165,3,0,0.0,5.36
2026-08-13,Kliknito.cz,context,Tablet,,Žena,40 - 59,Liberecký kraj,2,0,0,0.0,0.06
2026-08-13,Kliknito.cz,context,Tablet,,Žena,40 - 59,Královéhradecký kraj,97,0,0,0.0,3.15
2026-08-13,Kliknito.cz,context,Tablet,,Žena,40 - 59,Pardubický kraj,139,0,0,0.0,4.51
2026-08-13,Kliknito.cz,context,Tablet,,Žena,40 - 59,Kraj Vysočina,96,0,0,0.0,3.12
2026-08-13,Kliknito.cz,context,Tablet,,Žena,40 - 59,Jihomoravský kraj,228,0,0,0.0,7.4
2026-08-13,Kliknito.cz,context,Tablet,,Žena,40 - 59,Olomoucký kraj,127,1,0,0.0,4.12
2026-08-13,Kliknito.cz,context,Tablet,,Žena,40 - 59,Zlínský kraj,42,1,0,0.0,1.36
2026-08-13,Kliknito.cz,context,Tablet,,Žena,40 - 59,Moravskoslezský kraj,244,1,0,0.0,7.92
2026-08-13,Kopačka.cz,context,SmartPhone,iOS,Muž,18 - 24,Hlavní město Praha,1117,1,0,0.0,6.43
2026-08-13,Kopačka.cz,context,SmartPhone,iOS,Muž,18 - 24,Středočeský kraj,108,0,0,0.0,0.62
2026-08-13,Kopačka.cz,context,SmartPhone,iOS,Muž,18 - 24,Jihočeský kraj,8,0,0,0.0,0.05
2026-08-13,Kopačka.cz,context,SmartPhone,iOS,Muž,18 - 24,Plzeňský kraj,553,0,0,0.0,3.18
2026-08-13,Kopačka.cz,context,SmartPhone,iOS,Muž,18 - 24,Karlovarský kraj,426,1,0,0.0,2.45
2026-08-13,Kopačka.cz,context,SmartPhone,iOS,Muž,18 - 24,Ústecký kraj,29,0,0,0.0,0.17
2026-08-13,Kopačka.cz,context,SmartPhone,iOS,Muž,18 - 24,Liberecký kraj,158,0,0,0.0,0.91
2026-08-13,Kopačka.cz,context,SmartPhone,iOS,Muž,18 - 24,Královéhradecký kraj,817,0,0,0.0,4.7
2026-08-13,Kopačka.cz,context,SmartPhone,iOS,Muž,18 - 24,Pardubický kraj,342,1,0,0.0,1.97
2026-08-13,Kopačka.cz,context,SmartPhone,iOS,Muž,18 - 24,Kraj Vysočina,634,1,0,0.0,3.65
2026-08-13,Kopačka.cz,context,SmartPhone,iOS,Muž,18 - 24,Jihomoravský kraj,544,0,0,0.0,3.13
2026-08-13,Kopačka.cz,context,SmartPhone,iOS,Muž,18 - 24,Olomoucký kraj,1037,0,0,0.0,5.97
2026-08-13,Kopačka.cz,context,SmartPhone,iOS,Muž,18 - 24,Zlínský kraj,21,0,0,0.0,0.12
2026-08-13,Kopačka.cz,context,SmartPhone,iOS,Muž,18 - 24,Moravskoslezský kraj,129,1,0,0.0,0.74
2026-08-13,Kopačka.cz,context,Tablet,iPadOS,Žena,18 - 24,Hlavní město Praha,5,0,0,0.0,0.0
2026-08-13,Kopačka.cz,context,Tablet,iPadOS,Žena,18 - 24,Středočeský kraj,3,0,0,0.0,0.0
2026-08-13,Kopačka.cz,context,Tablet,iPadOS,Žena,18 - 24,Jihočeský kraj,4,0,0,0.0,0.0
2026-08-13,Kopačka.cz,context,Tablet,iPadOS,Žena,18 - 24,Plzeňský kraj,5,0,0,0.0,0.0
2026-08-13,Kopačka.cz,context,Tablet,iPadOS,Žena,18 - 24,Karlovarský kraj,8,0,0,0.0,0.01
2026-08-13,Kopačka.cz,context,Tablet,iPadOS,Žena,18 - 24,Ústecký kraj,1,0,0,0.0,0.0
2026-08-13,Kopačka.cz,context,Tablet,iPadOS,Žena,18 - 24,Liberecký kraj,15,0,0,0.0,0.01
2026-08-13,Kopačka.cz,context,Tablet,iPadOS,Žena,18 - 24,Královéhradecký kraj,1,0,0,0.0,0.0
2026-08-13,Kopačka.cz,context,Tablet,iPadOS,Žena,18 - 24,Pardubický kraj,12,0,0,0.0,0.01
2026-08-13,Kopačka.cz,context,Tablet,iPadOS,Žena,18 - 24,Kraj Vysočina,4,0,0,0.0,0.0
2026-08-13,Kopačka.cz,context,Tablet,iPadOS,Žena,18 - 24,Jihomoravský kraj,5,0,0,0.0,0.0
2026-08-13,Kopačka.cz,context,Tablet,iPadOS,Žena,18 - 24,Olomoucký kraj,1,0,0,0.0,0.0
2026-08-13,Kopačka.cz,context,Tablet,iPadOS,Žena,18 - 24,Zlínský kraj,2,0,0,0.0,0.0
2026-08-13,Kopačka.cz,context,Tablet,iPadOS,Žena,18 - 24,Moravskoslezský kraj,14,0,0,0.0,0.01
2026-08-13,Kopačka.cz,context,Console,,Muž,40 - 59,Hlavní město Praha,2,0,0,0.0,0.01
2026-08-13,Kopačka.cz,context,Console,,Muž,40 - 59,Středočeský kraj,11,0,0,0.0,0.05
2026-08-13,Kopačka.cz,context,Console,,Muž,40 - 59,Jihočeský kraj,4,0,0,0.0,0.02
2026-08-13,Kopačka.cz,context,Console,,Muž,40 - 59,Plzeňský kraj,4,0,0,0.0,0.02
2026-08-13,Kopačka.cz,context,Console,,Muž,40 - 59,Karlovarský kraj,8,0,0,0.0,0.03
2026-08-13,Kopačka.cz,context,Console,,Muž,40 - 59,Ústecký kraj,1,0,0,0.0,0.0
2026-08-13,Kopačka.cz,context,Console,,Muž,40 - 59,Liberecký kraj,9,0,0,0.0,0.04
2026-08-13,Kopačka.cz,context,Console,,Muž,40 - 59,Královéhradecký kraj,1,0,0,0.0,0.0
2026-08-13,Kopačka.cz,context,Console,,Muž,40 - 59,Pardubický kraj,9,0,0,0.0,0.04
2026-08-13,Kopačka.cz,context,Console,,Muž,40 - 59,Kraj Vysočina,3,0,0,0.0,0.01
2026-08-13,Kopačka.cz,context,Console,,Muž,40 - 59,Jihomoravský kraj,1,0,0,0.0,0.0
2026-08-13,Kopačka.cz,context,Console,,Muž,40 - 59,Olomoucký kraj,1,0,0,0.0,0.0
2026-08-13,Kopačka.cz,context,Console,,Muž,40 - 59,Zlínský kraj,4,0,0,0.0,0.02
2026-08-13,Kopačka.cz,context,Console,,Muž,40 - 59,Moravskoslezský kraj,9,0,0,0.0,0.04
2026-08-13,Kopačka.cz,context,Desktop,,Žena,40 - 59,Hlavní město Praha,846,0,0,0.0,29.75
2026-08-13,Kopačka.cz,context,Desktop,,Žena,40 - 59,Středočeský kraj,1112,1,0,0.0,39.1
2026-08-13,Kopačka.cz,context,Desktop,,Žena,40 - 59,Jihočeský kraj,650,1,0,0.0,22.86
2026-08-13,Kopačka.cz,context,Desktop,,Žena,40 - 59,Plzeňský kraj,10,0,0,0.0,0.35
2026-08-13,Kopačka.cz,context,Desktop,,Žena,40 - 59,Karlovarský kraj,273,0,0,0.0,9.6
2026-08-13,Kopačka.cz,context,Desktop,,Žena,40 - 59,Ústecký kraj,263,0,0,0.0,9.25
2026-08-13,Kopačka.cz,context,Desktop,,Žena,40 - 59,Liberecký kraj,4,0,0,0.0,0.14
2026-08-13,Kopačka.cz,context,Desktop,,Žena,40 - 59,Královéhradecký kraj,558,2,0,0.0,19.62
2026-08-13,Kopačka.cz,context,Desktop,,Žena,40 - 59,Pardubický kraj,404,1,0,0.0,14.21
2026-08-13,Kopačka.cz,context,Desktop,,Žena,40 - 59,Kraj Vysočina,173,0,0,0.0,6.08
2026-08-13,Kopačka.cz,context,Desktop,,Žena,40 - 59,Jihomoravský kraj,298,0,0,0.0,10.48
2026-08-13,Kopačka.cz,context,Desktop,,Žena,40 - 59,Olomoucký kraj,37,0,0,0.0,1.3
2026-08-13,Kopačka.cz,context,Desktop,,Žena,40 - 59,Zlínský kraj,400,1,0,0.0,14.07
2026-08-13,Kopačka.cz,context,Desktop,,Žena,40 - 59,Moravskoslezský kraj,10,0,0,0.0,0.35
2026-08-13,Kopačka.cz,context,SmallScreen,Android,Žena,Neznámý,Hlavní město Praha,1,0,0,0.0,0.0
2026-08-13,Kopačka.cz,context,SmallScreen,Android,Žena,Neznámý,Středočeský kraj,2,0,0,0.0,0.01
2026-08-13,Kopačka.cz,context,SmallScreen,Android,Žena,Neznámý,Jihočeský kraj,1,0,0,0.0,0.0
2026-08-13,Kopačka.cz,context,SmallScreen,Android,Žena,Neznámý,Plzeňský kraj,1,0,0,0.0,0.0
2026-08-13,Kopačka.cz,context,SmallScreen,Android,Žena,Neznámý,Karlovarský kraj,1,0,0,0.0,0.0
2026-08-13,Kopačka.cz,context,SmallScreen,Android,Žena,Neznámý,Ústecký kraj,1,0,0,0.0,0.0
2026-08-13,Kopačka.cz,context,SmallScreen,Android,Žena,Neznámý,Liberecký kraj,1,0,0,0.0,0.0
2026-08-13,Kopačka.cz,context,SmallScreen,Android,Žena,Neznámý,Královéhradecký kraj,1,0,0,0.0,0.0
2026-08-13,Kopačka.cz,context,SmallScreen,Android,Žena,Neznámý,Pardubický kraj,1,0,0,0.0,0.0
2026-08-13,Kopačka.cz,context,SmallScreen,Android,Žena,Neznámý,Kraj Vysočina,1,0,0,0.0,0.0
2026-08-13,Kopačka.cz,context,SmallScreen,Android,Žena,Neznámý,Jihomoravský kraj,1,0,0,0.0,0.0
2026-08-13,Kopačka.cz,context,SmallScreen,Android,Žena,Neznámý,Olomoucký kraj,1,0,0,0.0,0.0
2026-08-13,Kopačka.cz,context,SmallScreen,Android,Žena,Neznámý,Zlínský kraj,1,0,0,0.0,0.0
2026-08-13,Kopačka.cz,context,SmallScreen,Android,Žena,Neznámý,Moravskoslezský kraj,2,0,0,0.0,0.01
2026-08-13,Kopačka.cz,context,Mobile,Android,Žena,40 - 59,Hlavní město Praha,1,0,0,0.0,0.0
2026-08-13,Kopačka.cz,context,Mobile,Android,Žena,40 - 59,Středočeský kraj,1,0,0,0.0,0.0
2026-08-13,Kopačka.cz,context,Mobile,Android,Žena,40 - 59,Jihočeský kraj,1,0,0,0.0,0.0
2026-08-13,Kopačka.cz,context,Mobile,Android,Žena,40 - 59,Plzeňský kraj,1,0,0,0.0,0.0
2026-08-13,Kopačka.cz,context,Mobile,Android,Žena,40 - 59,Karlovarský kraj,1,0,0,0.0,0.0
2026-08-13,Kopačka.cz,context,Mobile,Android,Žena,40 - 59,Ústecký kraj,1,0,0,0.0,0.0
2026-08-13,Kopačka.cz,context,Mobile,Android,Žena,40 - 59,Liberecký kraj,1,0,0,0.0,0.0
2026-08-13,Kopačka.cz,context,Mobile,Android,Žena,40 - 59,Královéhradecký kraj,1,0,0,0.0,0.0
2026-08-13,Kopačka.cz,context,Mobile,Android,Žena,40 - 59,Pardubický kraj,1,0,0,0.0,0.0
2026-08-13,Kopačka.cz,context,Mobile,Android,Žena,40 - 59,Kraj Vysočina,1,0,0,0.0,0.0
2026-08-13,Kopačka.cz,context,Mobile,Android,Žena,40 - 59,Jihomoravský kraj,1,0,0,0.0,0.0
2026-08-13,Kopačka.cz,context,Mobile,Android,Žena,40 - 59,Olomoucký kraj,1,0,0,0.0,0.0
2026-08-13,Kopačka.cz,context,Mobile,Android,Žena,40 - 59,Zlínský kraj,1,0,0,0.0,0.0
2026-08-13,Kopačka.cz,context,Mobile,Android,Žena,40 - 59,Moravskoslezský kraj,1,0,0,0.0,0.0
2026-08-13,Kámoši.net,context,,,Muž,60+,Hlavní město Praha,1,0,0,0.0,0.0
2026-08-13,Kámoši.net,context,,,Muž,60+,Středočeský kraj,1,0,0,0.0,0.0
2026-08-13,Kámoši.net,context,,,Muž,60+,Jihočeský kraj,1,0,0,0.0,0.0
2026-08-13,Kámoši.net,context,,,Muž,60+,Plzeňský kraj,2,0,0,0.0,0.0
2026-08-13,Kámoši.net,context,,,Muž,60+,Karlovarský kraj,1,0,0,0.0,0.0
2026-08-13,Kámoši.net,context,,,Muž,60+,Ústecký kraj,1,0,0,0.0,0.0
2026-08-13,Kámoši.net,context,,,Muž,60+,Liberecký kraj,1,0,0,0.0,0.0
2026-08-13,Kámoši.net,context,,,Muž,60+,Královéhradecký kraj,1,0,0,0.0,0.0
2026-08-13,Kámoši.net,context,,,Muž,60+,Pardubický kraj,1,0,0,0.0,0.0
2026-08-13,Kámoši.net,context,,,Muž,60+,Kraj Vysočina,1,0,0,0.0,0.0
2026-08-13,Kámoši.net,context,,,Muž,60+,Jihomoravský kraj,1,0,0,0.0,0.0
2026-08-13,Kámoši.net,context,,,Muž,60+,Olomoucký kraj,2,0,0,0.0,0.0
2026-08-13,Kámoši.net,context,,,Muž,60+,Zlínský kraj,1,0,0,0.0,0.0
2026-08-13,Kámoši.net,context,,,Muž,60+,Moravskoslezský kraj,1,0,0,0.0,0.0
2026-08-13,Kámoši.net,context,Desktop,Windows,Muž,60+,Hlavní město Praha,36218,68,3,75.2,284.68
2026-08-13,Kámoši.net,context,Desktop,Windows,Muž,60+,Středočeský kraj,22925,49,3,75.2,180.19
2026-08-13,Kámoši.net,context,Desktop,Windows,Muž,60+,Jihočeský kraj,72767,163,18,451.21,571.95
2026-08-13,Kámoši.net,context,Desktop,Windows,Muž,60+,Plzeňský kraj,31422,68,9,225.61,246.98
2026-08-13,Kámoši.net,context,Desktop,Windows,Muž,60+,Karlovarský kraj,60682,143,13,325.87,476.96
2026-08-13,Kámoši.net,context,Desktop,Windows,Muž,60+,Ústecký kraj,60886,152,25,626.68,478.57
2026-08-13,Kámoši.net,context,Desktop,Windows,Muž,60+,Liberecký kraj,25577,67,6,150.4,201.04
2026-08-13,Kámoši.net,context,Desktop,Windows,Muž,60+,Královéhradecký kraj,24885,55,8,200.54,195.6
2026-08-13,Kámoši.net,context,Desktop,Windows,Muž,60+,Pardubický kraj,447,0,0,0.0,3.51
2026-08-13,Kámoši.net,context,Desktop,Windows,Muž,60+,Kraj Vysočina,14972,28,5,125.34,117.68
2026-08-13,Kámoši.net,context,Desktop,Windows,Muž,60+,Jihomoravský kraj,34974,81,9,225.61,274.9
2026-08-13,Kámoši.net,context,Desktop,Windows,Muž,60+,Olomoucký kraj,147425,342,45,1128.03,1158.77
2026-08-13,Kámoši.net,context,Desktop,Windows,Muž,60+,Zlínský kraj,16732,26,2,50.13,131.51
2026-08-13,Kámoši.net,context,Desktop,Windows,Muž,60+,Moravskoslezský kraj,31076,74,14,350.94,244.26
2026-08-13,Kámoši.net,context,SmartPhone,iOS,Žena,25 - 39,Hlavní město Praha,1686,2,1,0.0,12.82
2026-08-13,Kámoši.net,context,SmartPhone,iOS,Žena,25 - 39,Středočeský kraj,392,1,0,0.0,2.98
2026-08-13,Kámoši.net,context,SmartPhone,iOS,Žena,25 - 39,Jihočeský kraj,6602,9,1,0.0,50.2
2026-08-13,Kámoši.net,context,SmartPhone,iOS,Žena,25 - 39,Plzeňský kraj,2598,4,0,0.0,19.75
2026-08-13,Kámoši.net,context,SmartPhone,iOS,Žena,25 - 39,Karlovarský kraj,3215,6,0,0.0,24.45
2026-08-13,Kámoši.net,context,SmartPhone,iOS,Žena,25 - 39,Ústecký kraj,1430,5,0,0.0,10.87
2026-08-13,Kámoši.net,context,SmartPhone,iOS,Žena,25 - 39,Liberecký kraj,1233,3,1,0.0,9.38
2026-08-13,Kámoši.net,context,SmartPhone,iOS,Žena,25 - 39,Královéhradecký kraj,7210,10,1,0.0,54.82
2026-08-13,Kámoši.net,context,SmartPhone,iOS,Žena,25 - 39,Pardubický kraj,1269,6,0,0.0,9.65
2026-08-13,Kámoši.net,context,SmartPhone,iOS,Žena,25 - 39,Kraj Vysočina,6798,11,0,0.0,51.69
2026-08-13,Kámoši.net,context,SmartPhone,iOS,Žena,25 - 39,Jihomoravský kraj,421,0,0,0.0,3.2
2026-08-13,Kámoši.net,context,SmartPhone,iOS,Žena,25 - 39,Olomoucký kraj,3725,7,0,0.0,28.32
2026-08-13,Kámoši.net,context,SmartPhone,iOS,Žena,25 - 39,Zlínský kraj,331,0,0,0.0,2.52
2026-08-13,Kámoši.net,context,SmartPhone,iOS,Žena,25 - 39,Moravskoslezský kraj,446,0,0,0.0,3.39
2026-08-13,Pozdní Zprávy,context,SmartPhone,Android,Žena,40 - 59,Hlavní město Praha,64564,166,4,973.41,922.07
2026-08-13,Pozdní Zprávy,context,SmartPhone,Android,Žena,40 - 59,Středočeský kraj,83128,240,5,1216.76,1187.2
2026-08-13,Pozdní Zprávy,context,SmartPhone,Android,Žena,40 - 59,Jihočeský kraj,42868,135,3,730.06,612.22
2026-08-13,Pozdní Zprávy,context,SmartPhone,Android,Žena,40 - 59,Plzeňský kraj,271674,785,38,9247.39,3879.93
2026-08-13,Pozdní Zprávy,context,SmartPhone,Android,Žena,40 - 59,Karlovarský kraj,88851,239,9,2190.17,1268.93
2026-08-13,Pozdní Zprávy,context,SmartPhone,Android,Žena,40 - 59,Ústecký kraj,56519,166,4,973.41,807.18
2026-08-13,Pozdní Zprávy,context,SmartPhone,Android,Žena,40 - 59,Liberecký kraj,210226,617,22,5353.75,3002.35
2026-08-13,Pozdní Zprávy,context,SmartPhone,Android,Žena,40 - 59,Královéhradecký kraj,244541,724,27,6570.52,3492.43
2026-08-13,Pozdní Zprávy,context,SmartPhone,Android,Žena,40 - 59,Pardubický kraj,283569,836,38,9247.39,4049.81
2026-08-13,Pozdní Zprávy,context,SmartPhone,Android,Žena,40 - 59,Kraj Vysočina,76648,234,8,1946.82,1094.65
2026-08-13,Pozdní Zprávy,context,SmartPhone,Android,Žena,40 - 59,Jihomoravský kraj,3604,6,0,0.0,51.47
2026-08-13,Pozdní Zprávy,context,SmartPhone,Android,Žena,40 - 59,Olomoucký kraj,250654,781,28,6813.87,3579.73
2026-08-13,Pozdní Zprávy,context,SmartPhone,Android,Žena,40 - 59,Zlínský kraj,94265,274,11,2676.88,1346.25
2026-08-13,Pozdní Zprávy,context,SmartPhone,Android,Žena,40 - 59,Moravskoslezský kraj,175462,488,19,4623.7,2505.87
2026-08-13,Pozdní Zprávy,context,Tv,,Muž,40 - 59,Hlavní město Praha,18,0,0,0.0,0.24
2026-08-13,Pozdní Zprávy,context,Tv,,Muž,40 - 59,Středočeský kraj,92,1,0,0.0,1.25
2026-08-13,Pozdní Zprávy,context,Tv,,Muž,40 - 59,Jihočeský kraj,658,3,0,0.0,8.93
2026-08-13,Pozdní Zprávy,context,Tv,,Muž,40 - 59,Plzeňský kraj,171,0,0,0.0,2.32
2026-08-13,Pozdní Zprávy,context,Tv,,Muž,40 - 59,Karlovarský kraj,1372,5,1,0.0,18.61
2026-08-13,Pozdní Zprávy,context,Tv,,Muž,40 - 59,Ústecký kraj,48,1,0,0.0,0.65
2026-08-13,Pozdní Zprávy,context,Tv,,Muž,40 - 59,Liberecký kraj,190,0,0,0.0,2.58
2026-08-13,Pozdní Zprávy,context,Tv,,Muž,40 - 59,Královéhradecký kraj,43,0,0,0.0,0.58
2026-08-13,Pozdní Zprávy,context,Tv,,Muž,40 - 59,Pardubický kraj,221,0,0,0.0,3.0
2026-08-13,Pozdní Zprávy,context,Tv,,Muž,40 - 59,Kraj Vysočina,448,0,0,0.0,6.08
2026-08-13,Pozdní Zprávy,context,Tv,,Muž,40 - 59,Jihomoravský kraj,3,0,0,0.0,0.04
2026-08-13,Pozdní Zprávy,context,Tv,,Muž,40 - 59,Olomoucký kraj,238,0,0,0.0,3.23
2026-08-13,Pozdní Zprávy,context,Tv,,Muž,40 - 59,Zlínský kraj,314,1,0,0.0,4.26
2026-08-13,Pozdní Zprávy,context,Tv,,Muž,40 - 59,Moravskoslezský kraj,41,0,0,0.0,0.56
2026-08-13,Pozdní Zprávy,context,SmartPhone,iOS,Neznámý,Neznámý,Hlavní město Praha,30290,34,0,0.0,189.68
2026-08-13,Pozdní Zprávy,context,SmartPhone,iOS,Neznámý,Neznámý,Středočeský kraj,88960,141,0,0.0,557.08
2026-08-13,Pozdní Zprávy,context,SmartPhone,iOS,Neznámý,Neznámý,Jihočeský kraj,30308,38,0,0.0,189.79
2026-08-13,Pozdní Zprávy,context,SmartPhone,iOS,Neznámý,Neznámý,Plzeňský kraj,24187,41,0,0.0,151.46
2026-08-13,Pozdní Zprávy,context,SmartPhone,iOS,Neznámý,Neznámý,Karlovarský kraj,38652,42,0,0.0,242.04
2026-08-13,Pozdní Zprávy,context,SmartPhone,iOS,Neznámý,Neznámý,Ústecký kraj,6798,12,0,0.0,42.57
2026-08-13,Pozdní Zprávy,context,SmartPhone,iOS,Neznámý,Neznámý,Liberecký kraj,13394,23,0,0.0,83.87
2026-08-13,Pozdní Zprávy,context,SmartPhone,iOS,Neznámý,Neznámý,Královéhradecký kraj,65809,82,1,788.28,412.1
2026-08-13,Pozdní Zprávy,context,SmartPhone,iOS,Neznámý,Neznámý,Pardubický kraj,2077,6,1,788.28,13.01
2026-08-13,Pozdní Zprávy,context,SmartPhone,iOS,Neznámý,Neznámý,Kraj Vysočina,9220,16,0,0.0,57.74
2026-08-13,Pozdní Zprávy,context,SmartPhone,iOS,Neznámý,Neznámý,Jihomoravský kraj,17740,22,0,0.0,111.09
2026-08-13,Pozdní Zprávy,context,SmartPhone,iOS,Neznámý,Neznámý,Olomoucký kraj,102770,156,0,0.0,643.56
2026-08-13,Pozdní Zprávy,context,SmartPhone,iOS,Neznámý,Neznámý,Zlínský kraj,7214,9,0,0.0,45.17
2026-08-13,Pozdní Zprávy,context,SmartPhone,iOS,Neznámý,Neznámý,Moravskoslezský kraj,45715,60,1,788.28,286.27
2026-08-13,Pozdní Zprávy,context,Tablet,Android,Muž,40 - 59,Hlavní město Praha,3543,7,0,0.0,45.52
2026-08-13,Pozdní Zprávy,context,Tablet,Android,Muž,40 - 59,Středočeský kraj,815,2,0,0.0,10.47
2026-08-13,Pozdní Zprávy,context,Tablet,Android,Muž,40 - 59,Jihočeský kraj,1127,4,1,1.1,14.48
2026-08-13,Pozdní Zprávy,context,Tablet,Android,Muž,40 - 59,Plzeňský kraj,547,2,0,0.0,7.03
2026-08-13,Pozdní Zprávy,context,Tablet,Android,Muž,40 - 59,Karlovarský kraj,4633,16,3,3.3,59.52
2026-08-13,Pozdní Zprávy,context,Tablet,Android,Muž,40 - 59,Ústecký kraj,2014,9,2,2.2,25.87
2026-08-13,Pozdní Zprávy,context,Tablet,Android,Muž,40 - 59,Liberecký kraj,16257,47,4,4.41,208.85
2026-08-13,Pozdní Zprávy,context,Tablet,Android,Muž,40 - 59,Královéhradecký kraj,12948,45,4,4.41,166.34
2026-08-13,Pozdní Zprávy,context,Tablet,Android,Muž,40 - 59,Pardubický kraj,747,6,1,1.1,9.6
2026-08-13,Pozdní Zprávy,context,Tablet,Android,Muž,40 - 59,Kraj Vysočina,2513,8,1,1.1,32.28
2026-08-13,Pozdní Zprávy,context,Tablet,Android,Muž,40 - 59,Jihomoravský kraj,12874,22,4,4.41,165.39
2026-08-13,Pozdní Zprávy,context,Tablet,Android,Muž,40 - 59,Olomoucký kraj,4564,18,1,1.1,58.63
2026-08-13,Pozdní Zprávy,context,Tablet,Android,Muž,40 - 59,Zlínský kraj,1380,3,0,0.0,17.73
2026-08-13,Pozdní Zprávy,context,Tablet,Android,Muž,40 - 59,Moravskoslezský kraj,14113,48,9,9.91,181.3
2026-08-13,Poštovna.cz,context,Desktop,,Žena,Neznámý,Hlavní město Praha,35,0,0,0.0,0.08
2026-08-13,Poštovna.cz,context,Desktop,,Žena,Neznámý,Středočeský kraj,19,0,0,0.0,0.04
2026-08-13,Poštovna.cz,context,Desktop,,Žena,Neznámý,Jihočeský kraj,58,0,0,0.0,0.13
2026-08-13,Poštovna.cz,context,Desktop,,Žena,Neznámý,Plzeňský kraj,29,0,0,0.0,0.06
2026-08-13,Poštovna.cz,context,Desktop,,Žena,Neznámý,Karlovarský kraj,82,0,0,0.0,0.18
2026-08-13,Poštovna.cz,context,Desktop,,Žena,Neznámý,Ústecký kraj,51,0,0,0.0,0.11
2026-08-13,Poštovna.cz,context,Desktop,,Žena,Neznámý,Liberecký kraj,31,0,0,0.0,0.07
2026-08-13,Poštovna.cz,context,Desktop,,Žena,Neznámý,Královéhradecký kraj,38,0,0,0.0,0.08
2026-08-13,Poštovna.cz,context,Desktop,,Žena,Neznámý,Pardubický kraj,20,0,0,0.0,0.04
2026-08-13,Poštovna.cz,context,Desktop,,Žena,Neznámý,Kraj Vysočina,103,0,0,0.0,0.23
2026-08-13,Poštovna.cz,context,Desktop,,Žena,Neznámý,Jihomoravský kraj,19,0,0,0.0,0.04
2026-08-13,Poštovna.cz,context,Desktop,,Žena,Neznámý,Olomoucký kraj,30,0,0,0.0,0.07
2026-08-13,Poštovna.cz,context,Desktop,,Žena,Neznámý,Zlínský kraj,19,0,0,0.0,0.04
2026-08-13,Poštovna.cz,context,Desktop,,Žena,Neznámý,Moravskoslezský kraj,99,0,0,0.0,0.22
2026-08-13,Poštovna.cz,context,Tv,Tizen,Žena,Neznámý,Hlavní město Praha,1,0,0,0.0,0.0
2026-08-13,Poštovna.cz,context,Tv,Tizen,Žena,Neznámý,Středočeský kraj,1,0,0,0.0,0.0
2026-08-13,Poštovna.cz,context,Tv,Tizen,Žena,Neznámý,Jihočeský kraj,1,0,0,0.0,0.0
2026-08-13,Poštovna.cz,context,Tv,Tizen,Žena,Neznámý,Plzeňský kraj,1,0,0,0.0,0.0
2026-08-13,Poštovna.cz,context,Tv,Tizen,Žena,Neznámý,Karlovarský kraj,1,0,0,0.0,0.0
2026-08-13,Poštovna.cz,context,Tv,Tizen,Žena,Neznámý,Ústecký kraj,1,0,0,0.0,0.0
2026-08-13,Poštovna.cz,context,Tv,Tizen,Žena,Neznámý,Liberecký kraj,1,0,0,0.0,0.0
2026-08-13,Poštovna.cz,context,Tv,Tizen,Žena,Neznámý,Královéhradecký kraj,1,0,0,0.0,0.0
2026-08-13,Poštovna.cz,context,Tv,Tizen,Žena,Neznámý,Pardubický kraj,1,0,0,0.0,0.0
2026-08-13,Poštovna.cz,context,Tv,Tizen,Žena,Neznámý,Kraj Vysočina,1,0,0,0.0,0.0
2026-08-13,Poštovna.cz,context,Tv,Tizen,Žena,Neznámý,Jihomoravský kraj,1,0,0,0.0,0.0
2026-08-13,Poštovna.cz,context,Tv,Tizen,Žena,Neznámý,Olomoucký kraj,1,0,0,0.0,0.0
2026-08-13,Poštovna.cz,context,Tv,Tizen,Žena,Neznámý,Zlínský kraj,1,0,0,0.0,0.0
2026-08-13,Poštovna.cz,context,Tv,Tizen,Žena,Neznámý,Moravskoslezský kraj,1,0,0,0.0,0.0
2026-08-13,Poštovna.cz,context,Console,Android,Žena,60+,Hlavní město Praha,1,0,0,0.0,0.0
2026-08-13,Poštovna.cz,context,Console,Android,Žena,60+,Středočeský kraj,1,0,0,0.0,0.0
2026-08-13,Poštovna.cz,context,Console,Android,Žena,60+,Jihočeský kraj,1,0,0,0.0,0.0
2026-08-13,Poštovna.cz,context,Console,Android,Žena,60+,Plzeňský kraj,1,0,0,0.0,0.0
2026-08-13,Poštovna.cz,context,Console,Android,Žena,60+,Karlovarský kraj,1,0,0,0.0,0.0
2026-08-13,Poštovna.cz,context,Console,Android,Žena,60+,Ústecký kraj,1,0,0,0.0,0.0
2026-08-13,Poštovna.cz,context,Console,Android,Žena,60+,Liberecký kraj,1,0,0,0.0,0.0
2026-08-13,Poštovna.cz,context,Console,Android,Žena,60+,Královéhradecký kraj,1,0,0,0.0,0.0
2026-08-13,Poštovna.cz,context,Console,Android,Žena,60+,Pardubický kraj,1,0,0,0.0,0.0
2026-08-13,Poštovna.cz,context,Console,Android,Žena,60+,Kraj Vysočina,1,0,0,0.0,0.0
2026-08-13,Poštovna.cz,context,Console,Android,Žena,60+,Jihomoravský kraj,1,0,0,0.0,0.0
2026-08-13,Poštovna.cz,context,Console,Android,Žena,60+,Olomoucký kraj,1,0,0,0.0,0.0
2026-08-13,Poštovna.cz,context,Console,Android,Žena,60+,Zlínský kraj,1,0,0,0.0,0.0
2026-08-13,Poštovna.cz,context,Console,Android,Žena,60+,Moravskoslezský kraj,1,0,0,0.0,0.0
2026-08-13,Poštovna.cz,context,SmartPhone,Android,Žena,18 - 24,Hlavní město Praha,430,1,0,0.0,5.5
2026-08-13,Poštovna.cz,context,SmartPhone,Android,Žena,18 - 24,Středočeský kraj,1020,2,0,0.0,13.04
2026-08-13,Poštovna.cz,context,SmartPhone,Android,Žena,18 - 24,Jihočeský kraj,1421,1,0,0.0,18.17
2026-08-13,Poštovna.cz,context,SmartPhone,Android,Žena,18 - 24,Plzeňský kraj,512,0,0,0.0,6.55
2026-08-13,Poštovna.cz,context,SmartPhone,Android,Žena,18 - 24,Karlovarský kraj,198,2,0,0.0,2.53
2026-08-13,Poštovna.cz,context,SmartPhone,Android,Žena,18 - 24,Ústecký kraj,748,0,0,0.0,9.56
2026-08-13,Poštovna.cz,context,SmartPhone,Android,Žena,18 - 24,Liberecký kraj,1306,2,0,0.0,16.7
2026-08-13,Poštovna.cz,context,SmartPhone,Android,Žena,18 - 24,Královéhradecký kraj,189,1,0,0.0,2.42
2026-08-13,Poštovna.cz,context,SmartPhone,Android,Žena,18 - 24,Pardubický kraj,1038,3,0,0.0,13.27
2026-08-13,Poštovna.cz,context,SmartPhone,Android,Žena,18 - 24,Kraj Vysočina,351,0,0,0.0,4.49
2026-08-13,Poštovna.cz,context,SmartPhone,Android,Žena,18 - 24,Jihomoravský kraj,480,1,0,0.0,6.14
2026-08-13,Poštovna.cz,context,SmartPhone,Android,Žena,18 - 24,Olomoucký kraj,204,0,0,0.0,2.61
2026-08-13,Poštovna.cz,context,SmartPhone,Android,Žena,18 - 24,Zlínský kraj,135,0,0,0.0,1.73
2026-08-13,Poštovna.cz,context,SmartPhone,Android,Žena,18 - 24,Moravskoslezský kraj,224,0,0,0.0,2.86
2026-08-14,Baráky.cz,context,SmartPhone,,Neznámý,Neznámý,Hlavní město Praha,960,0,0,0.0,4.19
2026-08-14,Baráky.cz,context,SmartPhone,,Neznámý,Neznámý,Středočeský kraj,63,0,0,0.0,0.28
2026-08-14,Baráky.cz,context,SmartPhone,,Neznámý,Neznámý,Jihočeský kraj,283,1,0,0.0,1.24
2026-08-14,Baráky.cz,context,SmartPhone,,Neznámý,Neznámý,Plzeňský kraj,942,0,0,0.0,4.11
2026-08-14,Baráky.cz,context,SmartPhone,,Neznámý,Neznámý,Karlovarský kraj,705,0,0,0.0,3.08
2026-08-14,Baráky.cz,context,SmartPhone,,Neznámý,Neznámý,Ústecký kraj,459,0,0,0.0,2.0
2026-08-14,Baráky.cz,context,SmartPhone,,Neznámý,Neznámý,Liberecký kraj,985,1,0,0.0,4.3
2026-08-14,Baráky.cz,context,SmartPhone,,Neznámý,Neznámý,Královéhradecký kraj,416,0,0,0.0,1.82
2026-08-14,Baráky.cz,context,SmartPhone,,Neznámý,Neznámý,Pardubický kraj,2649,1,0,0.0,11.57
2026-08-14,Baráky.cz,context,SmartPhone,,Neznámý,Neznámý,Kraj Vysočina,530,1,0,0.0,2.31
2026-08-14,Baráky.cz,context,SmartPhone,,Neznámý,Neznámý,Jihomoravský kraj,83,0,0,0.0,0.36
2026-08-14,Baráky.cz,context,SmartPhone,,Neznámý,Neznámý,Olomoucký kraj,315,0,0,0.0,1.38
2026-08-14,Baráky.cz,context,SmartPhone,,Neznámý,Neznámý,Zlínský kraj,524,0,0,0.0,2.29
2026-08-14,Baráky.cz,context,SmartPhone,,Neznámý,Neznámý,Moravskoslezský kraj,52,0,0,0.0,0.23
2026-08-14,Baráky.cz,context,Tv,,Muž,25 - 39,Hlavní město Praha,1,0,0,0.0,0.0
2026-08-14,Baráky.cz,context,Tv,,Muž,25 - 39,Středočeský kraj,1,0,0,0.0,0.0
2026-08-14,Baráky.cz,context,Tv,,Muž,25 - 39,Jihočeský kraj,1,0,0,0.0,0.0
2026-08-14,Baráky.cz,context,Tv,,Muž,25 - 39,Plzeňský kraj,1,0,0,0.0,0.0
2026-08-14,Baráky.cz,context,Tv,,Muž,25 - 39,Karlovarský kraj,1,0,0,0.0,0.0
2026-08-14,Baráky.cz,context,Tv,,Muž,25 - 39,Ústecký kraj,1,0,0,0.0,0.0
2026-08-14,Baráky.cz,context,Tv,,Muž,25 - 39,Liberecký kraj,1,0,0,0.0,0.0
2026-08-14,Baráky.cz,context,Tv,,Muž,25 - 39,Královéhradecký kraj,1,0,0,0.0,0.0
2026-08-14,Baráky.cz,context,Tv,,Muž,25 - 39,Pardubický kraj,1,0,0,0.0,0.0
2026-08-14,Baráky.cz,context,Tv,,Muž,25 - 39,Kraj Vysočina,1,0,0,0.0,0.0
2026-08-14,Baráky.cz,context,Tv,,Muž,25 - 39,Jihomoravský kraj,1,0,0,0.0,0.0
2026-08-14,Baráky.cz,context,Tv,,Muž,25 - 39,Olomoucký kraj,1,0,0,0.0,0.0
2026-08-14,Baráky.cz,context,Tv,,Muž,25 - 39,Zlínský kraj,1,0,0,0.0,0.0
2026-08-14,Baráky.cz,context,Tv,,Muž,25 - 39,Moravskoslezský kraj,1,0,0,0.0,0.0
2026-08-14,Baráky.cz,context,Desktop,Windows,Žena,Neznámý,Hlavní město Praha,13290,4,0,0.0,45.32
2026-08-14,Baráky.cz,context,Desktop,Windows,Žena,Neznámý,Středočeský kraj,8363,4,0,0.0,28.52
2026-08-14,Baráky.cz,context,Desktop,Windows,Žena,Neznámý,Jihočeský kraj,10556,2,0,0.0,35.99
2026-08-14,Baráky.cz,context,Desktop,Windows,Žena,Neznámý,Plzeňský kraj,6639,7,0,0.0,22.64
2026-08-14,Baráky.cz,context,Desktop,Windows,Žena,Neznámý,Karlovarský kraj,1242,0,0,0.0,4.23
2026-08-14,Baráky.cz,context,Desktop,Windows,Žena,Neznámý,Ústecký kraj,1257,0,0,0.0,4.29
2026-08-14,Baráky.cz,context,Desktop,Windows,Žena,Neznámý,Liberecký kraj,1898,0,0,0.0,6.47
2026-08-14,Baráky.cz,context,Desktop,Windows,Žena,Neznámý,Královéhradecký kraj,7737,1,0,0.0,26.38
2026-08-14,Baráky.cz,context,Desktop,Windows,Žena,Neznámý,Pardubický kraj,10225,6,0,0.0,34.86
2026-08-14,Baráky.cz,context,Desktop,Windows,Žena,Neznámý,Kraj Vysočina,4658,2,0,0.0,15.88
2026-08-14,Baráky.cz,context,Desktop,Windows,Žena,Neznámý,Jihomoravský kraj,2662,0,0,0.0,9.08
2026-08-14,Baráky.cz,context,Desktop,Windows,Žena,Neznámý,Olomoucký kraj,643,1,0,0.0,2.19
2026-08-14,Baráky.cz,context,Desktop,Windows,Žena,Neznámý,Zlínský kraj,2305,1,0,0.0,7.86
2026-08-14,Baráky.cz,context,Desktop,Windows,Žena,Neznámý,Moravskoslezský kraj,5354,0,0,0.0,18.26
2026-08-14,Blogeria.cz,context,Desktop,macOS,Muž,Neznámý,Hlavní město Praha,242,1,0,0.0,4.67
2026-08-14,Blogeria.cz,context,Desktop,macOS,Muž,Neznámý,Středočeský kraj,81,1,0,0.0,1.56
2026-08-14,Blogeria.cz,context,Desktop,macOS,Muž,Neznámý,Jihočeský kraj,802,3,0,0.0,15.49
2026-08-14,Blogeria.cz,context,Desktop,macOS,Muž,Neznámý,Plzeňský kraj,241,1,0,0.0,4.65
2026-08-14,Blogeria.cz,context,Desktop,macOS,Muž,Neznámý,Karlovarský kraj,233,1,0,0.0,4.5
2026-08-14,Blogeria.cz,context,Desktop,macOS,Muž,Neznámý,Ústecký kraj,73,0,0,0.0,1.41
2026-08-14,Blogeria.cz,context,Desktop,macOS,Muž,Neznámý,Liberecký kraj,115,0,0,0.0,2.22
2026-08-14,Blogeria.cz,context,Desktop,macOS,Muž,Neznámý,Královéhradecký kraj,206,0,0,0.0,3.98
2026-08-14,Blogeria.cz,context,Desktop,macOS,Muž,Neznámý,Pardubický kraj,690,3,0,0.0,13.33
2026-08-14,Blogeria.cz,context,Desktop,macOS,Muž,Neznámý,Kraj Vysočina,736,3,0,0.0,14.22
2026-08-14,Blogeria.cz,context,Desktop,macOS,Muž,Neznámý,Jihomoravský kraj,25,0,0,0.0,0.48
2026-08-14,Blogeria.cz,context,Desktop,macOS,Muž,Neznámý,Olomoucký kraj,11,0,0,0.0,0.21
2026-08-14,Blogeria.cz,context,Desktop,macOS,Muž,Neznámý,Zlínský kraj,856,2,0,0.0,16.53
2026-08-14,Blogeria.cz,context,Desktop,macOS,Muž,Neznámý,Moravskoslezský kraj,538,1,0,0.0,10.39
2026-08-14,Blogeria.cz,context,SmartPhone,,Neznámý,40 - 59,Hlavní město Praha,1,0,0,0.0,0.0
2026-08-14,Blogeria.cz,context,SmartPhone,,Neznámý,40 - 59,Středočeský kraj,1,0,0,0.0,0.0
2026-08-14,Blogeria.cz,context,SmartPhone,,Neznámý,40 - 59,Jihočeský kraj,1,0,0,0.0,0.0
2026-08-14,Blogeria.cz,context,SmartPhone,,Neznámý,40 - 59,Plzeňský kraj,1,0,0,0.0,0.0
2026-08-14,Blogeria.cz,context,SmartPhone,,Neznámý,40 - 59,Karlovarský kraj,1,0,0,0.0,0.0
2026-08-14,Blogeria.cz,context,SmartPhone,,Neznámý,40 - 59,Ústecký kraj,1,0,0,0.0,0.0
2026-08-14,Blogeria.cz,context,SmartPhone,,Neznámý,40 - 59,Liberecký kraj,1,0,0,0.0,0.0
2026-08-14,Blogeria.cz,context,SmartPhone,,Neznámý,40 - 59,Královéhradecký kraj,1,0,0,0.0,0.0
2026-08-14,Blogeria.cz,context,SmartPhone,,Neznámý,40 - 59,Pardubický kraj,1,0,0,0.0,0.0
2026-08-14,Blogeria.cz,context,SmartPhone,,Neznámý,40 - 59,Kraj Vysočina,1,0,0,0.0,0.0
2026-08-14,Blogeria.cz,context,SmartPhone,,Neznámý,40 - 59,Jihomoravský kraj,1,0,0,0.0,0.0
2026-08-14,Blogeria.cz,context,SmartPhone,,Neznámý,40 - 59,Olomoucký kraj,1,0,0,0.0,0.0
2026-08-14,Blogeria.cz,context,SmartPhone,,Neznámý,40 - 59,Zlínský kraj,1,0,0,0.0,0.0
2026-08-14,Blogeria.cz,context,SmartPhone,,Neznámý,40 - 59,Moravskoslezský kraj,1,0,0,0.0,0.0
2026-08-14,Drbárna.cz,context,MediaHub,Android,Muž,Neznámý,Hlavní město Praha,1,0,0,0.0,0.0
2026-08-14,Drbárna.cz,context,MediaHub,Android,Muž,Neznámý,Středočeský kraj,1,0,0,0.0,0.0
2026-08-14,Drbárna.cz,context,MediaHub,Android,Muž,Neznámý,Jihočeský kraj,1,0,0,0.0,0.0
2026-08-14,Drbárna.cz,context,MediaHub,Android,Muž,Neznámý,Plzeňský kraj,1,0,0,0.0,0.0
2026-08-14,Drbárna.cz,context,MediaHub,Android,Muž,Neznámý,Karlovarský kraj,1,0,0,0.0,0.0
2026-08-14,Drbárna.cz,context,MediaHub,Android,Muž,Neznámý,Ústecký kraj,1,0,0,0.0,0.0
2026-08-14,Drbárna.cz,context,MediaHub,Android,Muž,Neznámý,Liberecký kraj,1,0,0,0.0,0.0
2026-08-14,Drbárna.cz,context,MediaHub,Android,Muž,Neznámý,Královéhradecký kraj,1,0,0,0.0,0.0
2026-08-14,Drbárna.cz,context,MediaHub,Android,Muž,Neznámý,Pardubický kraj,1,0,0,0.0,0.0
2026-08-14,Drbárna.cz,context,MediaHub,Android,Muž,Neznámý,Kraj Vysočina,1,0,0,0.0,0.0
2026-08-14,Drbárna.cz,context,MediaHub,Android,Muž,Neznámý,Jihomoravský kraj,1,0,0,0.0,0.0
2026-08-14,Drbárna.cz,context,MediaHub,Android,Muž,Neznámý,Olomoucký kraj,1,0,0,0.0,0.0
2026-08-14,Drbárna.cz,context,MediaHub,Android,Muž,Neznámý,Zlínský kraj,1,0,0,0.0,0.0
2026-08-14,Drbárna.cz,context,MediaHub,Android,Muž,Neznámý,Moravskoslezský kraj,1,0,0,0.0,0.0
2026-08-14,Kliknito.cz,context,Desktop,Windows,Muž,18 - 24,Hlavní město Praha,10500,38,1,77.57,212.22
2026-08-14,Kliknito.cz,context,Desktop,Windows,Muž,18 - 24,Středočeský kraj,1369,3,1,77.57,27.67
2026-08-14,Kliknito.cz,context,Desktop,Windows,Muž,18 - 24,Jihočeský kraj,603,2,0,0.0,12.19
2026-08-14,Kliknito.cz,context,Desktop,Windows,Muž,18 - 24,Plzeňský kraj,3985,18,1,77.57,80.54
2026-08-14,Kliknito.cz,context,Desktop,Windows,Muž,18 - 24,Karlovarský kraj,3805,12,3,232.72,76.91
2026-08-14,Kliknito.cz,context,Desktop,Windows,Muž,18 - 24,Ústecký kraj,2154,9,1,77.57,43.54
2026-08-14,Kliknito.cz,context,Desktop,Windows,Muž,18 - 24,Liberecký kraj,945,3,0,0.0,19.1
2026-08-14,Kliknito.cz,context,Desktop,Windows,Muž,18 - 24,Královéhradecký kraj,1192,3,0,0.0,24.09
2026-08-14,Kliknito.cz,context,Desktop,Windows,Muž,18 - 24,Pardubický kraj,1627,7,1,77.57,32.88
2026-08-14,Kliknito.cz,context,Desktop,Windows,Muž,18 - 24,Kraj Vysočina,9237,41,6,465.45,186.7
2026-08-14,Kliknito.cz,context,Desktop,Windows,Muž,18 - 24,Jihomoravský kraj,2578,11,2,155.15,52.11
2026-08-14,Kliknito.cz,context,Desktop,Windows,Muž,18 - 24,Olomoucký kraj,6264,28,2,155.15,126.61
2026-08-14,Kliknito.cz,context,Desktop,Windows,Muž,18 - 24,Zlínský kraj,16686,52,1,77.57,337.26
2026-08-14,Kliknito.cz,context,Desktop,Windows,Muž,18 - 24,Moravskoslezský kraj,7002,32,3,232.72,141.52
2026-08-14,Kliknito.cz,context,SmartPhone,Android,Neznámý,Neznámý,Hlavní město Praha,19726,80,0,0.0,292.96
2026-08-14,Kliknito.cz,context,SmartPhone,Android,Neznámý,Neznámý,Středočeský kraj,21352,96,0,0.0,317.11
2026-08-14,Kliknito.cz,context,SmartPhone,Android,Neznámý,Neznámý,Jihočeský kraj,26073,113,0,0.0,387.22
2026-08-14,Kliknito.cz,context,SmartPhone,Android,Neznámý,Neznámý,Plzeňský kraj,41228,154,0,0.0,612.29
2026-08-14,Kliknito.cz,context,SmartPhone,Android,Neznámý,Neznámý,Karlovarský kraj,26724,122,0,0.0,396.89
2026-08-14,Kliknito.cz,context,SmartPhone,Android,Neznámý,Neznámý,Ústecký kraj,27970,114,0,0.0,415.39
2026-08-14,Kliknito.cz,context,SmartPhone,Android,Neznámý,Neznámý,Liberecký kraj,5452,21,0,0.0,80.97
2026-08-14,Kliknito.cz,context,SmartPhone,Android,Neznámý,Neznámý,Královéhradecký kraj,8493,37,0,0.0,126.13
2026-08-14,Kliknito.cz,context,SmartPhone,Android,Neznámý,Neznámý,Pardubický kraj,67746,295,2,4.34,1006.12
2026-08-14,Kliknito.cz,context,SmartPhone,Android,Neznámý,Neznámý,Kraj Vysočina,20288,78,0,0.0,301.3
2026-08-14,Kliknito.cz,context,SmartPhone,Android,Neznámý,Neznámý,Jihomoravský kraj,32572,120,0,0.0,483.74
2026-08-14,Kliknito.cz,context,SmartPhone,Android,Neznámý,Neznámý,Olomoucký kraj,9155,37,0,0.0,135.96
2026-08-14,Kliknito.cz,context,SmartPhone,Android,Neznámý,Neznámý,Zlínský kraj,1128,5,0,0.0,16.75
2026-08-14,Kliknito.cz,context,SmartPhone,Android,Neznámý,Neznámý,Moravskoslezský kraj,1771,7,0,0.0,26.3
2026-08-14,Kliknito.cz,context,Tv,Tizen,Muž,Neznámý,Hlavní město Praha,3,0,0,0.0,0.0
2026-08-14,Kliknito.cz,context,Tv,Tizen,Muž,Neznámý,Středočeský kraj,2,0,0,0.0,0.0
2026-08-14,Kliknito.cz,context,Tv,Tizen,Muž,Neznámý,Jihočeský kraj,9,0,0,0.0,0.0
2026-08-14,Kliknito.cz,context,Tv,Tizen,Muž,Neznámý,Plzeňský kraj,4,0,0,0.0,0.0
2026-08-14,Kliknito.cz,context,Tv,Tizen,Muž,Neznámý,Karlovarský kraj,8,0,0,0.0,0.0
2026-08-14,Kliknito.cz,context,Tv,Tizen,Muž,Neznámý,Ústecký kraj,1,0,0,0.0,0.0
2026-08-14,Kliknito.cz,context,Tv,Tizen,Muž,Neznámý,Liberecký kraj,4,0,0,0.0,0.0
2026-08-14,Kliknito.cz,context,Tv,Tizen,Muž,Neznámý,Královéhradecký kraj,1,0,0,0.0,0.0
2026-08-14,Kliknito.cz,context,Tv,Tizen,Muž,Neznámý,Pardubický kraj,4,0,0,0.0,0.0
2026-08-14,Kliknito.cz,context,Tv,Tizen,Muž,Neznámý,Kraj Vysočina,4,0,0,0.0,0.0
2026-08-14,Kliknito.cz,context,Tv,Tizen,Muž,Neznámý,Jihomoravský kraj,2,0,0,0.0,0.0
2026-08-14,Kliknito.cz,context,Tv,Tizen,Muž,Neznámý,Olomoucký kraj,3,0,0,0.0,0.0
2026-08-14,Kliknito.cz,context,Tv,Tizen,Muž,Neznámý,Zlínský kraj,2,0,0,0.0,0.0
2026-08-14,Kliknito.cz,context,Tv,Tizen,Muž,Neznámý,Moravskoslezský kraj,1,0,0,0.0,0.0
2026-08-14,Kliknito.cz,context,Desktop,macOS,Žena,25 - 39,Hlavní město Praha,8312,12,2,129.17,101.81
2026-08-14,Kliknito.cz,context,Desktop,macOS,Žena,25 - 39,Středočeský kraj,242,0,0,0.0,2.96
2026-08-14,Kliknito.cz,context,Desktop,macOS,Žena,25 - 39,Jihočeský kraj,1971,5,0,0.0,24.14
2026-08-14,Kliknito.cz,context,Desktop,macOS,Žena,25 - 39,Plzeňský kraj,920,1,1,64.59,11.27
2026-08-14,Kliknito.cz,context,Desktop,macOS,Žena,25 - 39,Karlovarský kraj,4477,7,1,64.59,54.84
2026-08-14,Kliknito.cz,context,Desktop,macOS,Žena,25 - 39,Ústecký kraj,12449,13,0,0.0,152.49
2026-08-14,Kliknito.cz,context,Desktop,macOS,Žena,25 - 39,Liberecký kraj,3293,10,1,64.59,40.34
2026-08-14,Kliknito.cz,context,Desktop,macOS,Žena,25 - 39,Královéhradecký kraj,661,1,0,0.0,8.1
2026-08-14,Kliknito.cz,context,Desktop,macOS,Žena,25 - 39,Pardubický kraj,2705,3,0,0.0,33.13
2026-08-14,Kliknito.cz,context,Desktop,macOS,Žena,25 - 39,Kraj Vysočina,4636,10,0,0.0,56.79
2026-08-14,Kliknito.cz,context,Desktop,macOS,Žena,25 - 39,Jihomoravský kraj,3519,4,0,0.0,43.1
2026-08-14,Kliknito.cz,context,Desktop,macOS,Žena,25 - 39,Olomoucký kraj,4689,8,1,64.59,57.44
2026-08-14,Kliknito.cz,context,Desktop,macOS,Žena,25 - 39,Zlínský kraj,501,0,0,0.0,6.14
2026-08-14,Kliknito.cz,context,Desktop,macOS,Žena,25 - 39,Moravskoslezský kraj,6502,10,1,64.59,79.64
2026-08-14,Kliknito.cz,context,Desktop,Windows,Neznámý,60+,Hlavní město Praha,6,0,0,0.0,0.01
2026-08-14,Kliknito.cz,context,Desktop,Windows,Neznámý,60+,Středočeský kraj,4,0,0,0.0,0.0
2026-08-14,Kliknito.cz,context,Desktop,Windows,Neznámý,60+,Jihočeský kraj,4,0,0,0.0,0.0
2026-08-14,Kliknito.cz,context,Desktop,Windows,Neznámý,60+,Plzeňský kraj,10,0,0,0.0,0.01
2026-08-14,Kliknito.cz,context,Desktop,Windows,Neznámý,60+,Karlovarský kraj,14,0,0,0.0,0.02
2026-08-14,Kliknito.cz,context,Desktop,Windows,Neznámý,60+,Ústecký kraj,19,0,0,0.0,0.02
2026-08-14,Kliknito.cz,context,Desktop,Windows,Neznámý,60+,Liberecký kraj,13,0,0,0.0,0.02
2026-08-14,Kliknito.cz,context,Desktop,Windows,Neznámý,60+,Královéhradecký kraj,1,0,0,0.0,0.0
2026-08-14,Kliknito.cz,context,Desktop,Windows,Neznámý,60+,Pardubický kraj,4,0,0,0.0,0.0
2026-08-14,Kliknito.cz,context,Desktop,Windows,Neznámý,60+,Kraj Vysočina,12,0,0,0.0,0.01
2026-08-14,Kliknito.cz,context,Desktop,Windows,Neznámý,60+,Jihomoravský kraj,4,0,0,0.0,0.0
2026-08-14,Kliknito.cz,context,Desktop,Windows,Neznámý,60+,Olomoucký kraj,2,0,0,0.0,0.0
2026-08-14,Kliknito.cz,context,Desktop,Windows,Neznámý,60+,Zlínský kraj,56,0,0,0.0,0.07
2026-08-14,Kliknito.cz,context,Desktop,Windows,Neznámý,60+,Moravskoslezský kraj,5,0,0,0.0,0.01
2026-08-14,Kopačka.cz,context,Console,Windows,Žena,60+,Hlavní město Praha,1,0,0,0.0,0.0
2026-08-14,Kopačka.cz,context,Console,Windows,Žena,60+,Středočeský kraj,1,0,0,0.0,0.0
2026-08-14,Kopačka.cz,context,Console,Windows,Žena,60+,Jihočeský kraj,1,0,0,0.0,0.0
2026-08-14,Kopačka.cz,context,Console,Windows,Žena,60+,Plzeňský kraj,1,0,0,0.0,0.0
2026-08-14,Kopačka.cz,context,Console,Windows,Žena,60+,Karlovarský kraj,1,0,0,0.0,0.0
2026-08-14,Kopačka.cz,context,Console,Windows,Žena,60+,Ústecký kraj,1,0,0,0.0,0.0
2026-08-14,Kopačka.cz,context,Console,Windows,Žena,60+,Liberecký kraj,1,0,0,0.0,0.0
2026-08-14,Kopačka.cz,context,Console,Windows,Žena,60+,Královéhradecký kraj,1,0,0,0.0,0.0
2026-08-14,Kopačka.cz,context,Console,Windows,Žena,60+,Pardubický kraj,1,0,0,0.0,0.0
2026-08-14,Kopačka.cz,context,Console,Windows,Žena,60+,Kraj Vysočina,1,0,0,0.0,0.0
2026-08-14,Kopačka.cz,context,Console,Windows,Žena,60+,Jihomoravský kraj,1,0,0,0.0,0.0
2026-08-14,Kopačka.cz,context,Console,Windows,Žena,60+,Olomoucký kraj,1,0,0,0.0,0.0
2026-08-14,Kopačka.cz,context,Console,Windows,Žena,60+,Zlínský kraj,1,0,0,0.0,0.0
2026-08-14,Kopačka.cz,context,Console,Windows,Žena,60+,Moravskoslezský kraj,1,0,0,0.0,0.0
2026-08-14,Kámoši.net,context,Tv,,Neznámý,Neznámý,Hlavní město Praha,1,0,0,0.0,0.0
2026-08-14,Kámoši.net,context,Tv,,Neznámý,Neznámý,Středočeský kraj,1,0,0,0.0,0.0
2026-08-14,Kámoši.net,context,Tv,,Neznámý,Neznámý,Jihočeský kraj,1,0,0,0.0,0.0
2026-08-14,Kámoši.net,context,Tv,,Neznámý,Neznámý,Plzeňský kraj,1,0,0,0.0,0.0
2026-08-14,Kámoši.net,context,Tv,,Neznámý,Neznámý,Karlovarský kraj,1,0,0,0.0,0.0
2026-08-14,Kámoši.net,context,Tv,,Neznámý,Neznámý,Ústecký kraj,1,0,0,0.0,0.0
2026-08-14,Kámoši.net,context,Tv,,Neznámý,Neznámý,Liberecký kraj,1,0,0,0.0,0.0
2026-08-14,Kámoši.net,context,Tv,,Neznámý,Neznámý,Královéhradecký kraj,1,0,0,0.0,0.0
2026-08-14,Kámoši.net,context,Tv,,Neznámý,Neznámý,Pardubický kraj,1,0,0,0.0,0.0
2026-08-14,Kámoši.net,context,Tv,,Neznámý,Neznámý,Kraj Vysočina,1,0,0,0.0,0.0
2026-08-14,Kámoši.net,context,Tv,,Neznámý,Neznámý,Jihomoravský kraj,1,0,0,0.0,0.0
2026-08-14,Kámoši.net,context,Tv,,Neznámý,Neznámý,Olomoucký kraj,1,0,0,0.0,0.0
2026-08-14,Kámoši.net,context,Tv,,Neznámý,Neznámý,Zlínský kraj,1,0,0,0.0,0.0
2026-08-14,Kámoši.net,context,Tv,,Neznámý,Neznámý,Moravskoslezský kraj,1,0,0,0.0,0.0
2026-08-14,Pozdní Zprávy,context,Tablet,macOS,Neznámý,Neznámý,Hlavní město Praha,1,0,0,0.0,0.0
2026-08-14,Pozdní Zprávy,context,Tablet,macOS,Neznámý,Neznámý,Středočeský kraj,1,0,0,0.0,0.0
2026-08-14,Pozdní Zprávy,context,Tablet,macOS,Neznámý,Neznámý,Jihočeský kraj,1,0,0,0.0,0.0
2026-08-14,Pozdní Zprávy,context,Tablet,macOS,Neznámý,Neznámý,Plzeňský kraj,1,0,0,0.0,0.0
2026-08-14,Pozdní Zprávy,context,Tablet,macOS,Neznámý,Neznámý,Karlovarský kraj,1,0,0,0.0,0.0
2026-08-14,Pozdní Zprávy,context,Tablet,macOS,Neznámý,Neznámý,Ústecký kraj,1,0,0,0.0,0.0
2026-08-14,Pozdní Zprávy,context,Tablet,macOS,Neznámý,Neznámý,Liberecký kraj,1,0,0,0.0,0.0
2026-08-14,Pozdní Zprávy,context,Tablet,macOS,Neznámý,Neznámý,Královéhradecký kraj,1,0,0,0.0,0.0
2026-08-14,Pozdní Zprávy,context,Tablet,macOS,Neznámý,Neznámý,Pardubický kraj,1,0,0,0.0,0.0
2026-08-14,Pozdní Zprávy,context,Tablet,macOS,Neznámý,Neznámý,Kraj Vysočina,1,0,0,0.0,0.0
2026-08-14,Pozdní Zprávy,context,Tablet,macOS,Neznámý,Neznámý,Jihomoravský kraj,1,0,0,0.0,0.0
2026-08-14,Pozdní Zprávy,context,Tablet,macOS,Neznámý,Neznámý,Olomoucký kraj,1,0,0,0.0,0.0
2026-08-14,Pozdní Zprávy,context,Tablet,macOS,Neznámý,Neznámý,Zlínský kraj,1,0,0,0.0,0.0
2026-08-14,Pozdní Zprávy,context,Tablet,macOS,Neznámý,Neznámý,Moravskoslezský kraj,1,0,0,0.0,0.0
2026-08-14,Pozdní Zprávy,context,Desktop,Windows,Žena,25 - 39,Hlavní město Praha,18974,24,0,0.0,244.61
2026-08-14,Pozdní Zprávy,context,Desktop,Windows,Žena,25 - 39,Středočeský kraj,9973,15,0,0.0,128.57
2026-08-14,Pozdní Zprávy,context,Desktop,Windows,Žena,25 - 39,Jihočeský kraj,2074,1,1,428.18,26.74
2026-08-14,Pozdní Zprávy,context,Desktop,Windows,Žena,25 - 39,Plzeňský kraj,47232,102,8,3425.44,608.92
2026-08-14,Pozdní Zprávy,context,Desktop,Windows,Žena,25 - 39,Karlovarský kraj,41860,71,3,1284.54,539.66
2026-08-14,Pozdní Zprávy,context,Desktop,Windows,Žena,25 - 39,Ústecký kraj,2177,3,0,0.0,28.07
2026-08-14,Pozdní Zprávy,context,Desktop,Windows,Žena,25 - 39,Liberecký kraj,7686,16,2,856.36,99.09
2026-08-14,Pozdní Zprávy,context,Desktop,Windows,Žena,25 - 39,Královéhradecký kraj,29709,46,1,428.18,383.01
2026-08-14,Pozdní Zprávy,context,Desktop,Windows,Žena,25 - 39,Pardubický kraj,3104,4,0,0.0,40.02
2026-08-14,Pozdní Zprávy,context,Desktop,Windows,Žena,25 - 39,Kraj Vysočina,3440,5,0,0.0,44.35
2026-08-14,Pozdní Zprávy,context,Desktop,Windows,Žena,25 - 39,Jihomoravský kraj,17226,23,3,1284.54,222.08
2026-08-14,Pozdní Zprávy,context,Desktop,Windows,Žena,25 - 39,Olomoucký kraj,3795,13,0,0.0,48.93
2026-08-14,Pozdní Zprávy,context,Desktop,Windows,Žena,25 - 39,Zlínský kraj,6592,15,1,428.18,84.98
2026-08-14,Pozdní Zprávy,context,Desktop,Windows,Žena,25 - 39,Moravskoslezský kraj,22405,45,0,0.0,288.85
2026-08-14,Poštovna.cz,context,Tablet,iPadOS,Žena,60+,Hlavní město Praha,244,0,0,0.0,3.01
2026-08-14,Poštovna.cz,context,Tablet,iPadOS,Žena,60+,Středočeský kraj,117,0,0,0.0,1.45
2026-08-14,Poštovna.cz,context,Tablet,iPadOS,Žena,60+,Jihočeský kraj,457,0,0,0.0,5.65
2026-08-14,Poštovna.cz,context,Tablet,iPadOS,Žena,60+,Plzeňský kraj,691,2,1,2.39,8.54
2026-08-14,Poštovna.cz,context,Tablet,iPadOS,Žena,60+,Karlovarský kraj,488,1,0,0.0,6.03
2026-08-14,Poštovna.cz,context,Tablet,iPadOS,Žena,60+,Ústecký kraj,585,2,0,0.0,7.23
2026-08-14,Poštovna.cz,context,Tablet,iPadOS,Žena,60+,Liberecký kraj,495,2,0,0.0,6.12
2026-08-14,Poštovna.cz,context,Tablet,iPadOS,Žena,60+,Královéhradecký kraj,51,0,0,0.0,0.63
2026-08-14,Poštovna.cz,context,Tablet,iPadOS,Žena,60+,Pardubický kraj,243,0,0,0.0,3.0
2026-08-14,Poštovna.cz,context,Tablet,iPadOS,Žena,60+,Kraj Vysočina,126,1,0,0.0,1.56
2026-08-14,Poštovna.cz,context,Tablet,iPadOS,Žena,60+,Jihomoravský kraj,328,1,0,0.0,4.05
2026-08-14,Poštovna.cz,context,Tablet,iPadOS,Žena,60+,Olomoucký kraj,157,2,0,0.0,1.94
2026-08-14,Poštovna.cz,context,Tablet,iPadOS,Žena,60+,Zlínský kraj,535,0,0,0.0,6.61
2026-08-14,Poštovna.cz,context,Tablet,iPadOS,Žena,60+,Moravskoslezský kraj,174,1,0,0.0,2.15
2026-08-14,ProTety.cz,context,SmartPhone,iOS,Muž,Neznámý,Hlavní město Praha,253,0,0,0.0,1.81
2026-08-14,ProTety.cz,context,SmartPhone,iOS,Muž,Neznámý,Středočeský kraj,759,0,0,0.0,5.42
2026-08-14,ProTety.cz,context,SmartPhone,iOS,Muž,Neznámý,Jihočeský kraj,318,1,0,0.0,2.27
2026-08-14,ProTety.cz,context,SmartPhone,iOS,Muž,Neznámý,Plzeňský kraj,1149,3,0,0.0,8.21
2026-08-14,ProTety.cz,context,SmartPhone,iOS,Muž,Neznámý,Karlovarský kraj,26,1,0,0.0,0.19
2026-08-14,ProTety.cz,context,SmartPhone,iOS,Muž,Neznámý,Ústecký kraj,1865,3,1,0.0,13.32
2026-08-14,ProTety.cz,context,SmartPhone,iOS,Muž,Neznámý,Liberecký kraj,252,1,0,0.0,1.8
2026-08-14,ProTety.cz,context,SmartPhone,iOS,Muž,Neznámý,Královéhradecký kraj,1053,2,0,0.0,7.52
2026-08-14,ProTety.cz,context,SmartPhone,iOS,Muž,Neznámý,Pardubický kraj,223,0,0,0.0,1.59
2026-08-14,ProTety.cz,context,SmartPhone,iOS,Muž,Neznámý,Kraj Vysočina,1617,2,0,0.0,11.55
2026-08-14,ProTety.cz,context,SmartPhone,iOS,Muž,Neznámý,Jihomoravský kraj,1353,2,0,0.0,9.67
2026-08-14,ProTety.cz,context,SmartPhone,iOS,Muž,Neznámý,Olomoucký kraj,281,0,0,0.0,2.01
2026-08-14,ProTety.cz,context,SmartPhone,iOS,Muž,Neznámý,Zlínský kraj,24,0,0,0.0,0.17
2026-08-14,ProTety.cz,context,SmartPhone,iOS,Muž,Neznámý,Moravskoslezský kraj,207,1,0,0.0,1.48
2026-08-14,ProTety.cz,context,Desktop,ChromeOS,Žena,60+,Hlavní město Praha,84,0,0,0.0,2.27
2026-08-14,ProTety.cz,context,Desktop,ChromeOS,Žena,60+,Středočeský kraj,335,2,0,0.0,9.05
2026-08-14,ProTety.cz,context,Desktop,ChromeOS,Žena,60+,Jihočeský kraj,210,1,0,0.0,5.68
2026-08-14,ProTety.cz,context,Desktop,ChromeOS,Žena,60+,Plzeňský kraj,3,0,0,0.0,0.08
2026-08-14,ProTety.cz,context,Desktop,ChromeOS,Žena,60+,Karlovarský kraj,16,0,0,0.0,0.43
2026-08-14,ProTety.cz,context,Desktop,ChromeOS,Žena,60+,Ústecký kraj,181,0,0,0.0,4.89
2026-08-14,ProTety.cz,context,Desktop,ChromeOS,Žena,60+,Liberecký kraj,168,0,0,0.0,4.54
2026-08-14,ProTety.cz,context,Desktop,ChromeOS,Žena,60+,Královéhradecký kraj,38,0,0,0.0,1.03
2026-08-14,ProTety.cz,context,Desktop,ChromeOS,Žena,60+,Pardubický kraj,48,0,0,0.0,1.3
2026-08-14,ProTety.cz,context,Desktop,ChromeOS,Žena,60+,Kraj Vysočina,262,2,0,0.0,7.08
2026-08-14,ProTety.cz,context,Desktop,ChromeOS,Žena,60+,Jihomoravský kraj,99,1,0,0.0,2.68
2026-08-14,ProTety.cz,context,Desktop,ChromeOS,Žena,60+,Olomoucký kraj,61,0,0,0.0,1.65
2026-08-14,ProTety.cz,context,Desktop,ChromeOS,Žena,60+,Zlínský kraj,11,1,0,0.0,0.3
2026-08-14,ProTety.cz,context,Desktop,ChromeOS,Žena,60+,Moravskoslezský kraj,190,2,0,0.0,5.14
2026-08-15,Aktualitky.cz,context,SmartPhone,iOS,Žena,60+,Hlavní město Praha,67069,279,9,1491.82,1120.02
2026-08-15,Aktualitky.cz,context,SmartPhone,iOS,Žena,60+,Středočeský kraj,32076,142,5,828.79,535.65
2026-08-15,Aktualitky.cz,context,SmartPhone,iOS,Žena,60+,Jihočeský kraj,60723,254,7,1160.3,1014.05
2026-08-15,Aktualitky.cz,context,SmartPhone,iOS,Žena,60+,Plzeňský kraj,13807,62,2,331.52,230.57
2026-08-15,Aktualitky.cz,context,SmartPhone,iOS,Žena,60+,Karlovarský kraj,1185,8,0,0.0,19.79
2026-08-15,Aktualitky.cz,context,SmartPhone,iOS,Žena,60+,Ústecký kraj,91714,440,9,1491.82,1531.58
2026-08-15,Aktualitky.cz,context,SmartPhone,iOS,Žena,60+,Liberecký kraj,5128,16,0,0.0,85.64
2026-08-15,Aktualitky.cz,context,SmartPhone,iOS,Žena,60+,Královéhradecký kraj,2025,12,1,165.76,33.82
2026-08-15,Aktualitky.cz,context,SmartPhone,iOS,Žena,60+,Pardubický kraj,6359,18,0,0.0,106.19
2026-08-15,Aktualitky.cz,context,SmartPhone,iOS,Žena,60+,Kraj Vysočina,33394,157,2,331.52,557.66
2026-08-15,Aktualitky.cz,context,SmartPhone,iOS,Žena,60+,Jihomoravský kraj,67943,305,6,994.55,1134.62
2026-08-15,Aktualitky.cz,context,SmartPhone,iOS,Žena,60+,Olomoucký kraj,46537,226,9,1491.82,777.15
2026-08-15,Aktualitky.cz,context,SmartPhone,iOS,Žena,60+,Zlínský kraj,14492,65,2,331.52,242.01
2026-08-15,Aktualitky.cz,context,SmartPhone,iOS,Žena,60+,Moravskoslezský kraj,19413,81,1,165.76,324.19
2026-08-15,Aktualitky.cz,context,,,Muž,25 - 39,Hlavní město Praha,1,0,0,0.0,0.0
2026-08-15,Aktualitky.cz,context,,,Muž,25 - 39,Středočeský kraj,1,0,0,0.0,0.0
2026-08-15,Aktualitky.cz,context,,,Muž,25 - 39,Jihočeský kraj,1,0,0,0.0,0.0
2026-08-15,Aktualitky.cz,context,,,Muž,25 - 39,Plzeňský kraj,1,0,0,0.0,0.0
2026-08-15,Aktualitky.cz,context,,,Muž,25 - 39,Karlovarský kraj,1,0,0,0.0,0.0
2026-08-15,Aktualitky.cz,context,,,Muž,25 - 39,Ústecký kraj,1,0,0,0.0,0.0
2026-08-15,Aktualitky.cz,context,,,Muž,25 - 39,Liberecký kraj,1,0,0,0.0,0.0
2026-08-15,Aktualitky.cz,context,,,Muž,25 - 39,Královéhradecký kraj,1,0,0,0.0,0.0
2026-08-15,Aktualitky.cz,context,,,Muž,25 - 39,Pardubický kraj,1,0,0,0.0,0.0
2026-08-15,Aktualitky.cz,context,,,Muž,25 - 39,Kraj Vysočina,1,0,0,0.0,0.0
2026-08-15,Aktualitky.cz,context,,,Muž,25 - 39,Jihomoravský kraj,1,0,0,0.0,0.0
2026-08-15,Aktualitky.cz,context,,,Muž,25 - 39,Olomoucký kraj,1,0,0,0.0,0.0
2026-08-15,Aktualitky.cz,context,,,Muž,25 - 39,Zlínský kraj,1,0,0,0.0,0.0
2026-08-15,Aktualitky.cz,context,,,Muž,25 - 39,Moravskoslezský kraj,1,0,0,0.0,0.0
2026-08-15,Baráky.cz,context,SmartPhone,Android,Žena,18 - 24,Hlavní město Praha,349,1,0,0.0,0.57
2026-08-15,Baráky.cz,context,SmartPhone,Android,Žena,18 - 24,Středočeský kraj,71,0,0,0.0,0.12
2026-08-15,Baráky.cz,context,SmartPhone,Android,Žena,18 - 24,Jihočeský kraj,279,0,0,0.0,0.46
2026-08-15,Baráky.cz,context,SmartPhone,Android,Žena,18 - 24,Plzeňský kraj,1783,0,0,0.0,2.91
2026-08-15,Baráky.cz,context,SmartPhone,Android,Žena,18 - 24,Karlovarský kraj,107,0,0,0.0,0.17
2026-08-15,Baráky.cz,context,SmartPhone,Android,Žena,18 - 24,Ústecký kraj,126,0,0,0.0,0.21
2026-08-15,Baráky.cz,context,SmartPhone,Android,Žena,18 - 24,Liberecký kraj,641,0,0,0.0,1.05
2026-08-15,Baráky.cz,context,SmartPhone,Android,Žena,18 - 24,Královéhradecký kraj,1146,0,0,0.0,1.87
2026-08-15,Baráky.cz,context,SmartPhone,Android,Žena,18 - 24,Pardubický kraj,392,0,0,0.0,0.64
2026-08-15,Baráky.cz,context,SmartPhone,Android,Žena,18 - 24,Kraj Vysočina,803,0,0,0.0,1.31
2026-08-15,Baráky.cz,context,SmartPhone,Android,Žena,18 - 24,Jihomoravský kraj,719,1,0,0.0,1.17
2026-08-15,Baráky.cz,context,SmartPhone,Android,Žena,18 - 24,Olomoucký kraj,1701,2,0,0.0,2.78
2026-08-15,Baráky.cz,context,SmartPhone,Android,Žena,18 - 24,Zlínský kraj,541,0,0,0.0,0.88
2026-08-15,Baráky.cz,context,SmartPhone,Android,Žena,18 - 24,Moravskoslezský kraj,9,0,0,0.0,0.01
2026-08-15,Blogeria.cz,context,SmartPhone,,Žena,60+,Hlavní město Praha,1483,3,0,0.0,22.79
2026-08-15,Blogeria.cz,context,SmartPhone,,Žena,60+,Středočeský kraj,107,1,0,0.0,1.64
2026-08-15,Blogeria.cz,context,SmartPhone,,Žena,60+,Jihočeský kraj,400,3,1,817.06,6.15
2026-08-15,Blogeria.cz,context,SmartPhone,,Žena,60+,Plzeňský kraj,2084,9,0,0.0,32.03
2026-08-15,Blogeria.cz,context,SmartPhone,,Žena,60+,Karlovarský kraj,1607,8,0,0.0,24.7
2026-08-15,Blogeria.cz,context,SmartPhone,,Žena,60+,Ústecký kraj,994,3,0,0.0,15.28
2026-08-15,Blogeria.cz,context,SmartPhone,,Žena,60+,Liberecký kraj,350,0,0,0.0,5.38
2026-08-15,Blogeria.cz,context,SmartPhone,,Žena,60+,Královéhradecký kraj,1333,4,0,0.0,20.49
2026-08-15,Blogeria.cz,context,SmartPhone,,Žena,60+,Pardubický kraj,112,0,0,0.0,1.72
2026-08-15,Blogeria.cz,context,SmartPhone,,Žena,60+,Kraj Vysočina,171,0,0,0.0,2.63
2026-08-15,Blogeria.cz,context,SmartPhone,,Žena,60+,Jihomoravský kraj,500,4,0,0.0,7.68
2026-08-15,Blogeria.cz,context,SmartPhone,,Žena,60+,Olomoucký kraj,617,1,0,0.0,9.48
2026-08-15,Blogeria.cz,context,SmartPhone,,Žena,60+,Zlínský kraj,188,1,0,0.0,2.89
2026-08-15,Blogeria.cz,context,SmartPhone,,Žena,60+,Moravskoslezský kraj,613,5,0,0.0,9.42
2026-08-15,Blogeria.cz,context,Tablet,,Muž,18 - 24,Hlavní město Praha,1,0,0,0.0,0.0
2026-08-15,Blogeria.cz,context,Tablet,,Muž,18 - 24,Středočeský kraj,1,0,0,0.0,0.0
2026-08-15,Blogeria.cz,context,Tablet,,Muž,18 - 24,Jihočeský kraj,1,0,0,0.0,0.0
2026-08-15,Blogeria.cz,context,Tablet,,Muž,18 - 24,Plzeňský kraj,1,0,0,0.0,0.0
2026-08-15,Blogeria.cz,context,Tablet,,Muž,18 - 24,Karlovarský kraj,1,0,0,0.0,0.0
2026-08-15,Blogeria.cz,context,Tablet,,Muž,18 - 24,Ústecký kraj,1,0,0,0.0,0.0
2026-08-15,Blogeria.cz,context,Tablet,,Muž,18 - 24,Liberecký kraj,1,0,0,0.0,0.0
2026-08-15,Blogeria.cz,context,Tablet,,Muž,18 - 24,Královéhradecký kraj,1,0,0,0.0,0.0
2026-08-15,Blogeria.cz,context,Tablet,,Muž,18 - 24,Pardubický kraj,1,0,0,0.0,0.0
2026-08-15,Blogeria.cz,context,Tablet,,Muž,18 - 24,Kraj Vysočina,1,0,0,0.0,0.0
2026-08-15,Blogeria.cz,context,Tablet,,Muž,18 - 24,Jihomoravský kraj,1,0,0,0.0,0.0
2026-08-15,Blogeria.cz,context,Tablet,,Muž,18 - 24,Olomoucký kraj,1,0,0,0.0,0.0
2026-08-15,Blogeria.cz,context,Tablet,,Muž,18 - 24,Zlínský kraj,1,0,0,0.0,0.0
2026-08-15,Blogeria.cz,context,Tablet,,Muž,18 - 24,Moravskoslezský kraj,1,0,0,0.0,0.0
2026-08-15,Drbárna.cz,context,SmallScreen,Android,Neznámý,Neznámý,Hlavní město Praha,1,0,0,0.0,0.0
2026-08-15,Drbárna.cz,context,SmallScreen,Android,Neznámý,Neznámý,Středočeský kraj,1,0,0,0.0,0.0
2026-08-15,Drbárna.cz,context,SmallScreen,Android,Neznámý,Neznámý,Jihočeský kraj,1,0,0,0.0,0.0
2026-08-15,Drbárna.cz,context,SmallScreen,Android,Neznámý,Neznámý,Plzeňský kraj,1,0,0,0.0,0.0
2026-08-15,Drbárna.cz,context,SmallScreen,Android,Neznámý,Neznámý,Karlovarský kraj,1,0,0,0.0,0.0
2026-08-15,Drbárna.cz,context,SmallScreen,Android,Neznámý,Neznámý,Ústecký kraj,1,0,0,0.0,0.0
2026-08-15,Drbárna.cz,context,SmallScreen,Android,Neznámý,Neznámý,Liberecký kraj,1,0,0,0.0,0.0
2026-08-15,Drbárna.cz,context,SmallScreen,Android,Neznámý,Neznámý,Královéhradecký kraj,1,0,0,0.0,0.0
2026-08-15,Drbárna.cz,context,SmallScreen,Android,Neznámý,Neznámý,Pardubický kraj,1,0,0,0.0,0.0
2026-08-15,Drbárna.cz,context,SmallScreen,Android,Neznámý,Neznámý,Kraj Vysočina,1,0,0,0.0,0.0
2026-08-15,Drbárna.cz,context,SmallScreen,Android,Neznámý,Neznámý,Jihomoravský kraj,1,0,0,0.0,0.0
2026-08-15,Drbárna.cz,context,SmallScreen,Android,Neznámý,Neznámý,Olomoucký kraj,1,0,0,0.0,0.0
2026-08-15,Drbárna.cz,context,SmallScreen,Android,Neznámý,Neznámý,Zlínský kraj,1,0,0,0.0,0.0
2026-08-15,Drbárna.cz,context,SmallScreen,Android,Neznámý,Neznámý,Moravskoslezský kraj,1,0,0,0.0,0.0
2026-08-15,Kliknito.cz,context,SmartPhone,iOS,Žena,60+,Hlavní město Praha,30245,148,7,443.59,482.07
2026-08-15,Kliknito.cz,context,SmartPhone,iOS,Žena,60+,Středočeský kraj,28986,122,6,380.22,462.01
2026-08-15,Kliknito.cz,context,SmartPhone,iOS,Žena,60+,Jihočeský kraj,11842,55,1,63.37,188.75
2026-08-15,Kliknito.cz,context,SmartPhone,iOS,Žena,60+,Plzeňský kraj,28707,137,7,443.59,457.56
2026-08-15,Kliknito.cz,context,SmartPhone,iOS,Žena,60+,Karlovarský kraj,58882,264,8,506.97,938.52
2026-08-15,Kliknito.cz,context,SmartPhone,iOS,Žena,60+,Ústecký kraj,25898,104,3,190.11,412.79
2026-08-15,Kliknito.cz,context,SmartPhone,iOS,Žena,60+,Liberecký kraj,57014,257,5,316.85,908.74
2026-08-15,Kliknito.cz,context,SmartPhone,iOS,Žena,60+,Královéhradecký kraj,29127,124,1,63.37,464.25
2026-08-15,Kliknito.cz,context,SmartPhone,iOS,Žena,60+,Pardubický kraj,85985,402,13,823.82,1370.51
2026-08-15,Kliknito.cz,context,SmartPhone,iOS,Žena,60+,Kraj Vysočina,8959,39,0,0.0,142.8
2026-08-15,Kliknito.cz,context,SmartPhone,iOS,Žena,60+,Jihomoravský kraj,3941,25,2,126.74,62.82
2026-08-15,Kliknito.cz,context,SmartPhone,iOS,Žena,60+,Olomoucký kraj,104957,488,10,633.71,1672.91
2026-08-15,Kliknito.cz,context,SmartPhone,iOS,Žena,60+,Zlínský kraj,24834,92,5,316.85,395.83
2026-08-15,Kliknito.cz,context,SmartPhone,iOS,Žena,60+,Moravskoslezský kraj,114423,489,9,570.34,1823.79
2026-08-15,Kliknito.cz,context,Desktop,,Neznámý,25 - 39,Hlavní město Praha,1,0,0,0.0,0.0
2026-08-15,Kliknito.cz,context,Desktop,,Neznámý,25 - 39,Středočeský kraj,1,0,0,0.0,0.0
2026-08-15,Kliknito.cz,context,Desktop,,Neznámý,25 - 39,Jihočeský kraj,1,0,0,0.0,0.0
2026-08-15,Kliknito.cz,context,Desktop,,Neznámý,25 - 39,Plzeňský kraj,1,0,0,0.0,0.0
2026-08-15,Kliknito.cz,context,Desktop,,Neznámý,25 - 39,Karlovarský kraj,1,0,0,0.0,0.0
2026-08-15,Kliknito.cz,context,Desktop,,Neznámý,25 - 39,Ústecký kraj,1,0,0,0.0,0.0
2026-08-15,Kliknito.cz,context,Desktop,,Neznámý,25 - 39,Liberecký kraj,1,0,0,0.0,0.0
2026-08-15,Kliknito.cz,context,Desktop,,Neznámý,25 - 39,Královéhradecký kraj,1,0,0,0.0,0.0
2026-08-15,Kliknito.cz,context,Desktop,,Neznámý,25 - 39,Pardubický kraj,1,0,0,0.0,0.0
2026-08-15,Kliknito.cz,context,Desktop,,Neznámý,25 - 39,Kraj Vysočina,1,0,0,0.0,0.0
2026-08-15,Kliknito.cz,context,Desktop,,Neznámý,25 - 39,Jihomoravský kraj,1,0,0,0.0,0.0
2026-08-15,Kliknito.cz,context,Desktop,,Neznámý,25 - 39,Olomoucký kraj,1,0,0,0.0,0.0
2026-08-15,Kliknito.cz,context,Desktop,,Neznámý,25 - 39,Zlínský kraj,1,0,0,0.0,0.0
2026-08-15,Kliknito.cz,context,Desktop,,Neznámý,25 - 39,Moravskoslezský kraj,1,0,0,0.0,0.0
2026-08-15,Kliknito.cz,context,SmallScreen,Android,Muž,Neznámý,Hlavní město Praha,2,0,0,0.0,0.22
2026-08-15,Kliknito.cz,context,SmallScreen,Android,Muž,Neznámý,Středočeský kraj,1,0,0,0.0,0.11
2026-08-15,Kliknito.cz,context,SmallScreen,Android,Muž,Neznámý,Jihočeský kraj,4,0,0,0.0,0.45
2026-08-15,Kliknito.cz,context,SmallScreen,Android,Muž,Neznámý,Plzeňský kraj,13,0,0,0.0,1.46
2026-08-15,Kliknito.cz,context,SmallScreen,Android,Muž,Neznámý,Karlovarský kraj,6,0,0,0.0,0.67
2026-08-15,Kliknito.cz,context,SmallScreen,Android,Muž,Neznámý,Ústecký kraj,9,1,0,0.0,1.01
2026-08-15,Kliknito.cz,context,SmallScreen,Android,Muž,Neznámý,Liberecký kraj,20,0,0,0.0,2.25
2026-08-15,Kliknito.cz,context,SmallScreen,Android,Muž,Neznámý,Královéhradecký kraj,22,0,0,0.0,2.47
2026-08-15,Kliknito.cz,context,SmallScreen,Android,Muž,Neznámý,Pardubický kraj,19,0,0,0.0,2.13
2026-08-15,Kliknito.cz,context,SmallScreen,Android,Muž,Neznámý,Kraj Vysočina,4,1,0,0.0,0.45
2026-08-15,Kliknito.cz,context,SmallScreen,Android,Muž,Neznámý,Jihomoravský kraj,7,1,0,0.0,0.79
2026-08-15,Kliknito.cz,context,SmallScreen,Android,Muž,Neznámý,Olomoucký kraj,12,1,0,0.0,1.35
2026-08-15,Kliknito.cz,context,SmallScreen,Android,Muž,Neznámý,Zlínský kraj,3,0,0,0.0,0.34
2026-08-15,Kliknito.cz,context,SmallScreen,Android,Muž,Neznámý,Moravskoslezský kraj,4,0,0,0.0,0.45
2026-08-15,Kopačka.cz,context,Desktop,Windows,Žena,Neznámý,Hlavní město Praha,424,0,0,0.0,4.35
2026-08-15,Kopačka.cz,context,Desktop,Windows,Žena,Neznámý,Středočeský kraj,3847,9,0,0.0,39.49
2026-08-15,Kopačka.cz,context,Desktop,Windows,Žena,Neznámý,Jihočeský kraj,172,0,0,0.0,1.77
2026-08-15,Kopačka.cz,context,Desktop,Windows,Žena,Neznámý,Plzeňský kraj,199,0,0,0.0,2.04
2026-08-15,Kopačka.cz,context,Desktop,Windows,Žena,Neznámý,Karlovarský kraj,1125,3,0,0.0,11.55
2026-08-15,Kopačka.cz,context,Desktop,Windows,Žena,Neznámý,Ústecký kraj,133,1,0,0.0,1.37
2026-08-15,Kopačka.cz,context,Desktop,Windows,Žena,Neznámý,Liberecký kraj,774,2,0,0.0,7.94
2026-08-15,Kopačka.cz,context,Desktop,Windows,Žena,Neznámý,Královéhradecký kraj,1044,3,1,0.0,10.72
2026-08-15,Kopačka.cz,context,Desktop,Windows,Žena,Neznámý,Pardubický kraj,18,0,0,0.0,0.18
2026-08-15,Kopačka.cz,context,Desktop,Windows,Žena,Neznámý,Kraj Vysočina,1375,2,0,0.0,14.11
2026-08-15,Kopačka.cz,context,Desktop,Windows,Žena,Neznámý,Jihomoravský kraj,853,2,0,0.0,8.76
2026-08-15,Kopačka.cz,context,Desktop,Windows,Žena,Neznámý,Olomoucký kraj,653,0,0,0.0,6.7
2026-08-15,Kopačka.cz,context,Desktop,Windows,Žena,Neznámý,Zlínský kraj,595,1,0,0.0,6.11
2026-08-15,Kopačka.cz,context,Desktop,Windows,Žena,Neznámý,Moravskoslezský kraj,293,1,0,0.0,3.01
2026-08-15,Kopačka.cz,context,,,Muž,40 - 59,Hlavní město Praha,1,0,0,0.0,0.0
2026-08-15,Kopačka.cz,context,,,Muž,40 - 59,Středočeský kraj,1,0,0,0.0,0.0
2026-08-15,Kopačka.cz,context,,,Muž,40 - 59,Jihočeský kraj,1,0,0,0.0,0.0
2026-08-15,Kopačka.cz,context,,,Muž,40 - 59,Plzeňský kraj,3,0,0,0.0,0.0
2026-08-15,Kopačka.cz,context,,,Muž,40 - 59,Karlovarský kraj,2,0,0,0.0,0.0
2026-08-15,Kopačka.cz,context,,,Muž,40 - 59,Ústecký kraj,1,0,0,0.0,0.0
2026-08-15,Kopačka.cz,context,,,Muž,40 - 59,Liberecký kraj,3,0,0,0.0,0.0
2026-08-15,Kopačka.cz,context,,,Muž,40 - 59,Královéhradecký kraj,2,0,0,0.0,0.0
2026-08-15,Kopačka.cz,context,,,Muž,40 - 59,Pardubický kraj,1,0,0,0.0,0.0
2026-08-15,Kopačka.cz,context,,,Muž,40 - 59,Kraj Vysočina,6,0,0,0.0,0.0
2026-08-15,Kopačka.cz,context,,,Muž,40 - 59,Jihomoravský kraj,4,0,0,0.0,0.0
2026-08-15,Kopačka.cz,context,,,Muž,40 - 59,Olomoucký kraj,5,0,0,0.0,0.0
2026-08-15,Kopačka.cz,context,,,Muž,40 - 59,Zlínský kraj,6,0,0,0.0,0.0
2026-08-15,Kopačka.cz,context,,,Muž,40 - 59,Moravskoslezský kraj,4,0,0,0.0,0.0
2026-08-15,Kopačka.cz,context,Tablet,Android,Muž,40 - 59,Hlavní město Praha,1131,0,0,0.0,9.41
2026-08-15,Kopačka.cz,context,Tablet,Android,Muž,40 - 59,Středočeský kraj,308,0,0,0.0,2.56
2026-08-15,Kopačka.cz,context,Tablet,Android,Muž,40 - 59,Jihočeský kraj,8754,14,0,0.0,72.83
2026-08-15,Kopačka.cz,context,Tablet,Android,Muž,40 - 59,Plzeňský kraj,619,0,0,0.0,5.15
2026-08-15,Kopačka.cz,context,Tablet,Android,Muž,40 - 59,Karlovarský kraj,5940,6,1,2.18,49.42
2026-08-15,Kopačka.cz,context,Tablet,Android,Muž,40 - 59,Ústecký kraj,2137,2,0,0.0,17.78
2026-08-15,Kopačka.cz,context,Tablet,Android,Muž,40 - 59,Liberecký kraj,2907,2,0,0.0,24.18
2026-08-15,Kopačka.cz,context,Tablet,Android,Muž,40 - 59,Královéhradecký kraj,782,1,0,0.0,6.51
2026-08-15,Kopačka.cz,context,Tablet,Android,Muž,40 - 59,Pardubický kraj,5,0,0,0.0,0.04
2026-08-15,Kopačka.cz,context,Tablet,Android,Muž,40 - 59,Kraj Vysočina,1868,1,0,0.0,15.54
2026-08-15,Kopačka.cz,context,Tablet,Android,Muž,40 - 59,Jihomoravský kraj,2890,3,1,2.18,24.04
2026-08-15,Kopačka.cz,context,Tablet,Android,Muž,40 - 59,Olomoucký kraj,2658,3,1,2.18,22.11
2026-08-15,Kopačka.cz,context,Tablet,Android,Muž,40 - 59,Zlínský kraj,257,1,0,0.0,2.14
2026-08-15,Kopačka.cz,context,Tablet,Android,Muž,40 - 59,Moravskoslezský kraj,409,1,0,0.0,3.4
2026-08-15,Kopačka.cz,context,SmartPhone,iOS,Muž,60+,Hlavní město Praha,40482,117,4,2.06,380.98
2026-08-15,Kopačka.cz,context,SmartPhone,iOS,Muž,60+,Středočeský kraj,1386,3,0,0.0,13.04
2026-08-15,Kopačka.cz,context,SmartPhone,iOS,Muž,60+,Jihočeský kraj,10057,20,0,0.0,94.65
2026-08-15,Kopačka.cz,context,SmartPhone,iOS,Muž,60+,Plzeňský kraj,56275,141,5,2.57,529.61
2026-08-15,Kopačka.cz,context,SmartPhone,iOS,Muž,60+,Karlovarský kraj,1470,5,0,0.0,13.83
2026-08-15,Kopačka.cz,context,SmartPhone,iOS,Muž,60+,Ústecký kraj,20468,46,1,0.51,192.63
2026-08-15,Kopačka.cz,context,SmartPhone,iOS,Muž,60+,Liberecký kraj,2214,4,0,0.0,20.84
2026-08-15,Kopačka.cz,context,SmartPhone,iOS,Muž,60+,Královéhradecký kraj,28609,66,1,0.51,269.24
2026-08-15,Kopačka.cz,context,SmartPhone,iOS,Muž,60+,Pardubický kraj,6989,18,0,0.0,65.77
2026-08-15,Kopačka.cz,context,SmartPhone,iOS,Muž,60+,Kraj Vysočina,3682,5,1,0.51,34.65
2026-08-15,Kopačka.cz,context,SmartPhone,iOS,Muž,60+,Jihomoravský kraj,3367,7,0,0.0,31.69
2026-08-15,Kopačka.cz,context,SmartPhone,iOS,Muž,60+,Olomoucký kraj,8829,18,1,0.51,83.09
2026-08-15,Kopačka.cz,context,SmartPhone,iOS,Muž,60+,Zlínský kraj,11907,22,0,0.0,112.06
2026-08-15,Kopačka.cz,context,SmartPhone,iOS,Muž,60+,Moravskoslezský kraj,16660,36,1,0.51,156.79
2026-08-15,Kámoši.net,context,MediaHub,Android,Muž,60+,Hlavní město Praha,3,0,0,0.0,0.0
2026-08-15,Kámoši.net,context,MediaHub,Android,Muž,60+,Středočeský kraj,1,0,0,0.0,0.0
2026-08-15,Kámoši.net,context,MediaHub,Android,Muž,60+,Jihočeský kraj,5,0,0,0.0,0.0
2026-08-15,Kámoši.net,context,MediaHub,Android,Muž,60+,Plzeňský kraj,1,0,0,0.0,0.0
2026-08-15,Kámoši.net,context,MediaHub,Android,Muž,60+,Karlovarský kraj,9,0,0,0.0,0.0
2026-08-15,Kámoši.net,context,MediaHub,Android,Muž,60+,Ústecký kraj,2,0,0,0.0,0.0
2026-08-15,Kámoši.net,context,MediaHub,Android,Muž,60+,Liberecký kraj,2,0,0,0.0,0.0
2026-08-15,Kámoši.net,context,MediaHub,Android,Muž,60+,Královéhradecký kraj,5,0,0,0.0,0.0
2026-08-15,Kámoši.net,context,MediaHub,Android,Muž,60+,Pardubický kraj,2,0,0,0.0,0.0
2026-08-15,Kámoši.net,context,MediaHub,Android,Muž,60+,Kraj Vysočina,3,0,0,0.0,0.0
2026-08-15,Kámoši.net,context,MediaHub,Android,Muž,60+,Jihomoravský kraj,6,0,0,0.0,0.0
2026-08-15,Kámoši.net,context,MediaHub,Android,Muž,60+,Olomoucký kraj,4,0,0,0.0,0.0
2026-08-15,Kámoši.net,context,MediaHub,Android,Muž,60+,Zlínský kraj,3,0,0,0.0,0.0
2026-08-15,Kámoši.net,context,MediaHub,Android,Muž,60+,Moravskoslezský kraj,5,0,0,0.0,0.0
2026-08-15,Kámoši.net,context,SmartPhone,iOS,Muž,Neznámý,Hlavní město Praha,255,1,0,0.0,2.07
2026-08-15,Kámoši.net,context,SmartPhone,iOS,Muž,Neznámý,Středočeský kraj,323,0,0,0.0,2.63
2026-08-15,Kámoši.net,context,SmartPhone,iOS,Muž,Neznámý,Jihočeský kraj,52,0,0,0.0,0.42
2026-08-15,Kámoši.net,context,SmartPhone,iOS,Muž,Neznámý,Plzeňský kraj,244,0,0,0.0,1.98
2026-08-15,Kámoši.net,context,SmartPhone,iOS,Muž,Neznámý,Karlovarský kraj,40,0,0,0.0,0.33
2026-08-15,Kámoši.net,context,SmartPhone,iOS,Muž,Neznámý,Ústecký kraj,483,0,0,0.0,3.93
2026-08-15,Kámoši.net,context,SmartPhone,iOS,Muž,Neznámý,Liberecký kraj,375,2,0,0.0,3.05
2026-08-15,Kámoši.net,context,SmartPhone,iOS,Muž,Neznámý,Královéhradecký kraj,488,1,0,0.0,3.97
2026-08-15,Kámoši.net,context,SmartPhone,iOS,Muž,Neznámý,Pardubický kraj,267,4,0,0.0,2.17
2026-08-15,Kámoši.net,context,SmartPhone,iOS,Muž,Neznámý,Kraj Vysočina,22,0,0,0.0,0.18
2026-08-15,Kámoši.net,context,SmartPhone,iOS,Muž,Neznámý,Jihomoravský kraj,198,1,0,0.0,1.61
2026-08-15,Kámoši.net,context,SmartPhone,iOS,Muž,Neznámý,Olomoucký kraj,72,0,0,0.0,0.59
2026-08-15,Kámoši.net,context,SmartPhone,iOS,Muž,Neznámý,Zlínský kraj,413,0,0,0.0,3.36
2026-08-15,Kámoši.net,context,SmartPhone,iOS,Muž,Neznámý,Moravskoslezský kraj,161,0,0,0.0,1.31
2026-08-15,Kámoši.net,context,Desktop,ChromeOS,Žena,Neznámý,Hlavní město Praha,9,0,0,0.0,0.0
2026-08-15,Kámoši.net,context,Desktop,ChromeOS,Žena,Neznámý,Středočeský kraj,4,0,0,0.0,0.0
2026-08-15,Kámoši.net,context,Desktop,ChromeOS,Žena,Neznámý,Jihočeský kraj,6,0,0,0.0,0.0
2026-08-15,Kámoši.net,context,Desktop,ChromeOS,Žena,Neznámý,Plzeňský kraj,1,0,0,0.0,0.0
2026-08-15,Kámoši.net,context,Desktop,ChromeOS,Žena,Neznámý,Karlovarský kraj,21,0,0,0.0,0.0
2026-08-15,Kámoši.net,context,Desktop,ChromeOS,Žena,Neznámý,Ústecký kraj,13,0,0,0.0,0.0
2026-08-15,Kámoši.net,context,Desktop,ChromeOS,Žena,Neznámý,Liberecký kraj,23,0,0,0.0,0.0
2026-08-15,Kámoši.net,context,Desktop,ChromeOS,Žena,Neznámý,Královéhradecký kraj,18,0,0,0.0,0.0
2026-08-15,Kámoši.net,context,Desktop,ChromeOS,Žena,Neznámý,Pardubický kraj,2,0,0,0.0,0.0
2026-08-15,Kámoši.net,context,Desktop,ChromeOS,Žena,Neznámý,Kraj Vysočina,25,0,0,0.0,0.0
2026-08-15,Kámoši.net,context,Desktop,ChromeOS,Žena,Neznámý,Jihomoravský kraj,16,0,0,0.0,0.0
2026-08-15,Kámoši.net,context,Desktop,ChromeOS,Žena,Neznámý,Olomoucký kraj,1,0,0,0.0,0.0
2026-08-15,Kámoši.net,context,Desktop,ChromeOS,Žena,Neznámý,Zlínský kraj,6,0,0,0.0,0.0
2026-08-15,Kámoši.net,context,Desktop,ChromeOS,Žena,Neznámý,Moravskoslezský kraj,3,0,0,0.0,0.0
2026-08-15,Pozdní Zprávy,context,SmartPhone,Android,Muž,18 - 24,Hlavní město Praha,3671,7,2,0.0,36.78
2026-08-15,Pozdní Zprávy,context,SmartPhone,Android,Muž,18 - 24,Středočeský kraj,859,0,0,0.0,8.61
2026-08-15,Pozdní Zprávy,context,SmartPhone,Android,Muž,18 - 24,Jihočeský kraj,1361,4,0,0.0,13.63
2026-08-15,Pozdní Zprávy,context,SmartPhone,Android,Muž,18 - 24,Plzeňský kraj,2283,3,0,0.0,22.87
2026-08-15,Pozdní Zprávy,context,SmartPhone,Android,Muž,18 - 24,Karlovarský kraj,428,1,0,0.0,4.29
2026-08-15,Pozdní Zprávy,context,SmartPhone,Android,Muž,18 - 24,Ústecký kraj,163,3,0,0.0,1.63
2026-08-15,Pozdní Zprávy,context,SmartPhone,Android,Muž,18 - 24,Liberecký kraj,1990,4,0,0.0,19.94
2026-08-15,Pozdní Zprávy,context,SmartPhone,Android,Muž,18 - 24,Královéhradecký kraj,2111,5,0,0.0,21.15
2026-08-15,Pozdní Zprávy,context,SmartPhone,Android,Muž,18 - 24,Pardubický kraj,2350,6,0,0.0,23.54
2026-08-15,Pozdní Zprávy,context,SmartPhone,Android,Muž,18 - 24,Kraj Vysočina,1714,3,0,0.0,17.17
2026-08-15,Pozdní Zprávy,context,SmartPhone,Android,Muž,18 - 24,Jihomoravský kraj,4147,9,0,0.0,41.54
2026-08-15,Pozdní Zprávy,context,SmartPhone,Android,Muž,18 - 24,Olomoucký kraj,1398,4,1,0.0,14.0
2026-08-15,Pozdní Zprávy,context,SmartPhone,Android,Muž,18 - 24,Zlínský kraj,379,0,0,0.0,3.8
2026-08-15,Pozdní Zprávy,context,SmartPhone,Android,Muž,18 - 24,Moravskoslezský kraj,83,2,0,0.0,0.83
2026-08-15,Poštovna.cz,context,Desktop,macOS,Neznámý,18 - 24,Hlavní město Praha,1,0,0,0.0,0.0
2026-08-15,Poštovna.cz,context,Desktop,macOS,Neznámý,18 - 24,Středočeský kraj,1,0,0,0.0,0.0
2026-08-15,Poštovna.cz,context,Desktop,macOS,Neznámý,18 - 24,Jihočeský kraj,1,0,0,0.0,0.0
2026-08-15,Poštovna.cz,context,Desktop,macOS,Neznámý,18 - 24,Plzeňský kraj,1,0,0,0.0,0.0
2026-08-15,Poštovna.cz,context,Desktop,macOS,Neznámý,18 - 24,Karlovarský kraj,1,0,0,0.0,0.0
2026-08-15,Poštovna.cz,context,Desktop,macOS,Neznámý,18 - 24,Ústecký kraj,1,0,0,0.0,0.0
2026-08-15,Poštovna.cz,context,Desktop,macOS,Neznámý,18 - 24,Liberecký kraj,1,0,0,0.0,0.0
2026-08-15,Poštovna.cz,context,Desktop,macOS,Neznámý,18 - 24,Královéhradecký kraj,1,0,0,0.0,0.0
2026-08-15,Poštovna.cz,context,Desktop,macOS,Neznámý,18 - 24,Pardubický kraj,1,0,0,0.0,0.0
2026-08-15,Poštovna.cz,context,Desktop,macOS,Neznámý,18 - 24,Kraj Vysočina,1,0,0,0.0,0.0
2026-08-15,Poštovna.cz,context,Desktop,macOS,Neznámý,18 - 24,Jihomoravský kraj,1,0,0,0.0,0.0
2026-08-15,Poštovna.cz,context,Desktop,macOS,Neznámý,18 - 24,Olomoucký kraj,1,0,0,0.0,0.0
2026-08-15,Poštovna.cz,context,Desktop,macOS,Neznámý,18 - 24,Zlínský kraj,1,0,0,0.0,0.0
2026-08-15,Poštovna.cz,context,Desktop,macOS,Neznámý,18 - 24,Moravskoslezský kraj,1,0,0,0.0,0.0
2026-08-15,Poštovna.cz,context,Tablet,,Žena,60+,Hlavní město Praha,12,1,0,0.0,0.54
2026-08-15,Poštovna.cz,context,Tablet,,Žena,60+,Středočeský kraj,40,0,0,0.0,1.8
2026-08-15,Poštovna.cz,context,Tablet,,Žena,60+,Jihočeský kraj,18,0,0,0.0,0.81
2026-08-15,Poštovna.cz,context,Tablet,,Žena,60+,Plzeňský kraj,4,0,0,0.0,0.18
2026-08-15,Poštovna.cz,context,Tablet,,Žena,60+,Karlovarský kraj,10,0,0,0.0,0.45
2026-08-15,Poštovna.cz,context,Tablet,,Žena,60+,Ústecký kraj,3,0,0,0.0,0.13
2026-08-15,Poštovna.cz,context,Tablet,,Žena,60+,Liberecký kraj,21,0,0,0.0,0.94
2026-08-15,Poštovna.cz,context,Tablet,,Žena,60+,Královéhradecký kraj,22,1,0,0.0,0.99
2026-08-15,Poštovna.cz,context,Tablet,,Žena,60+,Pardubický kraj,6,0,0,0.0,0.27
2026-08-15,Poštovna.cz,context,Tablet,,Žena,60+,Kraj Vysočina,37,0,0,0.0,1.66
2026-08-15,Poštovna.cz,context,Tablet,,Žena,60+,Jihomoravský kraj,5,0,0,0.0,0.22
2026-08-15,Poštovna.cz,context,Tablet,,Žena,60+,Olomoucký kraj,41,0,0,0.0,1.84
2026-08-15,Poštovna.cz,context,Tablet,,Žena,60+,Zlínský kraj,8,0,0,0.0,0.36
2026-08-15,Poštovna.cz,context,Tablet,,Žena,60+,Moravskoslezský kraj,6,0,0,0.0,0.27
2026-08-15,Poštovna.cz,context,Tv,Tizen,Žena,Neznámý,Hlavní město Praha,1,0,0,0.0,0.0
2026-08-15,Poštovna.cz,context,Tv,Tizen,Žena,Neznámý,Středočeský kraj,1,0,0,0.0,0.0
2026-08-15,Poštovna.cz,context,Tv,Tizen,Žena,Neznámý,Jihočeský kraj,1,0,0,0.0,0.0
2026-08-15,Poštovna.cz,context,Tv,Tizen,Žena,Neznámý,Plzeňský kraj,1,0,0,0.0,0.0
2026-08-15,Poštovna.cz,context,Tv,Tizen,Žena,Neznámý,Karlovarský kraj,1,0,0,0.0,0.0
2026-08-15,Poštovna.cz,context,Tv,Tizen,Žena,Neznámý,Ústecký kraj,1,0,0,0.0,0.0
2026-08-15,Poštovna.cz,context,Tv,Tizen,Žena,Neznámý,Liberecký kraj,1,0,0,0.0,0.0
2026-08-15,Poštovna.cz,context,Tv,Tizen,Žena,Neznámý,Královéhradecký kraj,1,0,0,0.0,0.0
2026-08-15,Poštovna.cz,context,Tv,Tizen,Žena,Neznámý,Pardubický kraj,1,0,0,0.0,0.0
2026-08-15,Poštovna.cz,context,Tv,Tizen,Žena,Neznámý,Kraj Vysočina,1,0,0,0.0,0.0
2026-08-15,Poštovna.cz,context,Tv,Tizen,Žena,Neznámý,Jihomoravský kraj,1,0,0,0.0,0.0
2026-08-15,Poštovna.cz,context,Tv,Tizen,Žena,Neznámý,Olomoucký kraj,1,0,0,0.0,0.0
2026-08-15,Poštovna.cz,context,Tv,Tizen,Žena,Neznámý,Zlínský kraj,1,0,0,0.0,0.0
2026-08-15,Poštovna.cz,context,Tv,Tizen,Žena,Neznámý,Moravskoslezský kraj,1,0,0,0.0,0.0
2026-08-15,Poštovna.cz,context,Desktop,,Muž,60+,Hlavní město Praha,481,2,0,0.0,14.71
2026-08-15,Poštovna.cz,context,Desktop,,Muž,60+,Středočeský kraj,889,4,0,0.0,27.19
2026-08-15,Poštovna.cz,context,Desktop,,Muž,60+,Jihočeský kraj,274,0,0,0.0,8.38
2026-08-15,Poštovna.cz,context,Desktop,,Muž,60+,Plzeňský kraj,845,3,0,0.0,25.85
2026-08-15,Poštovna.cz,context,Desktop,,Muž,60+,Karlovarský kraj,548,2,0,0.0,16.76
2026-08-15,Poštovna.cz,context,Desktop,,Muž,60+,Ústecký kraj,12,0,0,0.0,0.37
2026-08-15,Poštovna.cz,context,Desktop,,Muž,60+,Liberecký kraj,491,0,0,0.0,15.02
2026-08-15,Poštovna.cz,context,Desktop,,Muž,60+,Královéhradecký kraj,43,0,0,0.0,1.32
2026-08-15,Poštovna.cz,context,Desktop,,Muž,60+,Pardubický kraj,165,1,0,0.0,5.05
2026-08-15,Poštovna.cz,context,Desktop,,Muž,60+,Kraj Vysočina,381,0,0,0.0,11.65
2026-08-15,Poštovna.cz,context,Desktop,,Muž,60+,Jihomoravský kraj,414,0,0,0.0,12.66
2026-08-15,Poštovna.cz,context,Desktop,,Muž,60+,Olomoucký kraj,214,0,0,0.0,6.55
2026-08-15,Poštovna.cz,context,Desktop,,Muž,60+,Zlínský kraj,872,1,0,0.0,26.67
2026-08-15,Poštovna.cz,context,Desktop,,Muž,60+,Moravskoslezský kraj,1274,5,0,0.0,38.97
2026-08-16,Aktualitky.cz,context,Tablet,,Žena,40 - 59,Hlavní město Praha,11,0,0,0.0,0.17
2026-08-16,Aktualitky.cz,context,Tablet,,Žena,40 - 59,Středočeský kraj,1,0,0,0.0,0.02
2026-08-16,Aktualitky.cz,context,Tablet,,Žena,40 - 59,Jihočeský kraj,2,0,0,0.0,0.03
2026-08-16,Aktualitky.cz,context,Tablet,,Žena,40 - 59,Plzeňský kraj,11,0,0,0.0,0.17
2026-08-16,Aktualitky.cz,context,Tablet,,Žena,40 - 59,Karlovarský kraj,10,0,0,0.0,0.16
2026-08-16,Aktualitky.cz,context,Tablet,,Žena,40 - 59,Ústecký kraj,13,0,0,0.0,0.2
2026-08-16,Aktualitky.cz,context,Tablet,,Žena,40 - 59,Liberecký kraj,12,0,0,0.0,0.19
2026-08-16,Aktualitky.cz,context,Tablet,,Žena,40 - 59,Královéhradecký kraj,3,0,0,0.0,0.05
2026-08-16,Aktualitky.cz,context,Tablet,,Žena,40 - 59,Pardubický kraj,4,0,0,0.0,0.06
2026-08-16,Aktualitky.cz,context,Tablet,,Žena,40 - 59,Kraj Vysočina,25,0,0,0.0,0.39
2026-08-16,Aktualitky.cz,context,Tablet,,Žena,40 - 59,Jihomoravský kraj,12,0,0,0.0,0.19
2026-08-16,Aktualitky.cz,context,Tablet,,Žena,40 - 59,Olomoucký kraj,1,0,0,0.0,0.02
2026-08-16,Aktualitky.cz,context,Tablet,,Žena,40 - 59,Zlínský kraj,21,0,0,0.0,0.33
2026-08-16,Aktualitky.cz,context,Tablet,,Žena,40 - 59,Moravskoslezský kraj,7,0,0,0.0,0.11
2026-08-16,Aktualitky.cz,context,Desktop,ChromeOS,Muž,18 - 24,Hlavní město Praha,1,0,0,0.0,0.0
2026-08-16,Aktualitky.cz,context,Desktop,ChromeOS,Muž,18 - 24,Středočeský kraj,1,0,0,0.0,0.0
2026-08-16,Aktualitky.cz,context,Desktop,ChromeOS,Muž,18 - 24,Jihočeský kraj,1,0,0,0.0,0.0
2026-08-16,Aktualitky.cz,context,Desktop,ChromeOS,Muž,18 - 24,Plzeňský kraj,1,0,0,0.0,0.0
2026-08-16,Aktualitky.cz,context,Desktop,ChromeOS,Muž,18 - 24,Karlovarský kraj,1,0,0,0.0,0.0
2026-08-16,Aktualitky.cz,context,Desktop,ChromeOS,Muž,18 - 24,Ústecký kraj,1,0,0,0.0,0.0
2026-08-16,Aktualitky.cz,context,Desktop,ChromeOS,Muž,18 - 24,Liberecký kraj,1,0,0,0.0,0.0
2026-08-16,Aktualitky.cz,context,Desktop,ChromeOS,Muž,18 - 24,Královéhradecký kraj,1,0,0,0.0,0.0
2026-08-16,Aktualitky.cz,context,Desktop,ChromeOS,Muž,18 - 24,Pardubický kraj,1,0,0,0.0,0.0
2026-08-16,Aktualitky.cz,context,Desktop,ChromeOS,Muž,18 - 24,Kraj Vysočina,1,0,0,0.0,0.0
2026-08-16,Aktualitky.cz,context,Desktop,ChromeOS,Muž,18 - 24,Jihomoravský kraj,1,0,0,0.0,0.0
2026-08-16,Aktualitky.cz,context,Desktop,ChromeOS,Muž,18 - 24,Olomoucký kraj,1,0,0,0.0,0.0
2026-08-16,Aktualitky.cz,context,Desktop,ChromeOS,Muž,18 - 24,Zlínský kraj,1,0,0,0.0,0.0
2026-08-16,Aktualitky.cz,context,Desktop,ChromeOS,Muž,18 - 24,Moravskoslezský kraj,1,0,0,0.0,0.0
2026-08-16,Baráky.cz,context,Desktop,ChromeOS,Muž,25 - 39,Hlavní město Praha,2,0,0,0.0,0.01
2026-08-16,Baráky.cz,context,Desktop,ChromeOS,Muž,25 - 39,Středočeský kraj,3,0,0,0.0,0.01
2026-08-16,Baráky.cz,context,Desktop,ChromeOS,Muž,25 - 39,Jihočeský kraj,2,0,0,0.0,0.01
2026-08-16,Baráky.cz,context,Desktop,ChromeOS,Muž,25 - 39,Plzeňský kraj,3,0,0,0.0,0.01
2026-08-16,Baráky.cz,context,Desktop,ChromeOS,Muž,25 - 39,Karlovarský kraj,4,0,0,0.0,0.01
2026-08-16,Baráky.cz,context,Desktop,ChromeOS,Muž,25 - 39,Ústecký kraj,3,0,0,0.0,0.01
2026-08-16,Baráky.cz,context,Desktop,ChromeOS,Muž,25 - 39,Liberecký kraj,3,0,0,0.0,0.01
2026-08-16,Baráky.cz,context,Desktop,ChromeOS,Muž,25 - 39,Královéhradecký kraj,1,0,0,0.0,0.0
2026-08-16,Baráky.cz,context,Desktop,ChromeOS,Muž,25 - 39,Pardubický kraj,3,0,0,0.0,0.01
2026-08-16,Baráky.cz,context,Desktop,ChromeOS,Muž,25 - 39,Kraj Vysočina,2,0,0,0.0,0.01
2026-08-16,Baráky.cz,context,Desktop,ChromeOS,Muž,25 - 39,Jihomoravský kraj,5,0,0,0.0,0.02
2026-08-16,Baráky.cz,context,Desktop,ChromeOS,Muž,25 - 39,Olomoucký kraj,5,0,0,0.0,0.02
2026-08-16,Baráky.cz,context,Desktop,ChromeOS,Muž,25 - 39,Zlínský kraj,4,0,0,0.0,0.01
2026-08-16,Baráky.cz,context,Desktop,ChromeOS,Muž,25 - 39,Moravskoslezský kraj,4,0,0,0.0,0.01
2026-08-16,Baráky.cz,context,SmartPhone,,Žena,Neznámý,Hlavní město Praha,7,0,0,0.0,0.02
2026-08-16,Baráky.cz,context,SmartPhone,,Žena,Neznámý,Středočeský kraj,78,0,0,0.0,0.22
2026-08-16,Baráky.cz,context,SmartPhone,,Žena,Neznámý,Jihočeský kraj,22,0,0,0.0,0.06
2026-08-16,Baráky.cz,context,SmartPhone,,Žena,Neznámý,Plzeňský kraj,42,1,0,0.0,0.12
2026-08-16,Baráky.cz,context,SmartPhone,,Žena,Neznámý,Karlovarský kraj,39,0,0,0.0,0.11
2026-08-16,Baráky.cz,context,SmartPhone,,Žena,Neznámý,Ústecký kraj,8,0,0,0.0,0.02
2026-08-16,Baráky.cz,context,SmartPhone,,Žena,Neznámý,Liberecký kraj,22,0,0,0.0,0.06
2026-08-16,Baráky.cz,context,SmartPhone,,Žena,Neznámý,Královéhradecký kraj,32,0,0,0.0,0.09
2026-08-16,Baráky.cz,context,SmartPhone,,Žena,Neznámý,Pardubický kraj,70,0,0,0.0,0.2
2026-08-16,Baráky.cz,context,SmartPhone,,Žena,Neznámý,Kraj Vysočina,11,0,0,0.0,0.03
2026-08-16,Baráky.cz,context,SmartPhone,,Žena,Neznámý,Jihomoravský kraj,2,0,0,0.0,0.01
2026-08-16,Baráky.cz,context,SmartPhone,,Žena,Neznámý,Olomoucký kraj,20,0,0,0.0,0.06
2026-08-16,Baráky.cz,context,SmartPhone,,Žena,Neznámý,Zlínský kraj,26,0,0,0.0,0.07
2026-08-16,Baráky.cz,context,SmartPhone,,Žena,Neznámý,Moravskoslezský kraj,3,0,0,0.0,0.01
2026-08-16,Blogeria.cz,context,SmartPhone,iOS,Muž,Neznámý,Hlavní město Praha,243,0,0,0.0,1.31
2026-08-16,Blogeria.cz,context,SmartPhone,iOS,Muž,Neznámý,Středočeský kraj,3256,4,0,0.0,17.52
2026-08-16,Blogeria.cz,context,SmartPhone,iOS,Muž,Neznámý,Jihočeský kraj,737,0,0,0.0,3.97
2026-08-16,Blogeria.cz,context,SmartPhone,iOS,Muž,Neznámý,Plzeňský kraj,709,2,0,0.0,3.82
2026-08-16,Blogeria.cz,context,SmartPhone,iOS,Muž,Neznámý,Karlovarský kraj,264,0,0,0.0,1.42
2026-08-16,Blogeria.cz,context,SmartPhone,iOS,Muž,Neznámý,Ústecký kraj,799,1,0,0.0,4.3
2026-08-16,Blogeria.cz,context,SmartPhone,iOS,Muž,Neznámý,Liberecký kraj,1299,3,0,0.0,6.99
2026-08-16,Blogeria.cz,context,SmartPhone,iOS,Muž,Neznámý,Královéhradecký kraj,1150,1,0,0.0,6.19
2026-08-16,Blogeria.cz,context,SmartPhone,iOS,Muž,Neznámý,Pardubický kraj,448,0,0,0.0,2.41
2026-08-16,Blogeria.cz,context,SmartPhone,iOS,Muž,Neznámý,Kraj Vysočina,159,0,0,0.0,0.86
2026-08-16,Blogeria.cz,context,SmartPhone,iOS,Muž,Neznámý,Jihomoravský kraj,2952,4,0,0.0,15.89
2026-08-16,Blogeria.cz,context,SmartPhone,iOS,Muž,Neznámý,Olomoucký kraj,4071,5,0,0.0,21.91
2026-08-16,Blogeria.cz,context,SmartPhone,iOS,Muž,Neznámý,Zlínský kraj,426,0,0,0.0,2.29
2026-08-16,Blogeria.cz,context,SmartPhone,iOS,Muž,Neznámý,Moravskoslezský kraj,77,0,0,0.0,0.41
2026-08-16,Blogeria.cz,context,Tablet,iPadOS,Žena,25 - 39,Hlavní město Praha,15,0,0,0.0,0.13
2026-08-16,Blogeria.cz,context,Tablet,iPadOS,Žena,25 - 39,Středočeský kraj,38,0,0,0.0,0.33
2026-08-16,Blogeria.cz,context,Tablet,iPadOS,Žena,25 - 39,Jihočeský kraj,3,0,0,0.0,0.03
2026-08-16,Blogeria.cz,context,Tablet,iPadOS,Žena,25 - 39,Plzeňský kraj,4,0,0,0.0,0.03
2026-08-16,Blogeria.cz,context,Tablet,iPadOS,Žena,25 - 39,Karlovarský kraj,2,0,0,0.0,0.02
2026-08-16,Blogeria.cz,context,Tablet,iPadOS,Žena,25 - 39,Ústecký kraj,5,0,0,0.0,0.04
2026-08-16,Blogeria.cz,context,Tablet,iPadOS,Žena,25 - 39,Liberecký kraj,19,0,0,0.0,0.16
2026-08-16,Blogeria.cz,context,Tablet,iPadOS,Žena,25 - 39,Královéhradecký kraj,10,0,0,0.0,0.09
2026-08-16,Blogeria.cz,context,Tablet,iPadOS,Žena,25 - 39,Pardubický kraj,35,1,0,0.0,0.3
2026-08-16,Blogeria.cz,context,Tablet,iPadOS,Žena,25 - 39,Kraj Vysočina,10,0,0,0.0,0.09
2026-08-16,Blogeria.cz,context,Tablet,iPadOS,Žena,25 - 39,Jihomoravský kraj,38,0,0,0.0,0.33
2026-08-16,Blogeria.cz,context,Tablet,iPadOS,Žena,25 - 39,Olomoucký kraj,2,0,0,0.0,0.02
2026-08-16,Blogeria.cz,context,Tablet,iPadOS,Žena,25 - 39,Zlínský kraj,4,0,0,0.0,0.03
2026-08-16,Blogeria.cz,context,Tablet,iPadOS,Žena,25 - 39,Moravskoslezský kraj,23,0,0,0.0,0.2
2026-08-16,Drbárna.cz,context,Console,Windows,Muž,25 - 39,Hlavní město Praha,1,0,0,0.0,0.0
2026-08-16,Drbárna.cz,context,Console,Windows,Muž,25 - 39,Středočeský kraj,1,0,0,0.0,0.0
2026-08-16,Drbárna.cz,context,Console,Windows,Muž,25 - 39,Jihočeský kraj,1,0,0,0.0,0.0
2026-08-16,Drbárna.cz,context,Console,Windows,Muž,25 - 39,Plzeňský kraj,1,0,0,0.0,0.0
2026-08-16,Drbárna.cz,context,Console,Windows,Muž,25 - 39,Karlovarský kraj,1,0,0,0.0,0.0
2026-08-16,Drbárna.cz,context,Console,Windows,Muž,25 - 39,Ústecký kraj,1,0,0,0.0,0.0
2026-08-16,Drbárna.cz,context,Console,Windows,Muž,25 - 39,Liberecký kraj,1,0,0,0.0,0.0
2026-08-16,Drbárna.cz,context,Console,Windows,Muž,25 - 39,Královéhradecký kraj,1,0,0,0.0,0.0
2026-08-16,Drbárna.cz,context,Console,Windows,Muž,25 - 39,Pardubický kraj,1,0,0,0.0,0.0
2026-08-16,Drbárna.cz,context,Console,Windows,Muž,25 - 39,Kraj Vysočina,1,0,0,0.0,0.0
2026-08-16,Drbárna.cz,context,Console,Windows,Muž,25 - 39,Jihomoravský kraj,1,0,0,0.0,0.0
2026-08-16,Drbárna.cz,context,Console,Windows,Muž,25 - 39,Olomoucký kraj,1,0,0,0.0,0.0
2026-08-16,Drbárna.cz,context,Console,Windows,Muž,25 - 39,Zlínský kraj,1,0,0,0.0,0.0
2026-08-16,Drbárna.cz,context,Console,Windows,Muž,25 - 39,Moravskoslezský kraj,1,0,0,0.0,0.0
2026-08-16,Drbárna.cz,context,SmartPhone,Android,Neznámý,40 - 59,Hlavní město Praha,13,0,0,0.0,0.0
2026-08-16,Drbárna.cz,context,SmartPhone,Android,Neznámý,40 - 59,Středočeský kraj,2,0,0,0.0,0.0
2026-08-16,Drbárna.cz,context,SmartPhone,Android,Neznámý,40 - 59,Jihočeský kraj,11,0,0,0.0,0.0
2026-08-16,Drbárna.cz,context,SmartPhone,Android,Neznámý,40 - 59,Plzeňský kraj,29,0,0,0.0,0.01
2026-08-16,Drbárna.cz,context,SmartPhone,Android,Neznámý,40 - 59,Karlovarský kraj,1,0,0,0.0,0.0
2026-08-16,Drbárna.cz,context,SmartPhone,Android,Neznámý,40 - 59,Ústecký kraj,14,0,0,0.0,0.0
2026-08-16,Drbárna.cz,context,SmartPhone,Android,Neznámý,40 - 59,Liberecký kraj,3,0,0,0.0,0.0
2026-08-16,Drbárna.cz,context,SmartPhone,Android,Neznámý,40 - 59,Královéhradecký kraj,13,0,0,0.0,0.0
2026-08-16,Drbárna.cz,context,SmartPhone,Android,Neznámý,40 - 59,Pardubický kraj,4,0,0,0.0,0.0
2026-08-16,Drbárna.cz,context,SmartPhone,Android,Neznámý,40 - 59,Kraj Vysočina,2,0,0,0.0,0.0
2026-08-16,Drbárna.cz,context,SmartPhone,Android,Neznámý,40 - 59,Jihomoravský kraj,9,0,0,0.0,0.0
2026-08-16,Drbárna.cz,context,SmartPhone,Android,Neznámý,40 - 59,Olomoucký kraj,8,0,0,0.0,0.0
2026-08-16,Drbárna.cz,context,SmartPhone,Android,Neznámý,40 - 59,Zlínský kraj,3,0,0,0.0,0.0
2026-08-16,Drbárna.cz,context,SmartPhone,Android,Neznámý,40 - 59,Moravskoslezský kraj,3,0,0,0.0,0.0
2026-08-16,Drbárna.cz,context,Tablet,Android,Neznámý,Neznámý,Hlavní město Praha,60,0,0,0.0,0.59
2026-08-16,Drbárna.cz,context,Tablet,Android,Neznámý,Neznámý,Středočeský kraj,256,1,0,0.0,2.52
2026-08-16,Drbárna.cz,context,Tablet,Android,Neznámý,Neznámý,Jihočeský kraj,35,0,0,0.0,0.34
2026-08-16,Drbárna.cz,context,Tablet,Android,Neznámý,Neznámý,Plzeňský kraj,82,1,0,0.0,0.81
2026-08-16,Drbárna.cz,context,Tablet,Android,Neznámý,Neznámý,Karlovarský kraj,94,0,0,0.0,0.92
2026-08-16,Drbárna.cz,context,Tablet,Android,Neznámý,Neznámý,Ústecký kraj,90,0,0,0.0,0.88
2026-08-16,Drbárna.cz,context,Tablet,Android,Neznámý,Neznámý,Liberecký kraj,211,1,0,0.0,2.07
2026-08-16,Drbárna.cz,context,Tablet,Android,Neznámý,Neznámý,Královéhradecký kraj,5,0,0,0.0,0.05
2026-08-16,Drbárna.cz,context,Tablet,Android,Neznámý,Neznámý,Pardubický kraj,56,0,0,0.0,0.55
2026-08-16,Drbárna.cz,context,Tablet,Android,Neznámý,Neznámý,Kraj Vysočina,108,1,0,0.0,1.06
2026-08-16,Drbárna.cz,context,Tablet,Android,Neznámý,Neznámý,Jihomoravský kraj,231,1,0,0.0,2.27
2026-08-16,Drbárna.cz,context,Tablet,Android,Neznámý,Neznámý,Olomoucký kraj,46,0,0,0.0,0.45
2026-08-16,Drbárna.cz,context,Tablet,Android,Neznámý,Neznámý,Zlínský kraj,1415,4,0,0.0,13.91
2026-08-16,Drbárna.cz,context,Tablet,Android,Neznámý,Neznámý,Moravskoslezský kraj,99,0,0,0.0,0.97
2026-08-16,Drbárna.cz,context,Tablet,iPadOS,Žena,25 - 39,Hlavní město Praha,39,0,0,0.0,0.17
2026-08-16,Drbárna.cz,context,Tablet,iPadOS,Žena,25 - 39,Středočeský kraj,181,0,0,0.0,0.77
2026-08-16,Drbárna.cz,context,Tablet,iPadOS,Žena,25 - 39,Jihočeský kraj,37,0,0,0.0,0.16
2026-08-16,Drbárna.cz,context,Tablet,iPadOS,Žena,25 - 39,Plzeňský kraj,240,1,0,0.0,1.03
2026-08-16,Drbárna.cz,context,Tablet,iPadOS,Žena,25 - 39,Karlovarský kraj,95,0,0,0.0,0.41
2026-08-16,Drbárna.cz,context,Tablet,iPadOS,Žena,25 - 39,Ústecký kraj,24,0,0,0.0,0.1
2026-08-16,Drbárna.cz,context,Tablet,iPadOS,Žena,25 - 39,Liberecký kraj,200,1,0,0.0,0.86
2026-08-16,Drbárna.cz,context,Tablet,iPadOS,Žena,25 - 39,Královéhradecký kraj,275,0,0,0.0,1.18
2026-08-16,Drbárna.cz,context,Tablet,iPadOS,Žena,25 - 39,Pardubický kraj,3,0,0,0.0,0.01
2026-08-16,Drbárna.cz,context,Tablet,iPadOS,Žena,25 - 39,Kraj Vysočina,588,0,0,0.0,2.52
2026-08-16,Drbárna.cz,context,Tablet,iPadOS,Žena,25 - 39,Jihomoravský kraj,29,0,0,0.0,0.12
2026-08-16,Drbárna.cz,context,Tablet,iPadOS,Žena,25 - 39,Olomoucký kraj,129,0,0,0.0,0.55
2026-08-16,Drbárna.cz,context,Tablet,iPadOS,Žena,25 - 39,Zlínský kraj,169,1,0,0.0,0.72
2026-08-16,Drbárna.cz,context,Tablet,iPadOS,Žena,25 - 39,Moravskoslezský kraj,27,0,0,0.0,0.12
2026-08-16,Drbárna.cz,context,,,Žena,25 - 39,Hlavní město Praha,1,0,0,0.0,0.0
2026-08-16,Drbárna.cz,context,,,Žena,25 - 39,Středočeský kraj,1,0,0,0.0,0.0
2026-08-16,Drbárna.cz,context,,,Žena,25 - 39,Jihočeský kraj,1,0,0,0.0,0.0
2026-08-16,Drbárna.cz,context,,,Žena,25 - 39,Plzeňský kraj,2,0,0,0.0,0.0
2026-08-16,Drbárna.cz,context,,,Žena,25 - 39,Karlovarský kraj,1,0,0,0.0,0.0
2026-08-16,Drbárna.cz,context,,,Žena,25 - 39,Ústecký kraj,2,0,0,0.0,0.0
2026-08-16,Drbárna.cz,context,,,Žena,25 - 39,Liberecký kraj,2,0,0,0.0,0.0
2026-08-16,Drbárna.cz,context,,,Žena,25 - 39,Královéhradecký kraj,1,0,0,0.0,0.0
2026-08-16,Drbárna.cz,context,,,Žena,25 - 39,Pardubický kraj,1,0,0,0.0,0.0
2026-08-16,Drbárna.cz,context,,,Žena,25 - 39,Kraj Vysočina,1,0,0,0.0,0.0
2026-08-16,Drbárna.cz,context,,,Žena,25 - 39,Jihomoravský kraj,1,0,0,0.0,0.0
2026-08-16,Drbárna.cz,context,,,Žena,25 - 39,Olomoucký kraj,1,0,0,0.0,0.0
2026-08-16,Drbárna.cz,context,,,Žena,25 - 39,Zlínský kraj,2,0,0,0.0,0.0
2026-08-16,Drbárna.cz,context,,,Žena,25 - 39,Moravskoslezský kraj,2,0,0,0.0,0.0
2026-08-16,Drbárna.cz,context,SmartPhone,,Žena,18 - 24,Hlavní město Praha,1,0,0,0.0,0.01
2026-08-16,Drbárna.cz,context,SmartPhone,,Žena,18 - 24,Středočeský kraj,2,0,0,0.0,0.02
2026-08-16,Drbárna.cz,context,SmartPhone,,Žena,18 - 24,Jihočeský kraj,2,0,0,0.0,0.02
2026-08-16,Drbárna.cz,context,SmartPhone,,Žena,18 - 24,Plzeňský kraj,1,0,0,0.0,0.01
2026-08-16,Drbárna.cz,context,SmartPhone,,Žena,18 - 24,Karlovarský kraj,1,0,0,0.0,0.01
2026-08-16,Drbárna.cz,context,SmartPhone,,Žena,18 - 24,Ústecký kraj,1,0,0,0.0,0.01
2026-08-16,Drbárna.cz,context,SmartPhone,,Žena,18 - 24,Liberecký kraj,1,0,0,0.0,0.01
2026-08-16,Drbárna.cz,context,SmartPhone,,Žena,18 - 24,Královéhradecký kraj,1,0,0,0.0,0.01
2026-08-16,Drbárna.cz,context,SmartPhone,,Žena,18 - 24,Pardubický kraj,2,0,0,0.0,0.02
2026-08-16,Drbárna.cz,context,SmartPhone,,Žena,18 - 24,Kraj Vysočina,2,0,0,0.0,0.02
2026-08-16,Drbárna.cz,context,SmartPhone,,Žena,18 - 24,Jihomoravský kraj,1,0,0,0.0,0.01
2026-08-16,Drbárna.cz,context,SmartPhone,,Žena,18 - 24,Olomoucký kraj,2,0,0,0.0,0.02
2026-08-16,Drbárna.cz,context,SmartPhone,,Žena,18 - 24,Zlínský kraj,1,0,0,0.0,0.01
2026-08-16,Drbárna.cz,context,SmartPhone,,Žena,18 - 24,Moravskoslezský kraj,1,0,0,0.0,0.01
2026-08-16,Kliknito.cz,context,SmartPhone,iOS,Muž,Neznámý,Hlavní město Praha,14289,46,2,537.26,182.39
2026-08-16,Kliknito.cz,context,SmartPhone,iOS,Muž,Neznámý,Středočeský kraj,3767,7,0,0.0,48.08
2026-08-16,Kliknito.cz,context,SmartPhone,iOS,Muž,Neznámý,Jihočeský kraj,5326,19,2,537.26,67.98
2026-08-16,Kliknito.cz,context,SmartPhone,iOS,Muž,Neznámý,Plzeňský kraj,11211,33,1,268.63,143.1
2026-08-16,Kliknito.cz,context,SmartPhone,iOS,Muž,Neznámý,Karlovarský kraj,8249,31,0,0.0,105.3
2026-08-16,Kliknito.cz,context,SmartPhone,iOS,Muž,Neznámý,Ústecký kraj,2898,5,0,0.0,36.99
2026-08-16,Kliknito.cz,context,SmartPhone,iOS,Muž,Neznámý,Liberecký kraj,2848,13,1,268.63,36.35
2026-08-16,Kliknito.cz,context,SmartPhone,iOS,Muž,Neznámý,Královéhradecký kraj,1352,2,0,0.0,17.26
2026-08-16,Kliknito.cz,context,SmartPhone,iOS,Muž,Neznámý,Pardubický kraj,5592,11,0,0.0,71.38
2026-08-16,Kliknito.cz,context,SmartPhone,iOS,Muž,Neznámý,Kraj Vysočina,206,0,0,0.0,2.63
2026-08-16,Kliknito.cz,context,SmartPhone,iOS,Muž,Neznámý,Jihomoravský kraj,632,3,0,0.0,8.07
2026-08-16,Kliknito.cz,context,SmartPhone,iOS,Muž,Neznámý,Olomoucký kraj,9771,22,0,0.0,124.72
2026-08-16,Kliknito.cz,context,SmartPhone,iOS,Muž,Neznámý,Zlínský kraj,705,3,0,0.0,9.0
2026-08-16,Kliknito.cz,context,SmartPhone,iOS,Muž,Neznámý,Moravskoslezský kraj,4303,16,0,0.0,54.93
2026-08-16,Kliknito.cz,context,Tablet,Android,Muž,60+,Hlavní město Praha,1959,14,0,0.0,62.98
2026-08-16,Kliknito.cz,context,Tablet,Android,Muž,60+,Středočeský kraj,73671,543,14,6280.08,2368.45
2026-08-16,Kliknito.cz,context,Tablet,Android,Muž,60+,Jihočeský kraj,16858,132,8,3588.62,541.97
2026-08-16,Kliknito.cz,context,Tablet,Android,Muž,60+,Plzeňský kraj,44094,350,11,4934.35,1417.58
2026-08-16,Kliknito.cz,context,Tablet,Android,Muž,60+,Karlovarský kraj,24556,185,2,897.15,789.45
2026-08-16,Kliknito.cz,context,Tablet,Android,Muž,60+,Ústecký kraj,305254,2345,93,41717.66,9813.62
2026-08-16,Kliknito.cz,context,Tablet,Android,Muž,60+,Liberecký kraj,20151,165,6,2691.46,647.83
2026-08-16,Kliknito.cz,context,Tablet,Android,Muž,60+,Královéhradecký kraj,42791,305,11,4934.35,1375.69
2026-08-16,Kliknito.cz,context,Tablet,Android,Muž,60+,Pardubický kraj,11295,97,5,2242.89,363.12
2026-08-16,Kliknito.cz,context,Tablet,Android,Muž,60+,Kraj Vysočina,27024,216,2,897.15,868.79
2026-08-16,Kliknito.cz,context,Tablet,Android,Muž,60+,Jihomoravský kraj,13147,113,5,2242.89,422.66
2026-08-16,Kliknito.cz,context,Tablet,Android,Muž,60+,Olomoucký kraj,17062,139,4,1794.31,548.53
2026-08-16,Kliknito.cz,context,Tablet,Android,Muž,60+,Zlínský kraj,144355,1112,38,17045.93,4640.87
2026-08-16,Kliknito.cz,context,Tablet,Android,Muž,60+,Moravskoslezský kraj,123170,953,31,13905.89,3959.79
2026-08-16,Kliknito.cz,context,Desktop,,Neznámý,40 - 59,Hlavní město Praha,1,0,0,0.0,0.0
2026-08-16,Kliknito.cz,context,Desktop,,Neznámý,40 - 59,Středočeský kraj,1,0,0,0.0,0.0
2026-08-16,Kliknito.cz,context,Desktop,,Neznámý,40 - 59,Jihočeský kraj,1,0,0,0.0,0.0
2026-08-16,Kliknito.cz,context,Desktop,,Neznámý,40 - 59,Plzeňský kraj,1,0,0,0.0,0.0
2026-08-16,Kliknito.cz,context,Desktop,,Neznámý,40 - 59,Karlovarský kraj,1,0,0,0.0,0.0
2026-08-16,Kliknito.cz,context,Desktop,,Neznámý,40 - 59,Ústecký kraj,1,0,0,0.0,0.0
2026-08-16,Kliknito.cz,context,Desktop,,Neznámý,40 - 59,Liberecký kraj,1,0,0,0.0,0.0
2026-08-16,Kliknito.cz,context,Desktop,,Neznámý,40 - 59,Královéhradecký kraj,1,0,0,0.0,0.0
2026-08-16,Kliknito.cz,context,Desktop,,Neznámý,40 - 59,Pardubický kraj,1,0,0,0.0,0.0
2026-08-16,Kliknito.cz,context,Desktop,,Neznámý,40 - 59,Kraj Vysočina,1,0,0,0.0,0.0
2026-08-16,Kliknito.cz,context,Desktop,,Neznámý,40 - 59,Jihomoravský kraj,1,0,0,0.0,0.0
2026-08-16,Kliknito.cz,context,Desktop,,Neznámý,40 - 59,Olomoucký kraj,1,0,0,0.0,0.0
2026-08-16,Kliknito.cz,context,Desktop,,Neznámý,40 - 59,Zlínský kraj,1,0,0,0.0,0.0
2026-08-16,Kliknito.cz,context,Desktop,,Neznámý,40 - 59,Moravskoslezský kraj,1,0,0,0.0,0.0
2026-08-16,Kliknito.cz,context,SmartPhone,Android,Žena,60+,Hlavní město Praha,227762,1640,64,43162.56,6181.61
2026-08-16,Kliknito.cz,context,SmartPhone,Android,Žena,60+,Středočeský kraj,893141,6598,260,175347.92,24240.45
2026-08-16,Kliknito.cz,context,SmartPhone,Android,Žena,60+,Jihočeský kraj,396254,2928,115,77557.73,10754.6
2026-08-16,Kliknito.cz,context,SmartPhone,Android,Žena,60+,Plzeňský kraj,119638,857,27,18209.21,3247.06
2026-08-16,Kliknito.cz,context,SmartPhone,Android,Žena,60+,Karlovarský kraj,312481,2305,84,56650.87,8480.94
2026-08-16,Kliknito.cz,context,SmartPhone,Android,Žena,60+,Ústecký kraj,61027,446,22,14837.13,1656.31
2026-08-16,Kliknito.cz,context,SmartPhone,Android,Žena,60+,Liberecký kraj,47385,372,19,12813.89,1286.06
2026-08-16,Kliknito.cz,context,SmartPhone,Android,Žena,60+,Královéhradecký kraj,295181,2231,101,68115.92,8011.41
2026-08-16,Kliknito.cz,context,SmartPhone,Android,Žena,60+,Pardubický kraj,89631,657,26,17534.79,2432.65
2026-08-16,Kliknito.cz,context,SmartPhone,Android,Žena,60+,Kraj Vysočina,73390,572,21,14162.72,1991.85
2026-08-16,Kliknito.cz,context,SmartPhone,Android,Žena,60+,Jihomoravský kraj,197423,1458,44,29674.26,5358.19
2026-08-16,Kliknito.cz,context,SmartPhone,Android,Žena,60+,Olomoucký kraj,274090,1998,69,46534.64,7438.99
2026-08-16,Kliknito.cz,context,SmartPhone,Android,Žena,60+,Zlínský kraj,97828,724,23,15511.55,2655.12
2026-08-16,Kliknito.cz,context,SmartPhone,Android,Žena,60+,Moravskoslezský kraj,30356,207,12,8092.98,823.88
2026-08-16,Kopačka.cz,context,Desktop,macOS,Muž,25 - 39,Hlavní město Praha,2093,3,0,0.0,20.02
2026-08-16,Kopačka.cz,context,Desktop,macOS,Muž,25 - 39,Středočeský kraj,250,1,0,0.0,2.39
2026-08-16,Kopačka.cz,context,Desktop,macOS,Muž,25 - 39,Jihočeský kraj,526,1,0,0.0,5.03
2026-08-16,Kopačka.cz,context,Desktop,macOS,Muž,25 - 39,Plzeňský kraj,2189,0,0,0.0,20.94
2026-08-16,Kopačka.cz,context,Desktop,macOS,Muž,25 - 39,Karlovarský kraj,2003,1,0,0.0,19.16
2026-08-16,Kopačka.cz,context,Desktop,macOS,Muž,25 - 39,Ústecký kraj,1283,1,0,0.0,12.27
2026-08-16,Kopačka.cz,context,Desktop,macOS,Muž,25 - 39,Liberecký kraj,735,1,0,0.0,7.03
2026-08-16,Kopačka.cz,context,Desktop,macOS,Muž,25 - 39,Královéhradecký kraj,492,1,0,0.0,4.71
2026-08-16,Kopačka.cz,context,Desktop,macOS,Muž,25 - 39,Pardubický kraj,86,0,0,0.0,0.82
2026-08-16,Kopačka.cz,context,Desktop,macOS,Muž,25 - 39,Kraj Vysočina,680,1,0,0.0,6.51
2026-08-16,Kopačka.cz,context,Desktop,macOS,Muž,25 - 39,Jihomoravský kraj,1776,0,0,0.0,16.99
2026-08-16,Kopačka.cz,context,Desktop,macOS,Muž,25 - 39,Olomoucký kraj,8734,11,0,0.0,83.55
2026-08-16,Kopačka.cz,context,Desktop,macOS,Muž,25 - 39,Zlínský kraj,324,1,0,0.0,3.1
2026-08-16,Kopačka.cz,context,Desktop,macOS,Muž,25 - 39,Moravskoslezský kraj,623,1,0,0.0,5.96
2026-08-16,Kopačka.cz,context,Tv,Android,Neznámý,Neznámý,Hlavní město Praha,1,0,0,0.0,0.0
2026-08-16,Kopačka.cz,context,Tv,Android,Neznámý,Neznámý,Středočeský kraj,1,0,0,0.0,0.0
2026-08-16,Kopačka.cz,context,Tv,Android,Neznámý,Neznámý,Jihočeský kraj,1,0,0,0.0,0.0
2026-08-16,Kopačka.cz,context,Tv,Android,Neznámý,Neznámý,Plzeňský kraj,1,0,0,0.0,0.0
2026-08-16,Kopačka.cz,context,Tv,Android,Neznámý,Neznámý,Karlovarský kraj,1,0,0,0.0,0.0
2026-08-16,Kopačka.cz,context,Tv,Android,Neznámý,Neznámý,Ústecký kraj,1,0,0,0.0,0.0
2026-08-16,Kopačka.cz,context,Tv,Android,Neznámý,Neznámý,Liberecký kraj,1,0,0,0.0,0.0
2026-08-16,Kopačka.cz,context,Tv,Android,Neznámý,Neznámý,Královéhradecký kraj,1,0,0,0.0,0.0
2026-08-16,Kopačka.cz,context,Tv,Android,Neznámý,Neznámý,Pardubický kraj,1,0,0,0.0,0.0
2026-08-16,Kopačka.cz,context,Tv,Android,Neznámý,Neznámý,Kraj Vysočina,1,0,0,0.0,0.0
2026-08-16,Kopačka.cz,context,Tv,Android,Neznámý,Neznámý,Jihomoravský kraj,1,0,0,0.0,0.0
2026-08-16,Kopačka.cz,context,Tv,Android,Neznámý,Neznámý,Olomoucký kraj,1,0,0,0.0,0.0
2026-08-16,Kopačka.cz,context,Tv,Android,Neznámý,Neznámý,Zlínský kraj,1,0,0,0.0,0.0
2026-08-16,Kopačka.cz,context,Tv,Android,Neznámý,Neznámý,Moravskoslezský kraj,1,0,0,0.0,0.0
2026-08-16,Kopačka.cz,context,Desktop,,Žena,60+,Hlavní město Praha,1035,2,0,0.0,27.5
2026-08-16,Kopačka.cz,context,Desktop,,Žena,60+,Středočeský kraj,3011,9,0,0.0,80.01
2026-08-16,Kopačka.cz,context,Desktop,,Žena,60+,Jihočeský kraj,1188,6,0,0.0,31.57
2026-08-16,Kopačka.cz,context,Desktop,,Žena,60+,Plzeňský kraj,4142,7,0,0.0,110.07
2026-08-16,Kopačka.cz,context,Desktop,,Žena,60+,Karlovarský kraj,1137,4,0,0.0,30.21
2026-08-16,Kopačka.cz,context,Desktop,,Žena,60+,Ústecký kraj,312,0,0,0.0,8.29
2026-08-16,Kopačka.cz,context,Desktop,,Žena,60+,Liberecký kraj,1741,3,0,0.0,46.26
2026-08-16,Kopačka.cz,context,Desktop,,Žena,60+,Královéhradecký kraj,2413,11,0,0.0,64.12
2026-08-16,Kopačka.cz,context,Desktop,,Žena,60+,Pardubický kraj,325,2,0,0.0,8.64
2026-08-16,Kopačka.cz,context,Desktop,,Žena,60+,Kraj Vysočina,4943,12,0,0.0,131.35
2026-08-16,Kopačka.cz,context,Desktop,,Žena,60+,Jihomoravský kraj,734,1,0,0.0,19.5
2026-08-16,Kopačka.cz,context,Desktop,,Žena,60+,Olomoucký kraj,156,0,0,0.0,4.15
2026-08-16,Kopačka.cz,context,Desktop,,Žena,60+,Zlínský kraj,5809,18,1,0.0,154.37
2026-08-16,Kopačka.cz,context,Desktop,,Žena,60+,Moravskoslezský kraj,1360,3,0,0.0,36.14
2026-08-16,Kopačka.cz,context,SmallScreen,Android,Muž,Neznámý,Hlavní město Praha,1,0,0,0.0,0.0
2026-08-16,Kopačka.cz,context,SmallScreen,Android,Muž,Neznámý,Středočeský kraj,1,0,0,0.0,0.0
2026-08-16,Kopačka.cz,context,SmallScreen,Android,Muž,Neznámý,Jihočeský kraj,1,0,0,0.0,0.0
2026-08-16,Kopačka.cz,context,SmallScreen,Android,Muž,Neznámý,Plzeňský kraj,1,0,0,0.0,0.0
2026-08-16,Kopačka.cz,context,SmallScreen,Android,Muž,Neznámý,Karlovarský kraj,1,0,0,0.0,0.0
2026-08-16,Kopačka.cz,context,SmallScreen,Android,Muž,Neznámý,Ústecký kraj,1,0,0,0.0,0.0
2026-08-16,Kopačka.cz,context,SmallScreen,Android,Muž,Neznámý,Liberecký kraj,1,0,0,0.0,0.0
2026-08-16,Kopačka.cz,context,SmallScreen,Android,Muž,Neznámý,Královéhradecký kraj,1,0,0,0.0,0.0
2026-08-16,Kopačka.cz,context,SmallScreen,Android,Muž,Neznámý,Pardubický kraj,1,0,0,0.0,0.0
2026-08-16,Kopačka.cz,context,SmallScreen,Android,Muž,Neznámý,Kraj Vysočina,1,0,0,0.0,0.0
2026-08-16,Kopačka.cz,context,SmallScreen,Android,Muž,Neznámý,Jihomoravský kraj,1,0,0,0.0,0.0
2026-08-16,Kopačka.cz,context,SmallScreen,Android,Muž,Neznámý,Olomoucký kraj,1,0,0,0.0,0.0
2026-08-16,Kopačka.cz,context,SmallScreen,Android,Muž,Neznámý,Zlínský kraj,1,0,0,0.0,0.0
2026-08-16,Kopačka.cz,context,SmallScreen,Android,Muž,Neznámý,Moravskoslezský kraj,1,0,0,0.0,0.0
2026-08-16,Kámoši.net,context,Tablet,,Muž,25 - 39,Hlavní město Praha,5,0,0,0.0,0.0
2026-08-16,Kámoši.net,context,Tablet,,Muž,25 - 39,Středočeský kraj,4,0,0,0.0,0.0
2026-08-16,Kámoši.net,context,Tablet,,Muž,25 - 39,Jihočeský kraj,3,0,0,0.0,0.0
2026-08-16,Kámoši.net,context,Tablet,,Muž,25 - 39,Plzeňský kraj,1,0,0,0.0,0.0
2026-08-16,Kámoši.net,context,Tablet,,Muž,25 - 39,Karlovarský kraj,1,0,0,0.0,0.0
2026-08-16,Kámoši.net,context,Tablet,,Muž,25 - 39,Ústecký kraj,1,0,0,0.0,0.0
2026-08-16,Kámoši.net,context,Tablet,,Muž,25 - 39,Liberecký kraj,1,0,0,0.0,0.0
2026-08-16,Kámoši.net,context,Tablet,,Muž,25 - 39,Královéhradecký kraj,1,0,0,0.0,0.0
2026-08-16,Kámoši.net,context,Tablet,,Muž,25 - 39,Pardubický kraj,1,0,0,0.0,0.0
2026-08-16,Kámoši.net,context,Tablet,,Muž,25 - 39,Kraj Vysočina,1,0,0,0.0,0.0
2026-08-16,Kámoši.net,context,Tablet,,Muž,25 - 39,Jihomoravský kraj,2,0,0,0.0,0.0
2026-08-16,Kámoši.net,context,Tablet,,Muž,25 - 39,Olomoucký kraj,1,0,0,0.0,0.0
2026-08-16,Kámoši.net,context,Tablet,,Muž,25 - 39,Zlínský kraj,3,0,0,0.0,0.0
2026-08-16,Kámoši.net,context,Tablet,,Muž,25 - 39,Moravskoslezský kraj,1,0,0,0.0,0.0
2026-08-16,Pozdní Zprávy,context,Tablet,,Žena,Neznámý,Hlavní město Praha,4,0,0,0.0,0.02
2026-08-16,Pozdní Zprávy,context,Tablet,,Žena,Neznámý,Středočeský kraj,3,0,0,0.0,0.01
2026-08-16,Pozdní Zprávy,context,Tablet,,Žena,Neznámý,Jihočeský kraj,1,0,0,0.0,0.0
2026-08-16,Pozdní Zprávy,context,Tablet,,Žena,Neznámý,Plzeňský kraj,2,0,0,0.0,0.01
2026-08-16,Pozdní Zprávy,context,Tablet,,Žena,Neznámý,Karlovarský kraj,3,0,0,0.0,0.01
2026-08-16,Pozdní Zprávy,context,Tablet,,Žena,Neznámý,Ústecký kraj,2,0,0,0.0,0.01
2026-08-16,Pozdní Zprávy,context,Tablet,,Žena,Neznámý,Liberecký kraj,1,0,0,0.0,0.0
2026-08-16,Pozdní Zprávy,context,Tablet,,Žena,Neznámý,Královéhradecký kraj,3,0,0,0.0,0.01
2026-08-16,Pozdní Zprávy,context,Tablet,,Žena,Neznámý,Pardubický kraj,2,0,0,0.0,0.01
2026-08-16,Pozdní Zprávy,context,Tablet,,Žena,Neznámý,Kraj Vysočina,6,0,0,0.0,0.03
2026-08-16,Pozdní Zprávy,context,Tablet,,Žena,Neznámý,Jihomoravský kraj,5,0,0,0.0,0.02
2026-08-16,Pozdní Zprávy,context,Tablet,,Žena,Neznámý,Olomoucký kraj,1,0,0,0.0,0.0
2026-08-16,Pozdní Zprávy,context,Tablet,,Žena,Neznámý,Zlínský kraj,5,0,0,0.0,0.02
2026-08-16,Pozdní Zprávy,context,Tablet,,Žena,Neznámý,Moravskoslezský kraj,3,0,0,0.0,0.01
2026-08-16,Poštovna.cz,context,Tablet,iPadOS,Muž,18 - 24,Hlavní město Praha,3,0,0,0.0,0.0
2026-08-16,Poštovna.cz,context,Tablet,iPadOS,Muž,18 - 24,Středočeský kraj,6,0,0,0.0,0.01
2026-08-16,Poštovna.cz,context,Tablet,iPadOS,Muž,18 - 24,Jihočeský kraj,1,0,0,0.0,0.0
2026-08-16,Poštovna.cz,context,Tablet,iPadOS,Muž,18 - 24,Plzeňský kraj,6,0,0,0.0,0.01
2026-08-16,Poštovna.cz,context,Tablet,iPadOS,Muž,18 - 24,Karlovarský kraj,5,0,0,0.0,0.01
2026-08-16,Poštovna.cz,context,Tablet,iPadOS,Muž,18 - 24,Ústecký kraj,5,0,0,0.0,0.01
2026-08-16,Poštovna.cz,context,Tablet,iPadOS,Muž,18 - 24,Liberecký kraj,5,0,0,0.0,0.01
2026-08-16,Poštovna.cz,context,Tablet,iPadOS,Muž,18 - 24,Královéhradecký kraj,4,0,0,0.0,0.01
2026-08-16,Poštovna.cz,context,Tablet,iPadOS,Muž,18 - 24,Pardubický kraj,2,0,0,0.0,0.0
2026-08-16,Poštovna.cz,context,Tablet,iPadOS,Muž,18 - 24,Kraj Vysočina,13,0,0,0.0,0.02
2026-08-16,Poštovna.cz,context,Tablet,iPadOS,Muž,18 - 24,Jihomoravský kraj,2,0,0,0.0,0.0
2026-08-16,Poštovna.cz,context,Tablet,iPadOS,Muž,18 - 24,Olomoucký kraj,4,0,0,0.0,0.01
2026-08-16,Poštovna.cz,context,Tablet,iPadOS,Muž,18 - 24,Zlínský kraj,7,0,0,0.0,0.01
2026-08-16,Poštovna.cz,context,Tablet,iPadOS,Muž,18 - 24,Moravskoslezský kraj,7,0,0,0.0,0.01
2026-08-16,ProTety.cz,context,Tablet,,Žena,18 - 24,Hlavní město Praha,4,0,0,0.0,0.0
2026-08-16,ProTety.cz,context,Tablet,,Žena,18 - 24,Středočeský kraj,3,0,0,0.0,0.0
2026-08-16,ProTety.cz,context,Tablet,,Žena,18 - 24,Jihočeský kraj,2,0,0,0.0,0.0
2026-08-16,ProTety.cz,context,Tablet,,Žena,18 - 24,Plzeňský kraj,2,0,0,0.0,0.0
2026-08-16,ProTety.cz,context,Tablet,,Žena,18 - 24,Karlovarský kraj,2,0,0,0.0,0.0
2026-08-16,ProTety.cz,context,Tablet,,Žena,18 - 24,Ústecký kraj,2,0,0,0.0,0.0
2026-08-16,ProTety.cz,context,Tablet,,Žena,18 - 24,Liberecký kraj,2,0,0,0.0,0.0
2026-08-16,ProTety.cz,context,Tablet,,Žena,18 - 24,Královéhradecký kraj,3,0,0,0.0,0.0
2026-08-16,ProTety.cz,context,Tablet,,Žena,18 - 24,Pardubický kraj,2,0,0,0.0,0.0
2026-08-16,ProTety.cz,context,Tablet,,Žena,18 - 24,Kraj Vysočina,1,0,0,0.0,0.0
2026-08-16,ProTety.cz,context,Tablet,,Žena,18 - 24,Jihomoravský kraj,3,0,0,0.0,0.0
2026-08-16,ProTety.cz,context,Tablet,,Žena,18 - 24,Olomoucký kraj,3,0,0,0.0,0.0
2026-08-16,ProTety.cz,context,Tablet,,Žena,18 - 24,Zlínský kraj,9,0,0,0.0,0.0
2026-08-16,ProTety.cz,context,Tablet,,Žena,18 - 24,Moravskoslezský kraj,1,0,0,0.0,0.0
2026-08-16,ProTety.cz,context,Tablet,iPadOS,Muž,40 - 59,Hlavní město Praha,15,0,0,0.0,0.12
2026-08-16,ProTety.cz,context,Tablet,iPadOS,Muž,40 - 59,Středočeský kraj,115,1,0,0.0,0.95
2026-08-16,ProTety.cz,context,Tablet,iPadOS,Muž,40 - 59,Jihočeský kraj,144,0,0,0.0,1.19
2026-08-16,ProTety.cz,context,Tablet,iPadOS,Muž,40 - 59,Plzeňský kraj,266,2,0,0.0,2.2
2026-08-16,ProTety.cz,context,Tablet,iPadOS,Muž,40 - 59,Karlovarský kraj,241,1,0,0.0,1.99
2026-08-16,ProTety.cz,context,Tablet,iPadOS,Muž,40 - 59,Ústecký kraj,79,0,0,0.0,0.65
2026-08-16,ProTety.cz,context,Tablet,iPadOS,Muž,40 - 59,Liberecký kraj,574,3,0,0.0,4.75
2026-08-16,ProTety.cz,context,Tablet,iPadOS,Muž,40 - 59,Královéhradecký kraj,64,1,1,0.0,0.53
2026-08-16,ProTety.cz,context,Tablet,iPadOS,Muž,40 - 59,Pardubický kraj,394,1,0,0.0,3.26
2026-08-16,ProTety.cz,context,Tablet,iPadOS,Muž,40 - 59,Kraj Vysočina,101,0,0,0.0,0.84
2026-08-16,ProTety.cz,context,Tablet,iPadOS,Muž,40 - 59,Jihomoravský kraj,137,0,0,0.0,1.13
2026-08-16,ProTety.cz,context,Tablet,iPadOS,Muž,40 - 59,Olomoucký kraj,268,0,0,0.0,2.22
2026-08-16,ProTety.cz,context,Tablet,iPadOS,Muž,40 - 59,Zlínský kraj,64,0,0,0.0,0.53
2026-08-16,ProTety.cz,context,Tablet,iPadOS,Muž,40 - 59,Moravskoslezský kraj,386,2,0,0.0,3.19
2026-08-17,Aktualitky.cz,context,Desktop,,Muž,18 - 24,Hlavní město Praha,1,0,0,0.0,0.01
2026-08-17,Aktualitky.cz,context,Desktop,,Muž,18 - 24,Středočeský kraj,10,0,0,0.0,0.07
2026-08-17,Aktualitky.cz,context,Desktop,,Muž,18 - 24,Jihočeský kraj,5,0,0,0.0,0.03
2026-08-17,Aktualitky.cz,context,Desktop,,Muž,18 - 24,Plzeňský kraj,4,0,0,0.0,0.03
2026-08-17,Aktualitky.cz,context,Desktop,,Muž,18 - 24,Karlovarský kraj,22,0,0,0.0,0.15
2026-08-17,Aktualitky.cz,context,Desktop,,Muž,18 - 24,Ústecký kraj,39,0,0,0.0,0.27
2026-08-17,Aktualitky.cz,context,Desktop,,Muž,18 - 24,Liberecký kraj,9,0,0,0.0,0.06
2026-08-17,Aktualitky.cz,context,Desktop,,Muž,18 - 24,Královéhradecký kraj,25,0,0,0.0,0.17
2026-08-17,Aktualitky.cz,context,Desktop,,Muž,18 - 24,Pardubický kraj,86,0,0,0.0,0.6
2026-08-17,Aktualitky.cz,context,Desktop,,Muž,18 - 24,Kraj Vysočina,24,0,0,0.0,0.17
2026-08-17,Aktualitky.cz,context,Desktop,,Muž,18 - 24,Jihomoravský kraj,52,0,0,0.0,0.36
2026-08-17,Aktualitky.cz,context,Desktop,,Muž,18 - 24,Olomoucký kraj,6,0,0,0.0,0.04
2026-08-17,Aktualitky.cz,context,Desktop,,Muž,18 - 24,Zlínský kraj,45,0,0,0.0,0.31
2026-08-17,Aktualitky.cz,context,Desktop,,Muž,18 - 24,Moravskoslezský kraj,15,0,0,0.0,0.1
2026-08-17,Aktualitky.cz,context,Desktop,Windows,Žena,40 - 59,Hlavní město Praha,65339,200,19,4347.26,1197.58
2026-08-17,Aktualitky.cz,context,Desktop,Windows,Žena,40 - 59,Středočeský kraj,3590,7,1,228.8,65.8
2026-08-17,Aktualitky.cz,context,Desktop,Windows,Žena,40 - 59,Jihočeský kraj,59110,144,14,3203.24,1083.41
2026-08-17,Aktualitky.cz,context,Desktop,Windows,Žena,40 - 59,Plzeňský kraj,5184,16,1,228.8,95.02
2026-08-17,Aktualitky.cz,context,Desktop,Windows,Žena,40 - 59,Karlovarský kraj,6333,17,2,457.61,116.08
2026-08-17,Aktualitky.cz,context,Desktop,Windows,Žena,40 - 59,Ústecký kraj,22345,64,2,457.61,409.55
2026-08-17,Aktualitky.cz,context,Desktop,Windows,Žena,40 - 59,Liberecký kraj,20076,49,3,686.41,367.97
2026-08-17,Aktualitky.cz,context,Desktop,Windows,Žena,40 - 59,Královéhradecký kraj,52235,147,13,2974.44,957.4
2026-08-17,Aktualitky.cz,context,Desktop,Windows,Žena,40 - 59,Pardubický kraj,57236,155,9,2059.23,1049.06
2026-08-17,Aktualitky.cz,context,Desktop,Windows,Žena,40 - 59,Kraj Vysočina,98187,280,14,3203.24,1799.64
2026-08-17,Aktualitky.cz,context,Desktop,Windows,Žena,40 - 59,Jihomoravský kraj,1148,4,0,0.0,21.04
2026-08-17,Aktualitky.cz,context,Desktop,Windows,Žena,40 - 59,Olomoucký kraj,12420,31,5,1144.01,227.64
2026-08-17,Aktualitky.cz,context,Desktop,Windows,Žena,40 - 59,Zlínský kraj,46354,116,5,1144.01,849.61
2026-08-17,Aktualitky.cz,context,Desktop,Windows,Žena,40 - 59,Moravskoslezský kraj,123663,365,29,6635.28,2266.58
2026-08-17,Aktualitky.cz,context,SmartPhone,,Neznámý,25 - 39,Hlavní město Praha,9,0,0,0.0,0.05
2026-08-17,Aktualitky.cz,context,SmartPhone,,Neznámý,25 - 39,Středočeský kraj,10,0,0,0.0,0.06
2026-08-17,Aktualitky.cz,context,SmartPhone,,Neznámý,25 - 39,Jihočeský kraj,12,0,0,0.0,0.07
2026-08-17,Aktualitky.cz,context,SmartPhone,,Neznámý,25 - 39,Plzeňský kraj,3,0,0,0.0,0.02
2026-08-17,Aktualitky.cz,context,SmartPhone,,Neznámý,25 - 39,Karlovarský kraj,18,0,0,0.0,0.1
2026-08-17,Aktualitky.cz,context,SmartPhone,,Neznámý,25 - 39,Ústecký kraj,1,0,0,0.0,0.01
2026-08-17,Aktualitky.cz,context,SmartPhone,,Neznámý,25 - 39,Liberecký kraj,4,0,0,0.0,0.02
2026-08-17,Aktualitky.cz,context,SmartPhone,,Neznámý,25 - 39,Královéhradecký kraj,3,0,0,0.0,0.02
2026-08-17,Aktualitky.cz,context,SmartPhone,,Neznámý,25 - 39,Pardubický kraj,3,0,0,0.0,0.02
2026-08-17,Aktualitky.cz,context,SmartPhone,,Neznámý,25 - 39,Kraj Vysočina,1,0,0,0.0,0.01
2026-08-17,Aktualitky.cz,context,SmartPhone,,Neznámý,25 - 39,Jihomoravský kraj,4,0,0,0.0,0.02
2026-08-17,Aktualitky.cz,context,SmartPhone,,Neznámý,25 - 39,Olomoucký kraj,2,0,0,0.0,0.01
2026-08-17,Aktualitky.cz,context,SmartPhone,,Neznámý,25 - 39,Zlínský kraj,7,0,0,0.0,0.04
2026-08-17,Aktualitky.cz,context,SmartPhone,,Neznámý,25 - 39,Moravskoslezský kraj,7,0,0,0.0,0.04
2026-08-17,Aktualitky.cz,context,SmartPhone,Android,Žena,18 - 24,Hlavní město Praha,79,0,0,0.0,1.23
2026-08-17,Aktualitky.cz,context,SmartPhone,Android,Žena,18 - 24,Středočeský kraj,675,2,0,0.0,10.52
2026-08-17,Aktualitky.cz,context,SmartPhone,Android,Žena,18 - 24,Jihočeský kraj,392,0,0,0.0,6.11
2026-08-17,Aktualitky.cz,context,SmartPhone,Android,Žena,18 - 24,Plzeňský kraj,1266,6,0,0.0,19.73
2026-08-17,Aktualitky.cz,context,SmartPhone,Android,Žena,18 - 24,Karlovarský kraj,218,0,0,0.0,3.4
2026-08-17,Aktualitky.cz,context,SmartPhone,Android,Žena,18 - 24,Ústecký kraj,429,1,0,0.0,6.69
2026-08-17,Aktualitky.cz,context,SmartPhone,Android,Žena,18 - 24,Liberecký kraj,112,1,0,0.0,1.75
2026-08-17,Aktualitky.cz,context,SmartPhone,Android,Žena,18 - 24,Královéhradecký kraj,747,2,0,0.0,11.64
2026-08-17,Aktualitky.cz,context,SmartPhone,Android,Žena,18 - 24,Pardubický kraj,1735,6,0,0.0,27.05
2026-08-17,Aktualitky.cz,context,SmartPhone,Android,Žena,18 - 24,Kraj Vysočina,2711,7,0,0.0,42.26
2026-08-17,Aktualitky.cz,context,SmartPhone,Android,Žena,18 - 24,Jihomoravský kraj,297,0,0,0.0,4.63
2026-08-17,Aktualitky.cz,context,SmartPhone,Android,Žena,18 - 24,Olomoucký kraj,70,0,0,0.0,1.09
2026-08-17,Aktualitky.cz,context,SmartPhone,Android,Žena,18 - 24,Zlínský kraj,538,4,0,0.0,8.39
2026-08-17,Aktualitky.cz,context,SmartPhone,Android,Žena,18 - 24,Moravskoslezský kraj,410,2,0,0.0,6.39
2026-08-17,Baráky.cz,context,Desktop,ChromeOS,Žena,Neznámý,Hlavní město Praha,4,0,0,0.0,0.0
2026-08-17,Baráky.cz,context,Desktop,ChromeOS,Žena,Neznámý,Středočeský kraj,1,0,0,0.0,0.0
2026-08-17,Baráky.cz,context,Desktop,ChromeOS,Žena,Neznámý,Jihočeský kraj,18,0,0,0.0,0.02
2026-08-17,Baráky.cz,context,Desktop,ChromeOS,Žena,Neznámý,Plzeňský kraj,24,0,0,0.0,0.03
2026-08-17,Baráky.cz,context,Desktop,ChromeOS,Žena,Neznámý,Karlovarský kraj,67,0,0,0.0,0.08
2026-08-17,Baráky.cz,context,Desktop,ChromeOS,Žena,Neznámý,Ústecký kraj,19,0,0,0.0,0.02
2026-08-17,Baráky.cz,context,Desktop,ChromeOS,Žena,Neznámý,Liberecký kraj,6,0,0,0.0,0.01
2026-08-17,Baráky.cz,context,Desktop,ChromeOS,Žena,Neznámý,Královéhradecký kraj,1,0,0,0.0,0.0
2026-08-17,Baráky.cz,context,Desktop,ChromeOS,Žena,Neznámý,Pardubický kraj,12,0,0,0.0,0.01
2026-08-17,Baráky.cz,context,Desktop,ChromeOS,Žena,Neznámý,Kraj Vysočina,4,0,0,0.0,0.0
2026-08-17,Baráky.cz,context,Desktop,ChromeOS,Žena,Neznámý,Jihomoravský kraj,7,0,0,0.0,0.01
2026-08-17,Baráky.cz,context,Desktop,ChromeOS,Žena,Neznámý,Olomoucký kraj,12,0,0,0.0,0.01
2026-08-17,Baráky.cz,context,Desktop,ChromeOS,Žena,Neznámý,Zlínský kraj,25,0,0,0.0,0.03
2026-08-17,Baráky.cz,context,Desktop,ChromeOS,Žena,Neznámý,Moravskoslezský kraj,22,0,0,0.0,0.02
2026-08-17,Baráky.cz,context,Desktop,ChromeOS,Žena,25 - 39,Hlavní město Praha,12,0,0,0.0,0.01
2026-08-17,Baráky.cz,context,Desktop,ChromeOS,Žena,25 - 39,Středočeský kraj,10,0,0,0.0,0.0
2026-08-17,Baráky.cz,context,Desktop,ChromeOS,Žena,25 - 39,Jihočeský kraj,10,0,0,0.0,0.0
2026-08-17,Baráky.cz,context,Desktop,ChromeOS,Žena,25 - 39,Plzeňský kraj,6,0,0,0.0,0.0
2026-08-17,Baráky.cz,context,Desktop,ChromeOS,Žena,25 - 39,Karlovarský kraj,13,0,0,0.0,0.01
2026-08-17,Baráky.cz,context,Desktop,ChromeOS,Žena,25 - 39,Ústecký kraj,9,0,0,0.0,0.0
2026-08-17,Baráky.cz,context,Desktop,ChromeOS,Žena,25 - 39,Liberecký kraj,1,0,0,0.0,0.0
2026-08-17,Baráky.cz,context,Desktop,ChromeOS,Žena,25 - 39,Královéhradecký kraj,24,0,0,0.0,0.01
2026-08-17,Baráky.cz,context,Desktop,ChromeOS,Žena,25 - 39,Pardubický kraj,9,0,0,0.0,0.0
2026-08-17,Baráky.cz,context,Desktop,ChromeOS,Žena,25 - 39,Kraj Vysočina,9,0,0,0.0,0.0
2026-08-17,Baráky.cz,context,Desktop,ChromeOS,Žena,25 - 39,Jihomoravský kraj,19,0,0,0.0,0.01
2026-08-17,Baráky.cz,context,Desktop,ChromeOS,Žena,25 - 39,Olomoucký kraj,5,0,0,0.0,0.0
2026-08-17,Baráky.cz,context,Desktop,ChromeOS,Žena,25 - 39,Zlínský kraj,69,0,0,0.0,0.03
2026-08-17,Baráky.cz,context,Desktop,ChromeOS,Žena,25 - 39,Moravskoslezský kraj,5,0,0,0.0,0.0
2026-08-17,Baráky.cz,context,Tablet,,Žena,40 - 59,Hlavní město Praha,5,0,0,0.0,0.0
2026-08-17,Baráky.cz,context,Tablet,,Žena,40 - 59,Středočeský kraj,4,0,0,0.0,0.0
2026-08-17,Baráky.cz,context,Tablet,,Žena,40 - 59,Jihočeský kraj,12,0,0,0.0,0.0
2026-08-17,Baráky.cz,context,Tablet,,Žena,40 - 59,Plzeňský kraj,10,0,0,0.0,0.0
2026-08-17,Baráky.cz,context,Tablet,,Žena,40 - 59,Karlovarský kraj,1,0,0,0.0,0.0
2026-08-17,Baráky.cz,context,Tablet,,Žena,40 - 59,Ústecký kraj,11,0,0,0.0,0.0
2026-08-17,Baráky.cz,context,Tablet,,Žena,40 - 59,Liberecký kraj,37,0,0,0.0,0.01
2026-08-17,Baráky.cz,context,Tablet,,Žena,40 - 59,Královéhradecký kraj,12,0,0,0.0,0.0
2026-08-17,Baráky.cz,context,Tablet,,Žena,40 - 59,Pardubický kraj,8,0,0,0.0,0.0
2026-08-17,Baráky.cz,context,Tablet,,Žena,40 - 59,Kraj Vysočina,9,0,0,0.0,0.0
2026-08-17,Baráky.cz,context,Tablet,,Žena,40 - 59,Jihomoravský kraj,6,0,0,0.0,0.0
2026-08-17,Baráky.cz,context,Tablet,,Žena,40 - 59,Olomoucký kraj,35,0,0,0.0,0.01
2026-08-17,Baráky.cz,context,Tablet,,Žena,40 - 59,Zlínský kraj,2,0,0,0.0,0.0
2026-08-17,Baráky.cz,context,Tablet,,Žena,40 - 59,Moravskoslezský kraj,2,0,0,0.0,0.0
2026-08-17,Blogeria.cz,context,SmartPhone,iOS,Žena,Neznámý,Hlavní město Praha,579,2,0,0.0,3.46
2026-08-17,Blogeria.cz,context,SmartPhone,iOS,Žena,Neznámý,Středočeský kraj,17,0,0,0.0,0.1
2026-08-17,Blogeria.cz,context,SmartPhone,iOS,Žena,Neznámý,Jihočeský kraj,437,0,0,0.0,2.61
2026-08-17,Blogeria.cz,context,SmartPhone,iOS,Žena,Neznámý,Plzeňský kraj,302,0,0,0.0,1.81
2026-08-17,Blogeria.cz,context,SmartPhone,iOS,Žena,Neznámý,Karlovarský kraj,179,0,0,0.0,1.07
2026-08-17,Blogeria.cz,context,SmartPhone,iOS,Žena,Neznámý,Ústecký kraj,582,2,0,0.0,3.48
2026-08-17,Blogeria.cz,context,SmartPhone,iOS,Žena,Neznámý,Liberecký kraj,495,0,0,0.0,2.96
2026-08-17,Blogeria.cz,context,SmartPhone,iOS,Žena,Neznámý,Královéhradecký kraj,842,0,0,0.0,5.04
2026-08-17,Blogeria.cz,context,SmartPhone,iOS,Žena,Neznámý,Pardubický kraj,244,0,0,0.0,1.46
2026-08-17,Blogeria.cz,context,SmartPhone,iOS,Žena,Neznámý,Kraj Vysočina,669,1,0,0.0,4.0
2026-08-17,Blogeria.cz,context,SmartPhone,iOS,Žena,Neznámý,Jihomoravský kraj,326,1,0,0.0,1.95
2026-08-17,Blogeria.cz,context,SmartPhone,iOS,Žena,Neznámý,Olomoucký kraj,355,0,0,0.0,2.12
2026-08-17,Blogeria.cz,context,SmartPhone,iOS,Žena,Neznámý,Zlínský kraj,594,5,0,0.0,3.55
2026-08-17,Blogeria.cz,context,SmartPhone,iOS,Žena,Neznámý,Moravskoslezský kraj,1994,4,0,0.0,11.93
2026-08-17,Drbárna.cz,context,SmartPhone,Android,Muž,18 - 24,Hlavní město Praha,227,0,0,0.0,2.74
2026-08-17,Drbárna.cz,context,SmartPhone,Android,Muž,18 - 24,Středočeský kraj,144,0,0,0.0,1.74
2026-08-17,Drbárna.cz,context,SmartPhone,Android,Muž,18 - 24,Jihočeský kraj,1911,3,0,0.0,23.03
2026-08-17,Drbárna.cz,context,SmartPhone,Android,Muž,18 - 24,Plzeňský kraj,1012,3,0,0.0,12.2
2026-08-17,Drbárna.cz,context,SmartPhone,Android,Muž,18 - 24,Karlovarský kraj,77,0,0,0.0,0.93
2026-08-17,Drbárna.cz,context,SmartPhone,Android,Muž,18 - 24,Ústecký kraj,43,0,0,0.0,0.52
2026-08-17,Drbárna.cz,context,SmartPhone,Android,Muž,18 - 24,Liberecký kraj,495,2,0,0.0,5.97
2026-08-17,Drbárna.cz,context,SmartPhone,Android,Muž,18 - 24,Královéhradecký kraj,982,2,0,0.0,11.83
2026-08-17,Drbárna.cz,context,SmartPhone,Android,Muž,18 - 24,Pardubický kraj,993,3,0,0.0,11.97
2026-08-17,Drbárna.cz,context,SmartPhone,Android,Muž,18 - 24,Kraj Vysočina,1049,2,0,0.0,12.64
2026-08-17,Drbárna.cz,context,SmartPhone,Android,Muž,18 - 24,Jihomoravský kraj,1890,5,0,0.0,22.78
2026-08-17,Drbárna.cz,context,SmartPhone,Android,Muž,18 - 24,Olomoucký kraj,264,2,0,0.0,3.18
2026-08-17,Drbárna.cz,context,SmartPhone,Android,Muž,18 - 24,Zlínský kraj,1815,3,0,0.0,21.87
2026-08-17,Drbárna.cz,context,SmartPhone,Android,Muž,18 - 24,Moravskoslezský kraj,117,0,0,0.0,1.41
2026-08-17,Drbárna.cz,context,SmartPhone,,Neznámý,25 - 39,Hlavní město Praha,14,0,0,0.0,0.01
2026-08-17,Drbárna.cz,context,SmartPhone,,Neznámý,25 - 39,Středočeský kraj,1,0,0,0.0,0.0
2026-08-17,Drbárna.cz,context,SmartPhone,,Neznámý,25 - 39,Jihočeský kraj,3,0,0,0.0,0.0
2026-08-17,Drbárna.cz,context,SmartPhone,,Neznámý,25 - 39,Plzeňský kraj,16,0,0,0.0,0.01
2026-08-17,Drbárna.cz,context,SmartPhone,,Neznámý,25 - 39,Karlovarský kraj,22,0,0,0.0,0.01
2026-08-17,Drbárna.cz,context,SmartPhone,,Neznámý,25 - 39,Ústecký kraj,2,0,0,0.0,0.0
2026-08-17,Drbárna.cz,context,SmartPhone,,Neznámý,25 - 39,Liberecký kraj,4,0,0,0.0,0.0
2026-08-17,Drbárna.cz,context,SmartPhone,,Neznámý,25 - 39,Královéhradecký kraj,8,0,0,0.0,0.0
2026-08-17,Drbárna.cz,context,SmartPhone,,Neznámý,25 - 39,Pardubický kraj,10,0,0,0.0,0.0
2026-08-17,Drbárna.cz,context,SmartPhone,,Neznámý,25 - 39,Kraj Vysočina,2,0,0,0.0,0.0
2026-08-17,Drbárna.cz,context,SmartPhone,,Neznámý,25 - 39,Jihomoravský kraj,13,0,0,0.0,0.0
2026-08-17,Drbárna.cz,context,SmartPhone,,Neznámý,25 - 39,Olomoucký kraj,4,0,0,0.0,0.0
2026-08-17,Drbárna.cz,context,SmartPhone,,Neznámý,25 - 39,Zlínský kraj,6,0,0,0.0,0.0
2026-08-17,Drbárna.cz,context,SmartPhone,,Neznámý,25 - 39,Moravskoslezský kraj,3,0,0,0.0,0.0
2026-08-17,Drbárna.cz,context,Desktop,ChromeOS,Muž,25 - 39,Hlavní město Praha,10,0,0,0.0,0.08
2026-08-17,Drbárna.cz,context,Desktop,ChromeOS,Muž,25 - 39,Středočeský kraj,18,0,0,0.0,0.15
2026-08-17,Drbárna.cz,context,Desktop,ChromeOS,Muž,25 - 39,Jihočeský kraj,34,0,0,0.0,0.28
2026-08-17,Drbárna.cz,context,Desktop,ChromeOS,Muž,25 - 39,Plzeňský kraj,1,0,0,0.0,0.01
2026-08-17,Drbárna.cz,context,Desktop,ChromeOS,Muž,25 - 39,Karlovarský kraj,5,0,0,0.0,0.04
2026-08-17,Drbárna.cz,context,Desktop,ChromeOS,Muž,25 - 39,Ústecký kraj,14,0,0,0.0,0.11
2026-08-17,Drbárna.cz,context,Desktop,ChromeOS,Muž,25 - 39,Liberecký kraj,10,0,0,0.0,0.08
2026-08-17,Drbárna.cz,context,Desktop,ChromeOS,Muž,25 - 39,Královéhradecký kraj,1,0,0,0.0,0.01
2026-08-17,Drbárna.cz,context,Desktop,ChromeOS,Muž,25 - 39,Pardubický kraj,14,0,0,0.0,0.11
2026-08-17,Drbárna.cz,context,Desktop,ChromeOS,Muž,25 - 39,Kraj Vysočina,13,0,0,0.0,0.11
2026-08-17,Drbárna.cz,context,Desktop,ChromeOS,Muž,25 - 39,Jihomoravský kraj,5,0,0,0.0,0.04
2026-08-17,Drbárna.cz,context,Desktop,ChromeOS,Muž,25 - 39,Olomoucký kraj,14,0,0,0.0,0.11
2026-08-17,Drbárna.cz,context,Desktop,ChromeOS,Muž,25 - 39,Zlínský kraj,10,0,0,0.0,0.08
2026-08-17,Drbárna.cz,context,Desktop,ChromeOS,Muž,25 - 39,Moravskoslezský kraj,9,0,0,0.0,0.07
2026-08-17,Drbárna.cz,context,Tablet,Android,Neznámý,60+,Hlavní město Praha,1719,8,1,1.22,29.87
2026-08-17,Drbárna.cz,context,Tablet,Android,Neznámý,60+,Středočeský kraj,540,5,0,0.0,9.38
2026-08-17,Drbárna.cz,context,Tablet,Android,Neznámý,60+,Jihočeský kraj,830,4,0,0.0,14.42
2026-08-17,Drbárna.cz,context,Tablet,Android,Neznámý,60+,Plzeňský kraj,129,1,0,0.0,2.24
2026-08-17,Drbárna.cz,context,Tablet,Android,Neznámý,60+,Karlovarský kraj,125,0,0,0.0,2.17
2026-08-17,Drbárna.cz,context,Tablet,Android,Neznámý,60+,Ústecký kraj,84,1,0,0.0,1.46
2026-08-17,Drbárna.cz,context,Tablet,Android,Neznámý,60+,Liberecký kraj,1278,5,0,0.0,22.2
2026-08-17,Drbárna.cz,context,Tablet,Android,Neznámý,60+,Královéhradecký kraj,726,3,0,0.0,12.61
2026-08-17,Drbárna.cz,context,Tablet,Android,Neznámý,60+,Pardubický kraj,1634,5,0,0.0,28.39
2026-08-17,Drbárna.cz,context,Tablet,Android,Neznámý,60+,Kraj Vysočina,650,4,0,0.0,11.29
2026-08-17,Drbárna.cz,context,Tablet,Android,Neznámý,60+,Jihomoravský kraj,90,1,0,0.0,1.56
2026-08-17,Drbárna.cz,context,Tablet,Android,Neznámý,60+,Olomoucký kraj,857,4,1,1.22,14.89
2026-08-17,Drbárna.cz,context,Tablet,Android,Neznámý,60+,Zlínský kraj,257,1,0,0.0,4.47
2026-08-17,Drbárna.cz,context,Tablet,Android,Neznámý,60+,Moravskoslezský kraj,47,0,0,0.0,0.82
2026-08-17,Kliknito.cz,context,Desktop,macOS,Žena,60+,Hlavní město Praha,14419,56,1,362.39,419.92
2026-08-17,Kliknito.cz,context,Desktop,macOS,Žena,60+,Středočeský kraj,9322,37,2,724.79,271.48
2026-08-17,Kliknito.cz,context,Desktop,macOS,Žena,60+,Jihočeský kraj,13420,56,2,724.79,390.82
2026-08-17,Kliknito.cz,context,Desktop,macOS,Žena,60+,Plzeňský kraj,28339,148,10,3623.93,825.3
2026-08-17,Kliknito.cz,context,Desktop,macOS,Žena,60+,Karlovarský kraj,1508,8,0,0.0,43.92
2026-08-17,Kliknito.cz,context,Desktop,macOS,Žena,60+,Ústecký kraj,24691,114,4,1449.57,719.06
2026-08-17,Kliknito.cz,context,Desktop,macOS,Žena,60+,Liberecký kraj,23265,107,2,724.79,677.53
2026-08-17,Kliknito.cz,context,Desktop,macOS,Žena,60+,Královéhradecký kraj,21529,99,4,1449.57,626.98
2026-08-17,Kliknito.cz,context,Desktop,macOS,Žena,60+,Pardubický kraj,1772,12,0,0.0,51.6
2026-08-17,Kliknito.cz,context,Desktop,macOS,Žena,60+,Kraj Vysočina,34138,158,3,1087.18,994.18
2026-08-17,Kliknito.cz,context,Desktop,macOS,Žena,60+,Jihomoravský kraj,42100,181,7,2536.75,1226.05
2026-08-17,Kliknito.cz,context,Desktop,macOS,Žena,60+,Olomoucký kraj,7173,29,2,724.79,208.89
2026-08-17,Kliknito.cz,context,Desktop,macOS,Žena,60+,Zlínský kraj,58194,276,12,4348.71,1694.75
2026-08-17,Kliknito.cz,context,Desktop,macOS,Žena,60+,Moravskoslezský kraj,56829,294,15,5435.89,1654.99
2026-08-17,Kliknito.cz,context,Console,Windows,Žena,Neznámý,Hlavní město Praha,1,0,0,0.0,0.0
2026-08-17,Kliknito.cz,context,Console,Windows,Žena,Neznámý,Středočeský kraj,1,0,0,0.0,0.0
2026-08-17,Kliknito.cz,context,Console,Windows,Žena,Neznámý,Jihočeský kraj,2,0,0,0.0,0.0
2026-08-17,Kliknito.cz,context,Console,Windows,Žena,Neznámý,Plzeňský kraj,2,0,0,0.0,0.0
2026-08-17,Kliknito.cz,context,Console,Windows,Žena,Neznámý,Karlovarský kraj,5,0,0,0.0,0.0
2026-08-17,Kliknito.cz,context,Console,Windows,Žena,Neznámý,Ústecký kraj,1,0,0,0.0,0.0
2026-08-17,Kliknito.cz,context,Console,Windows,Žena,Neznámý,Liberecký kraj,2,0,0,0.0,0.0
2026-08-17,Kliknito.cz,context,Console,Windows,Žena,Neznámý,Královéhradecký kraj,2,0,0,0.0,0.0
2026-08-17,Kliknito.cz,context,Console,Windows,Žena,Neznámý,Pardubický kraj,3,0,0,0.0,0.0
2026-08-17,Kliknito.cz,context,Console,Windows,Žena,Neznámý,Kraj Vysočina,1,0,0,0.0,0.0
2026-08-17,Kliknito.cz,context,Console,Windows,Žena,Neznámý,Jihomoravský kraj,1,0,0,0.0,0.0
2026-08-17,Kliknito.cz,context,Console,Windows,Žena,Neznámý,Olomoucký kraj,2,0,0,0.0,0.0
2026-08-17,Kliknito.cz,context,Console,Windows,Žena,Neznámý,Zlínský kraj,2,0,0,0.0,0.0
2026-08-17,Kliknito.cz,context,Console,Windows,Žena,Neznámý,Moravskoslezský kraj,2,0,0,0.0,0.0
2026-08-17,Kopačka.cz,context,SmartPhone,Android,Muž,25 - 39,Hlavní město Praha,30097,45,2,0.0,260.92
2026-08-17,Kopačka.cz,context,SmartPhone,Android,Muž,25 - 39,Středočeský kraj,2045,1,0,0.0,17.73
2026-08-17,Kopačka.cz,context,SmartPhone,Android,Muž,25 - 39,Jihočeský kraj,27958,46,1,0.0,242.37
2026-08-17,Kopačka.cz,context,SmartPhone,Android,Muž,25 - 39,Plzeňský kraj,6259,9,0,0.0,54.26
2026-08-17,Kopačka.cz,context,SmartPhone,Android,Muž,25 - 39,Karlovarský kraj,2178,1,0,0.0,18.88
2026-08-17,Kopačka.cz,context,SmartPhone,Android,Muž,25 - 39,Ústecký kraj,39515,51,0,0.0,342.57
2026-08-17,Kopačka.cz,context,SmartPhone,Android,Muž,25 - 39,Liberecký kraj,4268,7,0,0.0,37.0
2026-08-17,Kopačka.cz,context,SmartPhone,Android,Muž,25 - 39,Královéhradecký kraj,10085,22,0,0.0,87.43
2026-08-17,Kopačka.cz,context,SmartPhone,Android,Muž,25 - 39,Pardubický kraj,3410,6,0,0.0,29.56
2026-08-17,Kopačka.cz,context,SmartPhone,Android,Muž,25 - 39,Kraj Vysočina,3216,0,0,0.0,27.88
2026-08-17,Kopačka.cz,context,SmartPhone,Android,Muž,25 - 39,Jihomoravský kraj,14125,23,0,0.0,122.45
2026-08-17,Kopačka.cz,context,SmartPhone,Android,Muž,25 - 39,Olomoucký kraj,19095,39,0,0.0,165.54
2026-08-17,Kopačka.cz,context,SmartPhone,Android,Muž,25 - 39,Zlínský kraj,55575,75,2,0.0,481.79
2026-08-17,Kopačka.cz,context,SmartPhone,Android,Muž,25 - 39,Moravskoslezský kraj,26290,30,1,0.0,227.91
2026-08-17,Kopačka.cz,context,MediaHub,Android,Muž,60+,Hlavní město Praha,14,0,0,0.0,0.0
2026-08-17,Kopačka.cz,context,MediaHub,Android,Muž,60+,Středočeský kraj,1,0,0,0.0,0.0
2026-08-17,Kopačka.cz,context,MediaHub,Android,Muž,60+,Jihočeský kraj,9,0,0,0.0,0.0
2026-08-17,Kopačka.cz,context,MediaHub,Android,Muž,60+,Plzeňský kraj,12,0,0,0.0,0.0
2026-08-17,Kopačka.cz,context,MediaHub,Android,Muž,60+,Karlovarský kraj,1,0,0,0.0,0.0
2026-08-17,Kopačka.cz,context,MediaHub,Android,Muž,60+,Ústecký kraj,15,0,0,0.0,0.0
2026-08-17,Kopačka.cz,context,MediaHub,Android,Muž,60+,Liberecký kraj,1,0,0,0.0,0.0
2026-08-17,Kopačka.cz,context,MediaHub,Android,Muž,60+,Královéhradecký kraj,5,0,0,0.0,0.0
2026-08-17,Kopačka.cz,context,MediaHub,Android,Muž,60+,Pardubický kraj,48,0,0,0.0,0.01
2026-08-17,Kopačka.cz,context,MediaHub,Android,Muž,60+,Kraj Vysočina,1,0,0,0.0,0.0
2026-08-17,Kopačka.cz,context,MediaHub,Android,Muž,60+,Jihomoravský kraj,3,0,0,0.0,0.0
2026-08-17,Kopačka.cz,context,MediaHub,Android,Muž,60+,Olomoucký kraj,45,0,0,0.0,0.01
2026-08-17,Kopačka.cz,context,MediaHub,Android,Muž,60+,Zlínský kraj,6,0,0,0.0,0.0
2026-08-17,Kopačka.cz,context,MediaHub,Android,Muž,60+,Moravskoslezský kraj,9,0,0,0.0,0.0
2026-08-17,Kopačka.cz,context,Tablet,,Žena,40 - 59,Hlavní město Praha,15,0,0,0.0,0.29
2026-08-17,Kopačka.cz,context,Tablet,,Žena,40 - 59,Středočeský kraj,12,0,0,0.0,0.23
2026-08-17,Kopačka.cz,context,Tablet,,Žena,40 - 59,Jihočeský kraj,9,0,0,0.0,0.18
2026-08-17,Kopačka.cz,context,Tablet,,Žena,40 - 59,Plzeňský kraj,6,0,0,0.0,0.12
2026-08-17,Kopačka.cz,context,Tablet,,Žena,40 - 59,Karlovarský kraj,3,0,0,0.0,0.06
2026-08-17,Kopačka.cz,context,Tablet,,Žena,40 - 59,Ústecký kraj,4,0,0,0.0,0.08
2026-08-17,Kopačka.cz,context,Tablet,,Žena,40 - 59,Liberecký kraj,2,0,0,0.0,0.04
2026-08-17,Kopačka.cz,context,Tablet,,Žena,40 - 59,Královéhradecký kraj,2,0,0,0.0,0.04
2026-08-17,Kopačka.cz,context,Tablet,,Žena,40 - 59,Pardubický kraj,2,0,0,0.0,0.04
2026-08-17,Kopačka.cz,context,Tablet,,Žena,40 - 59,Kraj Vysočina,19,0,0,0.0,0.37
2026-08-17,Kopačka.cz,context,Tablet,,Žena,40 - 59,Jihomoravský kraj,12,0,0,0.0,0.23
2026-08-17,Kopačka.cz,context,Tablet,,Žena,40 - 59,Olomoucký kraj,3,0,0,0.0,0.06
2026-08-17,Kopačka.cz,context,Tablet,,Žena,40 - 59,Zlínský kraj,1,0,0,0.0,0.02
2026-08-17,Kopačka.cz,context,Tablet,,Žena,40 - 59,Moravskoslezský kraj,11,0,0,0.0,0.21
2026-08-17,Kopačka.cz,context,SmartPhone,iOS,Neznámý,18 - 24,Hlavní město Praha,1,0,0,0.0,0.0
2026-08-17,Kopačka.cz,context,SmartPhone,iOS,Neznámý,18 - 24,Středočeský kraj,3,0,0,0.0,0.01
2026-08-17,Kopačka.cz,context,SmartPhone,iOS,Neznámý,18 - 24,Jihočeský kraj,14,0,0,0.0,0.03
2026-08-17,Kopačka.cz,context,SmartPhone,iOS,Neznámý,18 - 24,Plzeňský kraj,4,0,0,0.0,0.01
2026-08-17,Kopačka.cz,context,SmartPhone,iOS,Neznámý,18 - 24,Karlovarský kraj,10,0,0,0.0,0.02
2026-08-17,Kopačka.cz,context,SmartPhone,iOS,Neznámý,18 - 24,Ústecký kraj,2,0,0,0.0,0.0
2026-08-17,Kopačka.cz,context,SmartPhone,iOS,Neznámý,18 - 24,Liberecký kraj,3,0,0,0.0,0.01
2026-08-17,Kopačka.cz,context,SmartPhone,iOS,Neznámý,18 - 24,Královéhradecký kraj,2,0,0,0.0,0.0
2026-08-17,Kopačka.cz,context,SmartPhone,iOS,Neznámý,18 - 24,Pardubický kraj,15,0,0,0.0,0.04
2026-08-17,Kopačka.cz,context,SmartPhone,iOS,Neznámý,18 - 24,Kraj Vysočina,6,0,0,0.0,0.01
2026-08-17,Kopačka.cz,context,SmartPhone,iOS,Neznámý,18 - 24,Jihomoravský kraj,2,0,0,0.0,0.0
2026-08-17,Kopačka.cz,context,SmartPhone,iOS,Neznámý,18 - 24,Olomoucký kraj,8,0,0,0.0,0.02
2026-08-17,Kopačka.cz,context,SmartPhone,iOS,Neznámý,18 - 24,Zlínský kraj,5,0,0,0.0,0.01
2026-08-17,Kopačka.cz,context,SmartPhone,iOS,Neznámý,18 - 24,Moravskoslezský kraj,5,0,0,0.0,0.01
2026-08-17,Kámoši.net,context,Tablet,Android,Žena,60+,Hlavní město Praha,4350,15,0,0.0,50.39
2026-08-17,Kámoši.net,context,Tablet,Android,Žena,60+,Středočeský kraj,3851,17,2,2.73,44.61
2026-08-17,Kámoši.net,context,Tablet,Android,Žena,60+,Jihočeský kraj,997,0,0,0.0,11.55
2026-08-17,Kámoši.net,context,Tablet,Android,Žena,60+,Plzeňský kraj,10942,43,2,2.73,126.75
2026-08-17,Kámoši.net,context,Tablet,Android,Žena,60+,Karlovarský kraj,753,1,0,0.0,8.72
2026-08-17,Kámoši.net,context,Tablet,Android,Žena,60+,Ústecký kraj,1014,4,0,0.0,11.75
2026-08-17,Kámoši.net,context,Tablet,Android,Žena,60+,Liberecký kraj,5543,14,0,0.0,64.21
2026-08-17,Kámoši.net,context,Tablet,Android,Žena,60+,Královéhradecký kraj,4948,16,0,0.0,57.32
2026-08-17,Kámoši.net,context,Tablet,Android,Žena,60+,Pardubický kraj,2074,5,0,0.0,24.02
2026-08-17,Kámoši.net,context,Tablet,Android,Žena,60+,Kraj Vysočina,1655,5,0,0.0,19.17
2026-08-17,Kámoši.net,context,Tablet,Android,Žena,60+,Jihomoravský kraj,5371,16,0,0.0,62.22
2026-08-17,Kámoši.net,context,Tablet,Android,Žena,60+,Olomoucký kraj,6628,18,0,0.0,76.78
2026-08-17,Kámoši.net,context,Tablet,Android,Žena,60+,Zlínský kraj,5292,12,0,0.0,61.3
2026-08-17,Kámoši.net,context,Tablet,Android,Žena,60+,Moravskoslezský kraj,136,2,0,0.0,1.58
2026-08-17,Kámoši.net,context,SmartPhone,iOS,Neznámý,40 - 59,Hlavní město Praha,291,2,0,0.0,2.27
2026-08-17,Kámoši.net,context,SmartPhone,iOS,Neznámý,40 - 59,Středočeský kraj,125,0,0,0.0,0.98
2026-08-17,Kámoši.net,context,SmartPhone,iOS,Neznámý,40 - 59,Jihočeský kraj,906,3,0,0.0,7.08
2026-08-17,Kámoši.net,context,SmartPhone,iOS,Neznámý,40 - 59,Plzeňský kraj,1467,5,0,0.0,11.46
2026-08-17,Kámoši.net,context,SmartPhone,iOS,Neznámý,40 - 59,Karlovarský kraj,428,0,0,0.0,3.34
2026-08-17,Kámoši.net,context,SmartPhone,iOS,Neznámý,40 - 59,Ústecký kraj,204,0,0,0.0,1.59
2026-08-17,Kámoši.net,context,SmartPhone,iOS,Neznámý,40 - 59,Liberecký kraj,33,0,0,0.0,0.26
2026-08-17,Kámoši.net,context,SmartPhone,iOS,Neznámý,40 - 59,Královéhradecký kraj,119,0,0,0.0,0.93
2026-08-17,Kámoši.net,context,SmartPhone,iOS,Neznámý,40 - 59,Pardubický kraj,185,0,0,0.0,1.45
2026-08-17,Kámoši.net,context,SmartPhone,iOS,Neznámý,40 - 59,Kraj Vysočina,201,1,0,0.0,1.57
2026-08-17,Kámoši.net,context,SmartPhone,iOS,Neznámý,40 - 59,Jihomoravský kraj,304,0,0,0.0,2.37
2026-08-17,Kámoši.net,context,SmartPhone,iOS,Neznámý,40 - 59,Olomoucký kraj,988,3,0,0.0,7.72
2026-08-17,Kámoši.net,context,SmartPhone,iOS,Neznámý,40 - 59,Zlínský kraj,42,0,0,0.0,0.33
2026-08-17,Kámoši.net,context,SmartPhone,iOS,Neznámý,40 - 59,Moravskoslezský kraj,543,1,0,0.0,4.24
2026-08-17,Kámoši.net,context,SmartPhone,Android,Neznámý,25 - 39,Hlavní město Praha,7,0,0,0.0,0.05
2026-08-17,Kámoši.net,context,SmartPhone,Android,Neznámý,25 - 39,Středočeský kraj,418,1,0,0.0,3.1
2026-08-17,Kámoši.net,context,SmartPhone,Android,Neznámý,25 - 39,Jihočeský kraj,243,1,0,0.0,1.8
2026-08-17,Kámoši.net,context,SmartPhone,Android,Neznámý,25 - 39,Plzeňský kraj,388,4,1,0.0,2.88
2026-08-17,Kámoši.net,context,SmartPhone,Android,Neznámý,25 - 39,Karlovarský kraj,620,0,0,0.0,4.6
2026-08-17,Kámoši.net,context,SmartPhone,Android,Neznámý,25 - 39,Ústecký kraj,681,2,0,0.0,5.06
2026-08-17,Kámoši.net,context,SmartPhone,Android,Neznámý,25 - 39,Liberecký kraj,76,0,0,0.0,0.56
2026-08-17,Kámoši.net,context,SmartPhone,Android,Neznámý,25 - 39,Královéhradecký kraj,124,0,0,0.0,0.92
2026-08-17,Kámoši.net,context,SmartPhone,Android,Neznámý,25 - 39,Pardubický kraj,225,2,0,0.0,1.67
2026-08-17,Kámoši.net,context,SmartPhone,Android,Neznámý,25 - 39,Kraj Vysočina,239,1,0,0.0,1.77
2026-08-17,Kámoši.net,context,SmartPhone,Android,Neznámý,25 - 39,Jihomoravský kraj,132,0,0,0.0,0.98
2026-08-17,Kámoši.net,context,SmartPhone,Android,Neznámý,25 - 39,Olomoucký kraj,361,0,0,0.0,2.68
2026-08-17,Kámoši.net,context,SmartPhone,Android,Neznámý,25 - 39,Zlínský kraj,490,0,0,0.0,3.64
2026-08-17,Kámoši.net,context,SmartPhone,Android,Neznámý,25 - 39,Moravskoslezský kraj,77,0,0,0.0,0.57
2026-08-17,Kámoši.net,context,Desktop,macOS,Neznámý,25 - 39,Hlavní město Praha,5,0,0,0.0,0.1
2026-08-17,Kámoši.net,context,Desktop,macOS,Neznámý,25 - 39,Středočeský kraj,40,0,0,0.0,0.79
2026-08-17,Kámoši.net,context,Desktop,macOS,Neznámý,25 - 39,Jihočeský kraj,69,0,0,0.0,1.36
2026-08-17,Kámoši.net,context,Desktop,macOS,Neznámý,25 - 39,Plzeňský kraj,148,0,0,0.0,2.91
2026-08-17,Kámoši.net,context,Desktop,macOS,Neznámý,25 - 39,Karlovarský kraj,49,0,0,0.0,0.96
2026-08-17,Kámoši.net,context,Desktop,macOS,Neznámý,25 - 39,Ústecký kraj,179,2,0,0.0,3.52
2026-08-17,Kámoši.net,context,Desktop,macOS,Neznámý,25 - 39,Liberecký kraj,34,0,0,0.0,0.67
2026-08-17,Kámoši.net,context,Desktop,macOS,Neznámý,25 - 39,Královéhradecký kraj,9,0,0,0.0,0.18
2026-08-17,Kámoši.net,context,Desktop,macOS,Neznámý,25 - 39,Pardubický kraj,25,1,0,0.0,0.49
2026-08-17,Kámoši.net,context,Desktop,macOS,Neznámý,25 - 39,Kraj Vysočina,38,0,0,0.0,0.75
2026-08-17,Kámoši.net,context,Desktop,macOS,Neznámý,25 - 39,Jihomoravský kraj,9,0,0,0.0,0.18
2026-08-17,Kámoši.net,context,Desktop,macOS,Neznámý,25 - 39,Olomoucký kraj,15,0,0,0.0,0.29
2026-08-17,Kámoši.net,context,Desktop,macOS,Neznámý,25 - 39,Zlínský kraj,63,0,0,0.0,1.24
2026-08-17,Kámoši.net,context,Desktop,macOS,Neznámý,25 - 39,Moravskoslezský kraj,12,0,0,0.0,0.24
2026-08-17,Kámoši.net,context,SmartPhone,iOS,Žena,60+,Hlavní město Praha,1463,4,0,0.0,22.37
2026-08-17,Kámoši.net,context,SmartPhone,iOS,Žena,60+,Středočeský kraj,10358,38,0,0.0,158.36
2026-08-17,Kámoši.net,context,SmartPhone,iOS,Žena,60+,Jihočeský kraj,2129,9,0,0.0,32.55
2026-08-17,Kámoši.net,context,SmartPhone,iOS,Žena,60+,Plzeňský kraj,2193,10,0,0.0,33.53
2026-08-17,Kámoši.net,context,SmartPhone,iOS,Žena,60+,Karlovarský kraj,618,2,0,0.0,9.45
2026-08-17,Kámoši.net,context,SmartPhone,iOS,Žena,60+,Ústecký kraj,2056,11,0,0.0,31.43
2026-08-17,Kámoši.net,context,SmartPhone,iOS,Žena,60+,Liberecký kraj,3230,11,0,0.0,49.38
2026-08-17,Kámoši.net,context,SmartPhone,iOS,Žena,60+,Královéhradecký kraj,3896,18,0,0.0,59.56
2026-08-17,Kámoši.net,context,SmartPhone,iOS,Žena,60+,Pardubický kraj,178,0,0,0.0,2.72
2026-08-17,Kámoši.net,context,SmartPhone,iOS,Žena,60+,Kraj Vysočina,3356,16,0,0.0,51.31
2026-08-17,Kámoši.net,context,SmartPhone,iOS,Žena,60+,Jihomoravský kraj,4808,20,0,0.0,73.51
2026-08-17,Kámoši.net,context,SmartPhone,iOS,Žena,60+,Olomoucký kraj,9877,45,1,0.0,151.01
2026-08-17,Kámoši.net,context,SmartPhone,iOS,Žena,60+,Zlínský kraj,35130,141,0,0.0,537.09
2026-08-17,Kámoši.net,context,SmartPhone,iOS,Žena,60+,Moravskoslezský kraj,1106,3,0,0.0,16.91
2026-08-17,Pozdní Zprávy,context,Mobile,Android,Neznámý,Neznámý,Hlavní město Praha,1,0,0,0.0,0.0
2026-08-17,Pozdní Zprávy,context,Mobile,Android,Neznámý,Neznámý,Středočeský kraj,1,0,0,0.0,0.0
2026-08-17,Pozdní Zprávy,context,Mobile,Android,Neznámý,Neznámý,Jihočeský kraj,1,0,0,0.0,0.0
2026-08-17,Pozdní Zprávy,context,Mobile,Android,Neznámý,Neznámý,Plzeňský kraj,1,0,0,0.0,0.0
2026-08-17,Pozdní Zprávy,context,Mobile,Android,Neznámý,Neznámý,Karlovarský kraj,1,0,0,0.0,0.0
2026-08-17,Pozdní Zprávy,context,Mobile,Android,Neznámý,Neznámý,Ústecký kraj,1,0,0,0.0,0.0
2026-08-17,Pozdní Zprávy,context,Mobile,Android,Neznámý,Neznámý,Liberecký kraj,1,0,0,0.0,0.0
2026-08-17,Pozdní Zprávy,context,Mobile,Android,Neznámý,Neznámý,Královéhradecký kraj,1,0,0,0.0,0.0
2026-08-17,Pozdní Zprávy,context,Mobile,Android,Neznámý,Neznámý,Pardubický kraj,1,0,0,0.0,0.0
2026-08-17,Pozdní Zprávy,context,Mobile,Android,Neznámý,Neznámý,Kraj Vysočina,1,0,0,0.0,0.0
2026-08-17,Pozdní Zprávy,context,Mobile,Android,Neznámý,Neznámý,Jihomoravský kraj,1,0,0,0.0,0.0
2026-08-17,Pozdní Zprávy,context,Mobile,Android,Neznámý,Neznámý,Olomoucký kraj,1,0,0,0.0,0.0
2026-08-17,Pozdní Zprávy,context,Mobile,Android,Neznámý,Neznámý,Zlínský kraj,1,0,0,0.0,0.0
2026-08-17,Pozdní Zprávy,context,Mobile,Android,Neznámý,Neznámý,Moravskoslezský kraj,1,0,0,0.0,0.0
2026-08-17,Pozdní Zprávy,context,MediaHub,,Neznámý,Neznámý,Hlavní město Praha,1,0,0,0.0,0.0
2026-08-17,Pozdní Zprávy,context,MediaHub,,Neznámý,Neznámý,Středočeský kraj,1,0,0,0.0,0.0
2026-08-17,Pozdní Zprávy,context,MediaHub,,Neznámý,Neznámý,Jihočeský kraj,1,0,0,0.0,0.0
2026-08-17,Pozdní Zprávy,context,MediaHub,,Neznámý,Neznámý,Plzeňský kraj,1,0,0,0.0,0.0
2026-08-17,Pozdní Zprávy,context,MediaHub,,Neznámý,Neznámý,Karlovarský kraj,1,0,0,0.0,0.0
2026-08-17,Pozdní Zprávy,context,MediaHub,,Neznámý,Neznámý,Ústecký kraj,1,0,0,0.0,0.0
2026-08-17,Pozdní Zprávy,context,MediaHub,,Neznámý,Neznámý,Liberecký kraj,1,0,0,0.0,0.0
2026-08-17,Pozdní Zprávy,context,MediaHub,,Neznámý,Neznámý,Královéhradecký kraj,1,0,0,0.0,0.0
2026-08-17,Pozdní Zprávy,context,MediaHub,,Neznámý,Neznámý,Pardubický kraj,1,0,0,0.0,0.0
2026-08-17,Pozdní Zprávy,context,MediaHub,,Neznámý,Neznámý,Kraj Vysočina,1,0,0,0.0,0.0
2026-08-17,Pozdní Zprávy,context,MediaHub,,Neznámý,Neznámý,Jihomoravský kraj,1,0,0,0.0,0.0
2026-08-17,Pozdní Zprávy,context,MediaHub,,Neznámý,Neznámý,Olomoucký kraj,1,0,0,0.0,0.0
2026-08-17,Pozdní Zprávy,context,MediaHub,,Neznámý,Neznámý,Zlínský kraj,1,0,0,0.0,0.0
2026-08-17,Pozdní Zprávy,context,MediaHub,,Neznámý,Neznámý,Moravskoslezský kraj,1,0,0,0.0,0.0
2026-08-17,Pozdní Zprávy,context,Tv,Tizen,Muž,40 - 59,Hlavní město Praha,31,0,0,0.0,0.91
2026-08-17,Pozdní Zprávy,context,Tv,Tizen,Muž,40 - 59,Středočeský kraj,101,0,0,0.0,2.97
2026-08-17,Pozdní Zprávy,context,Tv,Tizen,Muž,40 - 59,Jihočeský kraj,20,0,0,0.0,0.59
2026-08-17,Pozdní Zprávy,context,Tv,Tizen,Muž,40 - 59,Plzeňský kraj,56,0,0,0.0,1.65
2026-08-17,Pozdní Zprávy,context,Tv,Tizen,Muž,40 - 59,Karlovarský kraj,30,0,0,0.0,0.88
2026-08-17,Pozdní Zprávy,context,Tv,Tizen,Muž,40 - 59,Ústecký kraj,26,0,0,0.0,0.77
2026-08-17,Pozdní Zprávy,context,Tv,Tizen,Muž,40 - 59,Liberecký kraj,168,1,0,0.0,4.95
2026-08-17,Pozdní Zprávy,context,Tv,Tizen,Muž,40 - 59,Královéhradecký kraj,49,1,0,0.0,1.44
2026-08-17,Pozdní Zprávy,context,Tv,Tizen,Muž,40 - 59,Pardubický kraj,7,0,0,0.0,0.21
2026-08-17,Pozdní Zprávy,context,Tv,Tizen,Muž,40 - 59,Kraj Vysočina,23,0,0,0.0,0.68
2026-08-17,Pozdní Zprávy,context,Tv,Tizen,Muž,40 - 59,Jihomoravský kraj,11,0,0,0.0,0.32
2026-08-17,Pozdní Zprávy,context,Tv,Tizen,Muž,40 - 59,Olomoucký kraj,133,0,0,0.0,3.92
2026-08-17,Pozdní Zprávy,context,Tv,Tizen,Muž,40 - 59,Zlínský kraj,38,0,0,0.0,1.12
2026-08-17,Pozdní Zprávy,context,Tv,Tizen,Muž,40 - 59,Moravskoslezský kraj,7,0,0,0.0,0.21
2026-08-17,Poštovna.cz,context,Desktop,,Žena,40 - 59,Hlavní město Praha,342,2,0,0.0,2.59
2026-08-17,Poštovna.cz,context,Desktop,,Žena,40 - 59,Středočeský kraj,46,0,0,0.0,0.35
2026-08-17,Poštovna.cz,context,Desktop,,Žena,40 - 59,Jihočeský kraj,254,0,0,0.0,1.92
2026-08-17,Poštovna.cz,context,Desktop,,Žena,40 - 59,Plzeňský kraj,77,0,0,0.0,0.58
2026-08-17,Poštovna.cz,context,Desktop,,Žena,40 - 59,Karlovarský kraj,261,0,0,0.0,1.97
2026-08-17,Poštovna.cz,context,Desktop,,Žena,40 - 59,Ústecký kraj,294,0,0,0.0,2.22
2026-08-17,Poštovna.cz,context,Desktop,,Žena,40 - 59,Liberecký kraj,241,0,0,0.0,1.82
2026-08-17,Poštovna.cz,context,Desktop,,Žena,40 - 59,Královéhradecký kraj,886,1,0,0.0,6.7
2026-08-17,Poštovna.cz,context,Desktop,,Žena,40 - 59,Pardubický kraj,449,0,0,0.0,3.4
2026-08-17,Poštovna.cz,context,Desktop,,Žena,40 - 59,Kraj Vysočina,362,0,0,0.0,2.74
2026-08-17,Poštovna.cz,context,Desktop,,Žena,40 - 59,Jihomoravský kraj,855,1,0,0.0,6.47
2026-08-17,Poštovna.cz,context,Desktop,,Žena,40 - 59,Olomoucký kraj,35,0,0,0.0,0.26
2026-08-17,Poštovna.cz,context,Desktop,,Žena,40 - 59,Zlínský kraj,44,0,0,0.0,0.33
2026-08-17,Poštovna.cz,context,Desktop,,Žena,40 - 59,Moravskoslezský kraj,1576,1,0,0.0,11.92
2026-08-17,Poštovna.cz,context,SmartPhone,,Neznámý,60+,Hlavní město Praha,1,0,0,0.0,0.0
2026-08-17,Poštovna.cz,context,SmartPhone,,Neznámý,60+,Středočeský kraj,1,0,0,0.0,0.0
2026-08-17,Poštovna.cz,context,SmartPhone,,Neznámý,60+,Jihočeský kraj,1,0,0,0.0,0.0
2026-08-17,Poštovna.cz,context,SmartPhone,,Neznámý,60+,Plzeňský kraj,1,0,0,0.0,0.0
2026-08-17,Poštovna.cz,context,SmartPhone,,Neznámý,60+,Karlovarský kraj,1,0,0,0.0,0.0
2026-08-17,Poštovna.cz,context,SmartPhone,,Neznámý,60+,Ústecký kraj,1,0,0,0.0,0.0
2026-08-17,Poštovna.cz,context,SmartPhone,,Neznámý,60+,Liberecký kraj,1,0,0,0.0,0.0
2026-08-17,Poštovna.cz,context,SmartPhone,,Neznámý,60+,Královéhradecký kraj,1,0,0,0.0,0.0
2026-08-17,Poštovna.cz,context,SmartPhone,,Neznámý,60+,Pardubický kraj,1,0,0,0.0,0.0
2026-08-17,Poštovna.cz,context,SmartPhone,,Neznámý,60+,Kraj Vysočina,1,0,0,0.0,0.0
2026-08-17,Poštovna.cz,context,SmartPhone,,Neznámý,60+,Jihomoravský kraj,1,0,0,0.0,0.0
2026-08-17,Poštovna.cz,context,SmartPhone,,Neznámý,60+,Olomoucký kraj,1,0,0,0.0,0.0
2026-08-17,Poštovna.cz,context,SmartPhone,,Neznámý,60+,Zlínský kraj,1,0,0,0.0,0.0
2026-08-17,Poštovna.cz,context,SmartPhone,,Neznámý,60+,Moravskoslezský kraj,1,0,0,0.0,0.0
2026-08-17,Poštovna.cz,context,SmartPhone,Android,Neznámý,40 - 59,Hlavní město Praha,194,2,0,0.0,8.26
2026-08-17,Poštovna.cz,context,SmartPhone,Android,Neznámý,40 - 59,Středočeský kraj,39,0,0,0.0,1.66
2026-08-17,Poštovna.cz,context,SmartPhone,Android,Neznámý,40 - 59,Jihočeský kraj,32,0,0,0.0,1.36
2026-08-17,Poštovna.cz,context,SmartPhone,Android,Neznámý,40 - 59,Plzeňský kraj,40,0,0,0.0,1.7
2026-08-17,Poštovna.cz,context,SmartPhone,Android,Neznámý,40 - 59,Karlovarský kraj,9,0,0,0.0,0.38
2026-08-17,Poštovna.cz,context,SmartPhone,Android,Neznámý,40 - 59,Ústecký kraj,94,0,0,0.0,4.0
2026-08-17,Poštovna.cz,context,SmartPhone,Android,Neznámý,40 - 59,Liberecký kraj,142,2,0,0.0,6.04
2026-08-17,Poštovna.cz,context,SmartPhone,Android,Neznámý,40 - 59,Královéhradecký kraj,80,0,0,0.0,3.41
2026-08-17,Poštovna.cz,context,SmartPhone,Android,Neznámý,40 - 59,Pardubický kraj,245,0,0,0.0,10.43
2026-08-17,Poštovna.cz,context,SmartPhone,Android,Neznámý,40 - 59,Kraj Vysočina,212,0,0,0.0,9.02
2026-08-17,Poštovna.cz,context,SmartPhone,Android,Neznámý,40 - 59,Jihomoravský kraj,62,0,0,0.0,2.64
2026-08-17,Poštovna.cz,context,SmartPhone,Android,Neznámý,40 - 59,Olomoucký kraj,86,0,0,0.0,3.66
2026-08-17,Poštovna.cz,context,SmartPhone,Android,Neznámý,40 - 59,Zlínský kraj,7,0,0,0.0,0.3
2026-08-17,Poštovna.cz,context,SmartPhone,Android,Neznámý,40 - 59,Moravskoslezský kraj,182,1,0,0.0,7.75
2026-08-17,Poštovna.cz,context,Desktop,,Muž,18 - 24,Hlavní město Praha,66,0,0,0.0,0.2
2026-08-17,Poštovna.cz,context,Desktop,,Muž,18 - 24,Středočeský kraj,1,0,0,0.0,0.0
2026-08-17,Poštovna.cz,context,Desktop,,Muž,18 - 24,Jihočeský kraj,1,0,0,0.0,0.0
2026-08-17,Poštovna.cz,context,Desktop,,Muž,18 - 24,Plzeňský kraj,4,0,0,0.0,0.01
2026-08-17,Poštovna.cz,context,Desktop,,Muž,18 - 24,Karlovarský kraj,12,0,0,0.0,0.04
2026-08-17,Poštovna.cz,context,Desktop,,Muž,18 - 24,Ústecký kraj,29,0,0,0.0,0.09
2026-08-17,Poštovna.cz,context,Desktop,,Muž,18 - 24,Liberecký kraj,31,0,0,0.0,0.09
2026-08-17,Poštovna.cz,context,Desktop,,Muž,18 - 24,Královéhradecký kraj,13,0,0,0.0,0.04
2026-08-17,Poštovna.cz,context,Desktop,,Muž,18 - 24,Pardubický kraj,12,0,0,0.0,0.04
2026-08-17,Poštovna.cz,context,Desktop,,Muž,18 - 24,Kraj Vysočina,2,0,0,0.0,0.01
2026-08-17,Poštovna.cz,context,Desktop,,Muž,18 - 24,Jihomoravský kraj,5,0,0,0.0,0.02
2026-08-17,Poštovna.cz,context,Desktop,,Muž,18 - 24,Olomoucký kraj,35,0,0,0.0,0.11
2026-08-17,Poštovna.cz,context,Desktop,,Muž,18 - 24,Zlínský kraj,1,0,0,0.0,0.0
2026-08-17,Poštovna.cz,context,Desktop,,Muž,18 - 24,Moravskoslezský kraj,13,0,0,0.0,0.04
2026-08-17,ProTety.cz,context,Tablet,,Žena,60+,Hlavní město Praha,245,0,0,0.0,10.13
2026-08-17,ProTety.cz,context,Tablet,,Žena,60+,Středočeský kraj,49,1,0,0.0,2.03
2026-08-17,ProTety.cz,context,Tablet,,Žena,60+,Jihočeský kraj,2,0,0,0.0,0.08
2026-08-17,ProTety.cz,context,Tablet,,Žena,60+,Plzeňský kraj,71,2,0,0.0,2.94
2026-08-17,ProTety.cz,context,Tablet,,Žena,60+,Karlovarský kraj,25,0,0,0.0,1.03
2026-08-17,ProTety.cz,context,Tablet,,Žena,60+,Ústecký kraj,13,0,0,0.0,0.54
2026-08-17,ProTety.cz,context,Tablet,,Žena,60+,Liberecký kraj,14,0,0,0.0,0.58
2026-08-17,ProTety.cz,context,Tablet,,Žena,60+,Královéhradecký kraj,58,0,0,0.0,2.4
2026-08-17,ProTety.cz,context,Tablet,,Žena,60+,Pardubický kraj,1,0,0,0.0,0.04
2026-08-17,ProTety.cz,context,Tablet,,Žena,60+,Kraj Vysočina,86,2,0,0.0,3.56
2026-08-17,ProTety.cz,context,Tablet,,Žena,60+,Jihomoravský kraj,257,0,0,0.0,10.63
2026-08-17,ProTety.cz,context,Tablet,,Žena,60+,Olomoucký kraj,12,0,0,0.0,0.5
2026-08-17,ProTety.cz,context,Tablet,,Žena,60+,Zlínský kraj,314,5,3,99.33,12.99
2026-08-17,ProTety.cz,context,Tablet,,Žena,60+,Moravskoslezský kraj,245,1,1,33.11,10.13
2026-08-17,ProTety.cz,context,Desktop,Windows,Neznámý,60+,Hlavní město Praha,441,3,0,0.0,8.65
2026-08-17,ProTety.cz,context,Desktop,Windows,Neznámý,60+,Středočeský kraj,2977,11,0,0.0,58.4
2026-08-17,ProTety.cz,context,Desktop,Windows,Neznámý,60+,Jihočeský kraj,8,0,0,0.0,0.16
2026-08-17,ProTety.cz,context,Desktop,Windows,Neznámý,60+,Plzeňský kraj,62,0,0,0.0,1.22
2026-08-17,ProTety.cz,context,Desktop,Windows,Neznámý,60+,Karlovarský kraj,4861,18,0,0.0,95.35
2026-08-17,ProTety.cz,context,Desktop,Windows,Neznámý,60+,Ústecký kraj,2010,6,0,0.0,39.43
2026-08-17,ProTety.cz,context,Desktop,Windows,Neznámý,60+,Liberecký kraj,671,3,1,417.66,13.16
2026-08-17,ProTety.cz,context,Desktop,Windows,Neznámý,60+,Královéhradecký kraj,221,0,0,0.0,4.34
2026-08-17,ProTety.cz,context,Desktop,Windows,Neznámý,60+,Pardubický kraj,1141,6,0,0.0,22.38
2026-08-17,ProTety.cz,context,Desktop,Windows,Neznámý,60+,Kraj Vysočina,1249,7,2,835.32,24.5
2026-08-17,ProTety.cz,context,Desktop,Windows,Neznámý,60+,Jihomoravský kraj,2505,10,1,417.66,49.14
2026-08-17,ProTety.cz,context,Desktop,Windows,Neznámý,60+,Olomoucký kraj,1056,6,1,417.66,20.71
2026-08-17,ProTety.cz,context,Desktop,Windows,Neznámý,60+,Zlínský kraj,1001,4,0,0.0,19.64
2026-08-17,ProTety.cz,context,Desktop,Windows,Neznámý,60+,Moravskoslezský kraj,495,0,0,0.0,9.71
2026-08-18,Aktualitky.cz,context,Tablet,Android,Neznámý,Neznámý,Hlavní město Praha,157,0,0,0.0,1.07
2026-08-18,Aktualitky.cz,context,Tablet,Android,Neznámý,Neznámý,Středočeský kraj,26,0,0,0.0,0.18
2026-08-18,Aktualitky.cz,context,Tablet,Android,Neznámý,Neznámý,Jihočeský kraj,75,0,0,0.0,0.51
2026-08-18,Aktualitky.cz,context,Tablet,Android,Neznámý,Neznámý,Plzeňský kraj,261,0,0,0.0,1.78
2026-08-18,Aktualitky.cz,context,Tablet,Android,Neznámý,Neznámý,Karlovarský kraj,178,1,0,0.0,1.22
2026-08-18,Aktualitky.cz,context,Tablet,Android,Neznámý,Neznámý,Ústecký kraj,26,0,0,0.0,0.18
2026-08-18,Aktualitky.cz,context,Tablet,Android,Neznámý,Neznámý,Liberecký kraj,350,1,0,0.0,2.39
2026-08-18,Aktualitky.cz,context,Tablet,Android,Neznámý,Neznámý,Královéhradecký kraj,313,1,0,0.0,2.14
2026-08-18,Aktualitky.cz,context,Tablet,Android,Neznámý,Neznámý,Pardubický kraj,120,0,0,0.0,0.82
2026-08-18,Aktualitky.cz,context,Tablet,Android,Neznámý,Neznámý,Kraj Vysočina,28,0,0,0.0,0.19
2026-08-18,Aktualitky.cz,context,Tablet,Android,Neznámý,Neznámý,Jihomoravský kraj,1335,3,0,0.0,9.11
2026-08-18,Aktualitky.cz,context,Tablet,Android,Neznámý,Neznámý,Olomoucký kraj,110,0,0,0.0,0.75
2026-08-18,Aktualitky.cz,context,Tablet,Android,Neznámý,Neznámý,Zlínský kraj,67,0,0,0.0,0.46
2026-08-18,Aktualitky.cz,context,Tablet,Android,Neznámý,Neznámý,Moravskoslezský kraj,339,2,0,0.0,2.31
2026-08-18,Aktualitky.cz,context,Console,Android,Muž,60+,Hlavní město Praha,3,0,0,0.0,0.95
2026-08-18,Aktualitky.cz,context,Console,Android,Muž,60+,Středočeský kraj,23,0,0,0.0,7.3
2026-08-18,Aktualitky.cz,context,Console,Android,Muž,60+,Jihočeský kraj,9,1,0,0.0,2.86
2026-08-18,Aktualitky.cz,context,Console,Android,Muž,60+,Plzeňský kraj,6,0,0,0.0,1.91
2026-08-18,Aktualitky.cz,context,Console,Android,Muž,60+,Karlovarský kraj,3,0,0,0.0,0.95
2026-08-18,Aktualitky.cz,context,Console,Android,Muž,60+,Ústecký kraj,2,0,0,0.0,0.64
2026-08-18,Aktualitky.cz,context,Console,Android,Muž,60+,Liberecký kraj,5,0,0,0.0,1.59
2026-08-18,Aktualitky.cz,context,Console,Android,Muž,60+,Královéhradecký kraj,6,0,0,0.0,1.91
2026-08-18,Aktualitky.cz,context,Console,Android,Muž,60+,Pardubický kraj,10,0,0,0.0,3.18
2026-08-18,Aktualitky.cz,context,Console,Android,Muž,60+,Kraj Vysočina,7,2,0,0.0,2.22
2026-08-18,Aktualitky.cz,context,Console,Android,Muž,60+,Jihomoravský kraj,3,0,0,0.0,0.95
2026-08-18,Aktualitky.cz,context,Console,Android,Muž,60+,Olomoucký kraj,5,1,0,0.0,1.59
2026-08-18,Aktualitky.cz,context,Console,Android,Muž,60+,Zlínský kraj,10,0,0,0.0,3.18
2026-08-18,Aktualitky.cz,context,Console,Android,Muž,60+,Moravskoslezský kraj,2,0,0,0.0,0.64
2026-08-18,Aktualitky.cz,context,Console,Windows,Neznámý,Neznámý,Hlavní město Praha,1,0,0,0.0,0.0
2026-08-18,Aktualitky.cz,context,Console,Windows,Neznámý,Neznámý,Středočeský kraj,1,0,0,0.0,0.0
2026-08-18,Aktualitky.cz,context,Console,Windows,Neznámý,Neznámý,Jihočeský kraj,1,0,0,0.0,0.0
2026-08-18,Aktualitky.cz,context,Console,Windows,Neznámý,Neznámý,Plzeňský kraj,1,0,0,0.0,0.0
2026-08-18,Aktualitky.cz,context,Console,Windows,Neznámý,Neznámý,Karlovarský kraj,1,0,0,0.0,0.0
2026-08-18,Aktualitky.cz,context,Console,Windows,Neznámý,Neznámý,Ústecký kraj,1,0,0,0.0,0.0
2026-08-18,Aktualitky.cz,context,Console,Windows,Neznámý,Neznámý,Liberecký kraj,1,0,0,0.0,0.0
2026-08-18,Aktualitky.cz,context,Console,Windows,Neznámý,Neznámý,Královéhradecký kraj,1,0,0,0.0,0.0
2026-08-18,Aktualitky.cz,context,Console,Windows,Neznámý,Neznámý,Pardubický kraj,1,0,0,0.0,0.0
2026-08-18,Aktualitky.cz,context,Console,Windows,Neznámý,Neznámý,Kraj Vysočina,1,0,0,0.0,0.0
2026-08-18,Aktualitky.cz,context,Console,Windows,Neznámý,Neznámý,Jihomoravský kraj,1,0,0,0.0,0.0
2026-08-18,Aktualitky.cz,context,Console,Windows,Neznámý,Neznámý,Olomoucký kraj,1,0,0,0.0,0.0
2026-08-18,Aktualitky.cz,context,Console,Windows,Neznámý,Neznámý,Zlínský kraj,1,0,0,0.0,0.0
2026-08-18,Aktualitky.cz,context,Console,Windows,Neznámý,Neznámý,Moravskoslezský kraj,1,0,0,0.0,0.0
2026-08-18,Aktualitky.cz,context,EReader,Android,Neznámý,60+,Hlavní město Praha,1,0,0,0.0,0.0
2026-08-18,Aktualitky.cz,context,EReader,Android,Neznámý,60+,Středočeský kraj,1,0,0,0.0,0.0
2026-08-18,Aktualitky.cz,context,EReader,Android,Neznámý,60+,Jihočeský kraj,1,0,0,0.0,0.0
2026-08-18,Aktualitky.cz,context,EReader,Android,Neznámý,60+,Plzeňský kraj,1,0,0,0.0,0.0
2026-08-18,Aktualitky.cz,context,EReader,Android,Neznámý,60+,Karlovarský kraj,1,0,0,0.0,0.0
2026-08-18,Aktualitky.cz,context,EReader,Android,Neznámý,60+,Ústecký kraj,1,0,0,0.0,0.0
2026-08-18,Aktualitky.cz,context,EReader,Android,Neznámý,60+,Liberecký kraj,1,0,0,0.0,0.0
2026-08-18,Aktualitky.cz,context,EReader,Android,Neznámý,60+,Královéhradecký kraj,1,0,0,0.0,0.0
2026-08-18,Aktualitky.cz,context,EReader,Android,Neznámý,60+,Pardubický kraj,1,0,0,0.0,0.0
2026-08-18,Aktualitky.cz,context,EReader,Android,Neznámý,60+,Kraj Vysočina,1,0,0,0.0,0.0
2026-08-18,Aktualitky.cz,context,EReader,Android,Neznámý,60+,Jihomoravský kraj,1,0,0,0.0,0.0
2026-08-18,Aktualitky.cz,context,EReader,Android,Neznámý,60+,Olomoucký kraj,1,0,0,0.0,0.0
2026-08-18,Aktualitky.cz,context,EReader,Android,Neznámý,60+,Zlínský kraj,1,0,0,0.0,0.0
2026-08-18,Aktualitky.cz,context,EReader,Android,Neznámý,60+,Moravskoslezský kraj,1,0,0,0.0,0.0
2026-08-18,Baráky.cz,context,Tablet,Android,Neznámý,60+,Hlavní město Praha,1,0,0,0.0,0.0
2026-08-18,Baráky.cz,context,Tablet,Android,Neznámý,60+,Středočeský kraj,1,0,0,0.0,0.0
2026-08-18,Baráky.cz,context,Tablet,Android,Neznámý,60+,Jihočeský kraj,1,0,0,0.0,0.0
2026-08-18,Baráky.cz,context,Tablet,Android,Neznámý,60+,Plzeňský kraj,1,0,0,0.0,0.0
2026-08-18,Baráky.cz,context,Tablet,Android,Neznámý,60+,Karlovarský kraj,1,0,0,0.0,0.0
2026-08-18,Baráky.cz,context,Tablet,Android,Neznámý,60+,Ústecký kraj,1,0,0,0.0,0.0
2026-08-18,Baráky.cz,context,Tablet,Android,Neznámý,60+,Liberecký kraj,1,0,0,0.0,0.0
2026-08-18,Baráky.cz,context,Tablet,Android,Neznámý,60+,Královéhradecký kraj,1,0,0,0.0,0.0
2026-08-18,Baráky.cz,context,Tablet,Android,Neznámý,60+,Pardubický kraj,1,0,0,0.0,0.0
2026-08-18,Baráky.cz,context,Tablet,Android,Neznámý,60+,Kraj Vysočina,1,0,0,0.0,0.0
2026-08-18,Baráky.cz,context,Tablet,Android,Neznámý,60+,Jihomoravský kraj,1,0,0,0.0,0.0
2026-08-18,Baráky.cz,context,Tablet,Android,Neznámý,60+,Olomoucký kraj,1,0,0,0.0,0.0
2026-08-18,Baráky.cz,context,Tablet,Android,Neznámý,60+,Zlínský kraj,1,0,0,0.0,0.0
2026-08-18,Baráky.cz,context,Tablet,Android,Neznámý,60+,Moravskoslezský kraj,1,0,0,0.0,0.0
2026-08-18,Blogeria.cz,context,SmartPhone,,Muž,60+,Hlavní město Praha,126,0,0,0.0,2.13
2026-08-18,Blogeria.cz,context,SmartPhone,,Muž,60+,Středočeský kraj,133,0,0,0.0,2.25
2026-08-18,Blogeria.cz,context,SmartPhone,,Muž,60+,Jihočeský kraj,1169,7,0,0.0,19.78
2026-08-18,Blogeria.cz,context,SmartPhone,,Muž,60+,Plzeňský kraj,278,0,0,0.0,4.7
2026-08-18,Blogeria.cz,context,SmartPhone,,Muž,60+,Karlovarský kraj,91,0,0,0.0,1.54
2026-08-18,Blogeria.cz,context,SmartPhone,,Muž,60+,Ústecký kraj,441,0,0,0.0,7.46
2026-08-18,Blogeria.cz,context,SmartPhone,,Muž,60+,Liberecký kraj,181,1,0,0.0,3.06
2026-08-18,Blogeria.cz,context,SmartPhone,,Muž,60+,Královéhradecký kraj,773,4,0,0.0,13.08
2026-08-18,Blogeria.cz,context,SmartPhone,,Muž,60+,Pardubický kraj,830,2,0,0.0,14.04
2026-08-18,Blogeria.cz,context,SmartPhone,,Muž,60+,Kraj Vysočina,389,0,0,0.0,6.58
2026-08-18,Blogeria.cz,context,SmartPhone,,Muž,60+,Jihomoravský kraj,1145,5,0,0.0,19.37
2026-08-18,Blogeria.cz,context,SmartPhone,,Muž,60+,Olomoucký kraj,260,0,0,0.0,4.4
2026-08-18,Blogeria.cz,context,SmartPhone,,Muž,60+,Zlínský kraj,1987,10,1,1681.17,33.61
2026-08-18,Blogeria.cz,context,SmartPhone,,Muž,60+,Moravskoslezský kraj,123,1,0,0.0,2.08
2026-08-18,Kliknito.cz,context,Desktop,ChromeOS,Žena,60+,Hlavní město Praha,1268,7,0,0.0,32.31
2026-08-18,Kliknito.cz,context,Desktop,ChromeOS,Žena,60+,Středočeský kraj,1594,6,0,0.0,40.62
2026-08-18,Kliknito.cz,context,Desktop,ChromeOS,Žena,60+,Jihočeský kraj,2129,10,1,0.37,54.25
2026-08-18,Kliknito.cz,context,Desktop,ChromeOS,Žena,60+,Plzeňský kraj,216,5,0,0.0,5.5
2026-08-18,Kliknito.cz,context,Desktop,ChromeOS,Žena,60+,Karlovarský kraj,2654,15,0,0.0,67.63
2026-08-18,Kliknito.cz,context,Desktop,ChromeOS,Žena,60+,Ústecký kraj,2503,13,0,0.0,63.78
2026-08-18,Kliknito.cz,context,Desktop,ChromeOS,Žena,60+,Liberecký kraj,2880,17,0,0.0,73.39
2026-08-18,Kliknito.cz,context,Desktop,ChromeOS,Žena,60+,Královéhradecký kraj,400,4,1,0.37,10.19
2026-08-18,Kliknito.cz,context,Desktop,ChromeOS,Žena,60+,Pardubický kraj,61,0,0,0.0,1.55
2026-08-18,Kliknito.cz,context,Desktop,ChromeOS,Žena,60+,Kraj Vysočina,243,1,0,0.0,6.19
2026-08-18,Kliknito.cz,context,Desktop,ChromeOS,Žena,60+,Jihomoravský kraj,2468,10,1,0.37,62.89
2026-08-18,Kliknito.cz,context,Desktop,ChromeOS,Žena,60+,Olomoucký kraj,2392,13,0,0.0,60.95
2026-08-18,Kliknito.cz,context,Desktop,ChromeOS,Žena,60+,Zlínský kraj,507,6,0,0.0,12.92
2026-08-18,Kliknito.cz,context,Desktop,ChromeOS,Žena,60+,Moravskoslezský kraj,2617,16,0,0.0,66.68
2026-08-18,Kliknito.cz,context,SmartPhone,,Žena,18 - 24,Hlavní město Praha,7,0,0,0.0,0.04
2026-08-18,Kliknito.cz,context,SmartPhone,,Žena,18 - 24,Středočeský kraj,1,0,0,0.0,0.01
2026-08-18,Kliknito.cz,context,SmartPhone,,Žena,18 - 24,Jihočeský kraj,4,0,0,0.0,0.02
2026-08-18,Kliknito.cz,context,SmartPhone,,Žena,18 - 24,Plzeňský kraj,9,0,0,0.0,0.05
2026-08-18,Kliknito.cz,context,SmartPhone,,Žena,18 - 24,Karlovarský kraj,28,0,0,0.0,0.15
2026-08-18,Kliknito.cz,context,SmartPhone,,Žena,18 - 24,Ústecký kraj,3,0,0,0.0,0.02
2026-08-18,Kliknito.cz,context,SmartPhone,,Žena,18 - 24,Liberecký kraj,3,0,0,0.0,0.02
2026-08-18,Kliknito.cz,context,SmartPhone,,Žena,18 - 24,Královéhradecký kraj,4,0,0,0.0,0.02
2026-08-18,Kliknito.cz,context,SmartPhone,,Žena,18 - 24,Pardubický kraj,1,0,0,0.0,0.01
2026-08-18,Kliknito.cz,context,SmartPhone,,Žena,18 - 24,Kraj Vysočina,2,0,0,0.0,0.01
2026-08-18,Kliknito.cz,context,SmartPhone,,Žena,18 - 24,Jihomoravský kraj,4,0,0,0.0,0.02
2026-08-18,Kliknito.cz,context,SmartPhone,,Žena,18 - 24,Olomoucký kraj,2,0,0,0.0,0.01
2026-08-18,Kliknito.cz,context,SmartPhone,,Žena,18 - 24,Zlínský kraj,13,0,0,0.0,0.07
2026-08-18,Kliknito.cz,context,SmartPhone,,Žena,18 - 24,Moravskoslezský kraj,6,0,0,0.0,0.03
2026-08-18,Kliknito.cz,context,Desktop,Windows,Neznámý,25 - 39,Hlavní město Praha,397,1,0,0.0,8.91
2026-08-18,Kliknito.cz,context,Desktop,Windows,Neznámý,25 - 39,Středočeský kraj,728,2,0,0.0,16.33
2026-08-18,Kliknito.cz,context,Desktop,Windows,Neznámý,25 - 39,Jihočeský kraj,425,0,0,0.0,9.53
2026-08-18,Kliknito.cz,context,Desktop,Windows,Neznámý,25 - 39,Plzeňský kraj,292,1,0,0.0,6.55
2026-08-18,Kliknito.cz,context,Desktop,Windows,Neznámý,25 - 39,Karlovarský kraj,954,3,0,0.0,21.4
2026-08-18,Kliknito.cz,context,Desktop,Windows,Neznámý,25 - 39,Ústecký kraj,1145,4,1,766.51,25.68
2026-08-18,Kliknito.cz,context,Desktop,Windows,Neznámý,25 - 39,Liberecký kraj,85,0,0,0.0,1.91
2026-08-18,Kliknito.cz,context,Desktop,Windows,Neznámý,25 - 39,Královéhradecký kraj,494,2,0,0.0,11.08
2026-08-18,Kliknito.cz,context,Desktop,Windows,Neznámý,25 - 39,Pardubický kraj,800,0,0,0.0,17.95
2026-08-18,Kliknito.cz,context,Desktop,Windows,Neznámý,25 - 39,Kraj Vysočina,538,0,0,0.0,12.07
2026-08-18,Kliknito.cz,context,Desktop,Windows,Neznámý,25 - 39,Jihomoravský kraj,1904,1,0,0.0,42.71
2026-08-18,Kliknito.cz,context,Desktop,Windows,Neznámý,25 - 39,Olomoucký kraj,395,0,0,0.0,8.86
2026-08-18,Kliknito.cz,context,Desktop,Windows,Neznámý,25 - 39,Zlínský kraj,776,2,0,0.0,17.41
2026-08-18,Kliknito.cz,context,Desktop,Windows,Neznámý,25 - 39,Moravskoslezský kraj,241,0,0,0.0,5.41
2026-08-18,Kopačka.cz,context,SmartPhone,Android,Žena,18 - 24,Hlavní město Praha,81,1,0,0.0,0.54
2026-08-18,Kopačka.cz,context,SmartPhone,Android,Žena,18 - 24,Středočeský kraj,331,0,0,0.0,2.21
2026-08-18,Kopačka.cz,context,SmartPhone,Android,Žena,18 - 24,Jihočeský kraj,52,0,0,0.0,0.35
2026-08-18,Kopačka.cz,context,SmartPhone,Android,Žena,18 - 24,Plzeňský kraj,644,3,0,0.0,4.3
2026-08-18,Kopačka.cz,context,SmartPhone,Android,Žena,18 - 24,Karlovarský kraj,156,1,0,0.0,1.04
2026-08-18,Kopačka.cz,context,SmartPhone,Android,Žena,18 - 24,Ústecký kraj,438,0,0,0.0,2.92
2026-08-18,Kopačka.cz,context,SmartPhone,Android,Žena,18 - 24,Liberecký kraj,168,0,0,0.0,1.12
2026-08-18,Kopačka.cz,context,SmartPhone,Android,Žena,18 - 24,Královéhradecký kraj,795,1,0,0.0,5.31
2026-08-18,Kopačka.cz,context,SmartPhone,Android,Žena,18 - 24,Pardubický kraj,59,0,0,0.0,0.39
2026-08-18,Kopačka.cz,context,SmartPhone,Android,Žena,18 - 24,Kraj Vysočina,71,0,0,0.0,0.47
2026-08-18,Kopačka.cz,context,SmartPhone,Android,Žena,18 - 24,Jihomoravský kraj,208,0,0,0.0,1.39
2026-08-18,Kopačka.cz,context,SmartPhone,Android,Žena,18 - 24,Olomoucký kraj,602,0,0,0.0,4.02
2026-08-18,Kopačka.cz,context,SmartPhone,Android,Žena,18 - 24,Zlínský kraj,34,0,0,0.0,0.23
2026-08-18,Kopačka.cz,context,SmartPhone,Android,Žena,18 - 24,Moravskoslezský kraj,415,0,0,0.0,2.77
2026-08-18,Kámoši.net,context,Tablet,Android,Žena,25 - 39,Hlavní město Praha,37,0,0,0.0,0.44
2026-08-18,Kámoši.net,context,Tablet,Android,Žena,25 - 39,Středočeský kraj,119,0,0,0.0,1.42
2026-08-18,Kámoši.net,context,Tablet,Android,Žena,25 - 39,Jihočeský kraj,90,0,0,0.0,1.08
2026-08-18,Kámoši.net,context,Tablet,Android,Žena,25 - 39,Plzeňský kraj,136,1,0,0.0,1.63
2026-08-18,Kámoši.net,context,Tablet,Android,Žena,25 - 39,Karlovarský kraj,78,0,0,0.0,0.93
2026-08-18,Kámoši.net,context,Tablet,Android,Žena,25 - 39,Ústecký kraj,7,0,0,0.0,0.08
2026-08-18,Kámoši.net,context,Tablet,Android,Žena,25 - 39,Liberecký kraj,20,0,0,0.0,0.24
2026-08-18,Kámoši.net,context,Tablet,Android,Žena,25 - 39,Královéhradecký kraj,246,0,0,0.0,2.95
2026-08-18,Kámoši.net,context,Tablet,Android,Žena,25 - 39,Pardubický kraj,176,2,0,0.0,2.11
2026-08-18,Kámoši.net,context,Tablet,Android,Žena,25 - 39,Kraj Vysočina,28,0,0,0.0,0.34
2026-08-18,Kámoši.net,context,Tablet,Android,Žena,25 - 39,Jihomoravský kraj,41,0,0,0.0,0.49
2026-08-18,Kámoši.net,context,Tablet,Android,Žena,25 - 39,Olomoucký kraj,7,0,0,0.0,0.08
2026-08-18,Kámoši.net,context,Tablet,Android,Žena,25 - 39,Zlínský kraj,18,0,0,0.0,0.22
2026-08-18,Kámoši.net,context,Tablet,Android,Žena,25 - 39,Moravskoslezský kraj,46,0,0,0.0,0.55
2026-08-18,Pozdní Zprávy,context,Desktop,Windows,Neznámý,40 - 59,Hlavní město Praha,1699,2,0,0.0,28.49
2026-08-18,Pozdní Zprávy,context,Desktop,Windows,Neznámý,40 - 59,Středočeský kraj,2901,10,1,309.57,48.64
2026-08-18,Pozdní Zprávy,context,Desktop,Windows,Neznámý,40 - 59,Jihočeský kraj,3841,8,0,0.0,64.4
2026-08-18,Pozdní Zprávy,context,Desktop,Windows,Neznámý,40 - 59,Plzeňský kraj,480,1,0,0.0,8.05
2026-08-18,Pozdní Zprávy,context,Desktop,Windows,Neznámý,40 - 59,Karlovarský kraj,42,0,0,0.0,0.7
2026-08-18,Pozdní Zprávy,context,Desktop,Windows,Neznámý,40 - 59,Ústecký kraj,413,0,0,0.0,6.92
2026-08-18,Pozdní Zprávy,context,Desktop,Windows,Neznámý,40 - 59,Liberecký kraj,138,0,0,0.0,2.31
2026-08-18,Pozdní Zprávy,context,Desktop,Windows,Neznámý,40 - 59,Královéhradecký kraj,2859,6,0,0.0,47.94
2026-08-18,Pozdní Zprávy,context,Desktop,Windows,Neznámý,40 - 59,Pardubický kraj,646,1,0,0.0,10.83
2026-08-18,Pozdní Zprávy,context,Desktop,Windows,Neznámý,40 - 59,Kraj Vysočina,234,0,0,0.0,3.92
2026-08-18,Pozdní Zprávy,context,Desktop,Windows,Neznámý,40 - 59,Jihomoravský kraj,202,0,0,0.0,3.39
2026-08-18,Pozdní Zprávy,context,Desktop,Windows,Neznámý,40 - 59,Olomoucký kraj,487,0,0,0.0,8.17
2026-08-18,Pozdní Zprávy,context,Desktop,Windows,Neznámý,40 - 59,Zlínský kraj,1664,3,0,0.0,27.9
2026-08-18,Pozdní Zprávy,context,Desktop,Windows,Neznámý,40 - 59,Moravskoslezský kraj,257,1,0,0.0,4.31
2026-08-18,Pozdní Zprávy,context,SmartWatch,Android,Neznámý,Neznámý,Hlavní město Praha,1,0,0,0.0,0.0
2026-08-18,Pozdní Zprávy,context,SmartWatch,Android,Neznámý,Neznámý,Středočeský kraj,1,0,0,0.0,0.0
2026-08-18,Pozdní Zprávy,context,SmartWatch,Android,Neznámý,Neznámý,Jihočeský kraj,1,0,0,0.0,0.0
2026-08-18,Pozdní Zprávy,context,SmartWatch,Android,Neznámý,Neznámý,Plzeňský kraj,1,0,0,0.0,0.0
2026-08-18,Pozdní Zprávy,context,SmartWatch,Android,Neznámý,Neznámý,Karlovarský kraj,1,0,0,0.0,0.0
2026-08-18,Pozdní Zprávy,context,SmartWatch,Android,Neznámý,Neznámý,Ústecký kraj,1,0,0,0.0,0.0
2026-08-18,Pozdní Zprávy,context,SmartWatch,Android,Neznámý,Neznámý,Liberecký kraj,1,0,0,0.0,0.0
2026-08-18,Pozdní Zprávy,context,SmartWatch,Android,Neznámý,Neznámý,Královéhradecký kraj,1,0,0,0.0,0.0
2026-08-18,Pozdní Zprávy,context,SmartWatch,Android,Neznámý,Neznámý,Pardubický kraj,1,0,0,0.0,0.0
2026-08-18,Pozdní Zprávy,context,SmartWatch,Android,Neznámý,Neznámý,Kraj Vysočina,1,0,0,0.0,0.0
2026-08-18,Pozdní Zprávy,context,SmartWatch,Android,Neznámý,Neznámý,Jihomoravský kraj,1,0,0,0.0,0.0
2026-08-18,Pozdní Zprávy,context,SmartWatch,Android,Neznámý,Neznámý,Olomoucký kraj,1,0,0,0.0,0.0
2026-08-18,Pozdní Zprávy,context,SmartWatch,Android,Neznámý,Neznámý,Zlínský kraj,1,0,0,0.0,0.0
2026-08-18,Pozdní Zprávy,context,SmartWatch,Android,Neznámý,Neznámý,Moravskoslezský kraj,1,0,0,0.0,0.0
2026-08-18,Poštovna.cz,context,SmartPhone,Android,Neznámý,Neznámý,Hlavní město Praha,721,2,0,0.0,6.79
2026-08-18,Poštovna.cz,context,SmartPhone,Android,Neznámý,Neznámý,Středočeský kraj,560,1,0,0.0,5.27
2026-08-18,Poštovna.cz,context,SmartPhone,Android,Neznámý,Neznámý,Jihočeský kraj,754,2,0,0.0,7.1
2026-08-18,Poštovna.cz,context,SmartPhone,Android,Neznámý,Neznámý,Plzeňský kraj,1020,0,0,0.0,9.6
2026-08-18,Poštovna.cz,context,SmartPhone,Android,Neznámý,Neznámý,Karlovarský kraj,360,0,0,0.0,3.39
2026-08-18,Poštovna.cz,context,SmartPhone,Android,Neznámý,Neznámý,Ústecký kraj,823,2,0,0.0,7.75
2026-08-18,Poštovna.cz,context,SmartPhone,Android,Neznámý,Neznámý,Liberecký kraj,917,3,0,0.0,8.63
2026-08-18,Poštovna.cz,context,SmartPhone,Android,Neznámý,Neznámý,Královéhradecký kraj,714,0,0,0.0,6.72
2026-08-18,Poštovna.cz,context,SmartPhone,Android,Neznámý,Neznámý,Pardubický kraj,216,0,0,0.0,2.03
2026-08-18,Poštovna.cz,context,SmartPhone,Android,Neznámý,Neznámý,Kraj Vysočina,128,0,0,0.0,1.2
2026-08-18,Poštovna.cz,context,SmartPhone,Android,Neznámý,Neznámý,Jihomoravský kraj,680,1,0,0.0,6.4
2026-08-18,Poštovna.cz,context,SmartPhone,Android,Neznámý,Neznámý,Olomoucký kraj,828,2,0,0.0,7.79
2026-08-18,Poštovna.cz,context,SmartPhone,Android,Neznámý,Neznámý,Zlínský kraj,20,0,0,0.0,0.19
2026-08-18,Poštovna.cz,context,SmartPhone,Android,Neznámý,Neznámý,Moravskoslezský kraj,1403,2,0,0.0,13.21
2026-08-18,Poštovna.cz,context,MediaHub,Android,Žena,40 - 59,Hlavní město Praha,1,0,0,0.0,0.0
2026-08-18,Poštovna.cz,context,MediaHub,Android,Žena,40 - 59,Středočeský kraj,1,0,0,0.0,0.0
2026-08-18,Poštovna.cz,context,MediaHub,Android,Žena,40 - 59,Jihočeský kraj,1,0,0,0.0,0.0
2026-08-18,Poštovna.cz,context,MediaHub,Android,Žena,40 - 59,Plzeňský kraj,1,0,0,0.0,0.0
2026-08-18,Poštovna.cz,context,MediaHub,Android,Žena,40 - 59,Karlovarský kraj,1,0,0,0.0,0.0
2026-08-18,Poštovna.cz,context,MediaHub,Android,Žena,40 - 59,Ústecký kraj,1,0,0,0.0,0.0
2026-08-18,Poštovna.cz,context,MediaHub,Android,Žena,40 - 59,Liberecký kraj,1,0,0,0.0,0.0
2026-08-18,Poštovna.cz,context,MediaHub,Android,Žena,40 - 59,Královéhradecký kraj,1,0,0,0.0,0.0
2026-08-18,Poštovna.cz,context,MediaHub,Android,Žena,40 - 59,Pardubický kraj,1,0,0,0.0,0.0
2026-08-18,Poštovna.cz,context,MediaHub,Android,Žena,40 - 59,Kraj Vysočina,1,0,0,0.0,0.0
2026-08-18,Poštovna.cz,context,MediaHub,Android,Žena,40 - 59,Jihomoravský kraj,1,0,0,0.0,0.0
2026-08-18,Poštovna.cz,context,MediaHub,Android,Žena,40 - 59,Olomoucký kraj,1,0,0,0.0,0.0
2026-08-18,Poštovna.cz,context,MediaHub,Android,Žena,40 - 59,Zlínský kraj,1,0,0,0.0,0.0
2026-08-18,Poštovna.cz,context,MediaHub,Android,Žena,40 - 59,Moravskoslezský kraj,1,0,0,0.0,0.0
2026-08-19,Aktualitky.cz,context,SmallScreen,Android,Neznámý,Neznámý,Hlavní město Praha,1,0,0,0.0,0.0
2026-08-19,Aktualitky.cz,context,SmallScreen,Android,Neznámý,Neznámý,Středočeský kraj,1,0,0,0.0,0.0
2026-08-19,Aktualitky.cz,context,SmallScreen,Android,Neznámý,Neznámý,Jihočeský kraj,1,0,0,0.0,0.0
2026-08-19,Aktualitky.cz,context,SmallScreen,Android,Neznámý,Neznámý,Plzeňský kraj,2,0,0,0.0,0.0
2026-08-19,Aktualitky.cz,context,SmallScreen,Android,Neznámý,Neznámý,Karlovarský kraj,1,0,0,0.0,0.0
2026-08-19,Aktualitky.cz,context,SmallScreen,Android,Neznámý,Neznámý,Ústecký kraj,1,0,0,0.0,0.0
2026-08-19,Aktualitky.cz,context,SmallScreen,Android,Neznámý,Neznámý,Liberecký kraj,1,0,0,0.0,0.0
2026-08-19,Aktualitky.cz,context,SmallScreen,Android,Neznámý,Neznámý,Královéhradecký kraj,1,0,0,0.0,0.0
2026-08-19,Aktualitky.cz,context,SmallScreen,Android,Neznámý,Neznámý,Pardubický kraj,1,0,0,0.0,0.0
2026-08-19,Aktualitky.cz,context,SmallScreen,Android,Neznámý,Neznámý,Kraj Vysočina,1,0,0,0.0,0.0
2026-08-19,Aktualitky.cz,context,SmallScreen,Android,Neznámý,Neznámý,Jihomoravský kraj,1,0,0,0.0,0.0
2026-08-19,Aktualitky.cz,context,SmallScreen,Android,Neznámý,Neznámý,Olomoucký kraj,1,0,0,0.0,0.0
2026-08-19,Aktualitky.cz,context,SmallScreen,Android,Neznámý,Neznámý,Zlínský kraj,1,0,0,0.0,0.0
2026-08-19,Aktualitky.cz,context,SmallScreen,Android,Neznámý,Neznámý,Moravskoslezský kraj,1,0,0,0.0,0.0
2026-08-19,Aktualitky.cz,context,Desktop,,Žena,40 - 59,Hlavní město Praha,1258,5,0,0.0,60.43
2026-08-19,Aktualitky.cz,context,Desktop,,Žena,40 - 59,Středočeský kraj,1602,3,0,0.0,76.95
2026-08-19,Aktualitky.cz,context,Desktop,,Žena,40 - 59,Jihočeský kraj,1756,0,0,0.0,84.35
2026-08-19,Aktualitky.cz,context,Desktop,,Žena,40 - 59,Plzeňský kraj,1146,3,0,0.0,55.05
2026-08-19,Aktualitky.cz,context,Desktop,,Žena,40 - 59,Karlovarský kraj,3124,7,0,0.0,150.06
2026-08-19,Aktualitky.cz,context,Desktop,,Žena,40 - 59,Ústecký kraj,2524,6,0,0.0,121.24
2026-08-19,Aktualitky.cz,context,Desktop,,Žena,40 - 59,Liberecký kraj,1141,0,0,0.0,54.81
2026-08-19,Aktualitky.cz,context,Desktop,,Žena,40 - 59,Královéhradecký kraj,1706,4,1,0.0,81.95
2026-08-19,Aktualitky.cz,context,Desktop,,Žena,40 - 59,Pardubický kraj,374,1,0,0.0,17.96
2026-08-19,Aktualitky.cz,context,Desktop,,Žena,40 - 59,Kraj Vysočina,286,0,0,0.0,13.74
2026-08-19,Aktualitky.cz,context,Desktop,,Žena,40 - 59,Jihomoravský kraj,265,0,0,0.0,12.73
2026-08-19,Aktualitky.cz,context,Desktop,,Žena,40 - 59,Olomoucký kraj,3306,4,0,0.0,158.8
2026-08-19,Aktualitky.cz,context,Desktop,,Žena,40 - 59,Zlínský kraj,463,0,0,0.0,22.24
2026-08-19,Aktualitky.cz,context,Desktop,,Žena,40 - 59,Moravskoslezský kraj,2534,1,0,0.0,121.72
2026-08-19,Aktualitky.cz,context,SmartPhone,,Neznámý,40 - 59,Hlavní město Praha,1,0,0,0.0,0.0
2026-08-19,Aktualitky.cz,context,SmartPhone,,Neznámý,40 - 59,Středočeský kraj,1,0,0,0.0,0.0
2026-08-19,Aktualitky.cz,context,SmartPhone,,Neznámý,40 - 59,Jihočeský kraj,2,0,0,0.0,0.0
2026-08-19,Aktualitky.cz,context,SmartPhone,,Neznámý,40 - 59,Plzeňský kraj,12,0,0,0.0,0.01
2026-08-19,Aktualitky.cz,context,SmartPhone,,Neznámý,40 - 59,Karlovarský kraj,5,0,0,0.0,0.01
2026-08-19,Aktualitky.cz,context,SmartPhone,,Neznámý,40 - 59,Ústecký kraj,4,0,0,0.0,0.0
2026-08-19,Aktualitky.cz,context,SmartPhone,,Neznámý,40 - 59,Liberecký kraj,7,0,0,0.0,0.01
2026-08-19,Aktualitky.cz,context,SmartPhone,,Neznámý,40 - 59,Královéhradecký kraj,1,0,0,0.0,0.0
2026-08-19,Aktualitky.cz,context,SmartPhone,,Neznámý,40 - 59,Pardubický kraj,1,0,0,0.0,0.0
2026-08-19,Aktualitky.cz,context,SmartPhone,,Neznámý,40 - 59,Kraj Vysočina,1,0,0,0.0,0.0
2026-08-19,Aktualitky.cz,context,SmartPhone,,Neznámý,40 - 59,Jihomoravský kraj,6,0,0,0.0,0.01
2026-08-19,Aktualitky.cz,context,SmartPhone,,Neznámý,40 - 59,Olomoucký kraj,5,0,0,0.0,0.01
2026-08-19,Aktualitky.cz,context,SmartPhone,,Neznámý,40 - 59,Zlínský kraj,4,0,0,0.0,0.0
2026-08-19,Aktualitky.cz,context,SmartPhone,,Neznámý,40 - 59,Moravskoslezský kraj,5,0,0,0.0,0.01
2026-08-19,Aktualitky.cz,context,Tv,,Muž,18 - 24,Hlavní město Praha,1,0,0,0.0,0.0
2026-08-19,Aktualitky.cz,context,Tv,,Muž,18 - 24,Středočeský kraj,1,0,0,0.0,0.0
2026-08-19,Aktualitky.cz,context,Tv,,Muž,18 - 24,Jihočeský kraj,1,0,0,0.0,0.0
2026-08-19,Aktualitky.cz,context,Tv,,Muž,18 - 24,Plzeňský kraj,1,0,0,0.0,0.0
2026-08-19,Aktualitky.cz,context,Tv,,Muž,18 - 24,Karlovarský kraj,1,0,0,0.0,0.0
2026-08-19,Aktualitky.cz,context,Tv,,Muž,18 - 24,Ústecký kraj,1,0,0,0.0,0.0
2026-08-19,Aktualitky.cz,context,Tv,,Muž,18 - 24,Liberecký kraj,3,0,0,0.0,0.0
2026-08-19,Aktualitky.cz,context,Tv,,Muž,18 - 24,Královéhradecký kraj,4,0,0,0.0,0.0
2026-08-19,Aktualitky.cz,context,Tv,,Muž,18 - 24,Pardubický kraj,1,0,0,0.0,0.0
2026-08-19,Aktualitky.cz,context,Tv,,Muž,18 - 24,Kraj Vysočina,2,0,0,0.0,0.0
2026-08-19,Aktualitky.cz,context,Tv,,Muž,18 - 24,Jihomoravský kraj,6,0,0,0.0,0.0
2026-08-19,Aktualitky.cz,context,Tv,,Muž,18 - 24,Olomoucký kraj,1,0,0,0.0,0.0
2026-08-19,Aktualitky.cz,context,Tv,,Muž,18 - 24,Zlínský kraj,4,0,0,0.0,0.0
2026-08-19,Aktualitky.cz,context,Tv,,Muž,18 - 24,Moravskoslezský kraj,1,0,0,0.0,0.0
2026-08-19,Baráky.cz,context,Tablet,Android,Muž,Neznámý,Hlavní město Praha,22,0,0,0.0,0.0
2026-08-19,Baráky.cz,context,Tablet,Android,Muž,Neznámý,Středočeský kraj,64,0,0,0.0,0.0
2026-08-19,Baráky.cz,context,Tablet,Android,Muž,Neznámý,Jihočeský kraj,87,0,0,0.0,0.0
2026-08-19,Baráky.cz,context,Tablet,Android,Muž,Neznámý,Plzeňský kraj,349,0,0,0.0,0.01
2026-08-19,Baráky.cz,context,Tablet,Android,Muž,Neznámý,Karlovarský kraj,21,0,0,0.0,0.0
2026-08-19,Baráky.cz,context,Tablet,Android,Muž,Neznámý,Ústecký kraj,97,0,0,0.0,0.0
2026-08-19,Baráky.cz,context,Tablet,Android,Muž,Neznámý,Liberecký kraj,60,0,0,0.0,0.0
2026-08-19,Baráky.cz,context,Tablet,Android,Muž,Neznámý,Královéhradecký kraj,156,0,0,0.0,0.0
2026-08-19,Baráky.cz,context,Tablet,Android,Muž,Neznámý,Pardubický kraj,14,0,0,0.0,0.0
2026-08-19,Baráky.cz,context,Tablet,Android,Muž,Neznámý,Kraj Vysočina,15,0,0,0.0,0.0
2026-08-19,Baráky.cz,context,Tablet,Android,Muž,Neznámý,Jihomoravský kraj,27,0,0,0.0,0.0
2026-08-19,Baráky.cz,context,Tablet,Android,Muž,Neznámý,Olomoucký kraj,20,0,0,0.0,0.0
2026-08-19,Baráky.cz,context,Tablet,Android,Muž,Neznámý,Zlínský kraj,30,0,0,0.0,0.0
2026-08-19,Baráky.cz,context,Tablet,Android,Muž,Neznámý,Moravskoslezský kraj,17,0,0,0.0,0.0
2026-08-19,Drbárna.cz,context,Desktop,Windows,Muž,25 - 39,Hlavní město Praha,5992,4,0,0.0,65.68
2026-08-19,Drbárna.cz,context,Desktop,Windows,Muž,25 - 39,Středočeský kraj,2115,2,0,0.0,23.18
2026-08-19,Drbárna.cz,context,Desktop,Windows,Muž,25 - 39,Jihočeský kraj,14651,33,0,0.0,160.59
2026-08-19,Drbárna.cz,context,Desktop,Windows,Muž,25 - 39,Plzeňský kraj,8113,8,1,3.51,88.93
2026-08-19,Drbárna.cz,context,Desktop,Windows,Muž,25 - 39,Karlovarský kraj,3344,5,1,3.51,36.65
2026-08-19,Drbárna.cz,context,Desktop,Windows,Muž,25 - 39,Ústecký kraj,4789,3,0,0.0,52.49
2026-08-19,Drbárna.cz,context,Desktop,Windows,Muž,25 - 39,Liberecký kraj,49114,60,6,21.03,538.33
2026-08-19,Drbárna.cz,context,Desktop,Windows,Muž,25 - 39,Královéhradecký kraj,17539,20,2,7.01,192.24
2026-08-19,Drbárna.cz,context,Desktop,Windows,Muž,25 - 39,Pardubický kraj,14756,15,2,7.01,161.74
2026-08-19,Drbárna.cz,context,Desktop,Windows,Muž,25 - 39,Kraj Vysočina,3011,2,0,0.0,33.0
2026-08-19,Drbárna.cz,context,Desktop,Windows,Muž,25 - 39,Jihomoravský kraj,32425,45,3,10.52,355.41
2026-08-19,Drbárna.cz,context,Desktop,Windows,Muž,25 - 39,Olomoucký kraj,21871,36,1,3.51,239.73
2026-08-19,Drbárna.cz,context,Desktop,Windows,Muž,25 - 39,Zlínský kraj,9644,12,1,3.51,105.71
2026-08-19,Drbárna.cz,context,Desktop,Windows,Muž,25 - 39,Moravskoslezský kraj,8512,8,0,0.0,93.3
2026-08-19,Drbárna.cz,context,SmartPhone,iOS,Neznámý,Neznámý,Hlavní město Praha,564,1,0,0.0,4.02
2026-08-19,Drbárna.cz,context,SmartPhone,iOS,Neznámý,Neznámý,Středočeský kraj,10679,13,0,0.0,76.2
2026-08-19,Drbárna.cz,context,SmartPhone,iOS,Neznámý,Neznámý,Jihočeský kraj,18140,43,0,0.0,129.43
2026-08-19,Drbárna.cz,context,SmartPhone,iOS,Neznámý,Neznámý,Plzeňský kraj,570,1,0,0.0,4.07
2026-08-19,Drbárna.cz,context,SmartPhone,iOS,Neznámý,Neznámý,Karlovarský kraj,5296,2,0,0.0,37.79
2026-08-19,Drbárna.cz,context,SmartPhone,iOS,Neznámý,Neznámý,Ústecký kraj,3782,5,0,0.0,26.99
2026-08-19,Drbárna.cz,context,SmartPhone,iOS,Neznámý,Neznámý,Liberecký kraj,4982,9,0,0.0,35.55
2026-08-19,Drbárna.cz,context,SmartPhone,iOS,Neznámý,Neznámý,Královéhradecký kraj,3976,8,0,0.0,28.37
2026-08-19,Drbárna.cz,context,SmartPhone,iOS,Neznámý,Neznámý,Pardubický kraj,11099,20,0,0.0,79.19
2026-08-19,Drbárna.cz,context,SmartPhone,iOS,Neznámý,Neznámý,Kraj Vysočina,934,1,0,0.0,6.66
2026-08-19,Drbárna.cz,context,SmartPhone,iOS,Neznámý,Neznámý,Jihomoravský kraj,2862,3,0,0.0,20.42
2026-08-19,Drbárna.cz,context,SmartPhone,iOS,Neznámý,Neznámý,Olomoucký kraj,10400,18,0,0.0,74.21
2026-08-19,Drbárna.cz,context,SmartPhone,iOS,Neznámý,Neznámý,Zlínský kraj,1375,3,0,0.0,9.81
2026-08-19,Drbárna.cz,context,SmartPhone,iOS,Neznámý,Neznámý,Moravskoslezský kraj,2854,5,0,0.0,20.36
2026-08-19,Drbárna.cz,context,Desktop,macOS,Neznámý,25 - 39,Hlavní město Praha,1,0,0,0.0,0.01
2026-08-19,Drbárna.cz,context,Desktop,macOS,Neznámý,25 - 39,Středočeský kraj,2,0,0,0.0,0.01
2026-08-19,Drbárna.cz,context,Desktop,macOS,Neznámý,25 - 39,Jihočeský kraj,8,0,0,0.0,0.05
2026-08-19,Drbárna.cz,context,Desktop,macOS,Neznámý,25 - 39,Plzeňský kraj,2,0,0,0.0,0.01
2026-08-19,Drbárna.cz,context,Desktop,macOS,Neznámý,25 - 39,Karlovarský kraj,3,0,0,0.0,0.02
2026-08-19,Drbárna.cz,context,Desktop,macOS,Neznámý,25 - 39,Ústecký kraj,6,0,0,0.0,0.04
2026-08-19,Drbárna.cz,context,Desktop,macOS,Neznámý,25 - 39,Liberecký kraj,1,0,0,0.0,0.01
2026-08-19,Drbárna.cz,context,Desktop,macOS,Neznámý,25 - 39,Královéhradecký kraj,1,0,0,0.0,0.01
2026-08-19,Drbárna.cz,context,Desktop,macOS,Neznámý,25 - 39,Pardubický kraj,3,0,0,0.0,0.02
2026-08-19,Drbárna.cz,context,Desktop,macOS,Neznámý,25 - 39,Kraj Vysočina,2,0,0,0.0,0.01
2026-08-19,Drbárna.cz,context,Desktop,macOS,Neznámý,25 - 39,Jihomoravský kraj,3,0,0,0.0,0.02
2026-08-19,Drbárna.cz,context,Desktop,macOS,Neznámý,25 - 39,Olomoucký kraj,1,0,0,0.0,0.01
2026-08-19,Drbárna.cz,context,Desktop,macOS,Neznámý,25 - 39,Zlínský kraj,1,0,0,0.0,0.01
2026-08-19,Drbárna.cz,context,Desktop,macOS,Neznámý,25 - 39,Moravskoslezský kraj,1,0,0,0.0,0.01
2026-08-19,Kliknito.cz,context,,,Neznámý,Neznámý,Hlavní město Praha,2,0,0,0.0,0.0
2026-08-19,Kliknito.cz,context,,,Neznámý,Neznámý,Středočeský kraj,1,0,0,0.0,0.0
2026-08-19,Kliknito.cz,context,,,Neznámý,Neznámý,Jihočeský kraj,1,0,0,0.0,0.0
2026-08-19,Kliknito.cz,context,,,Neznámý,Neznámý,Plzeňský kraj,3,0,0,0.0,0.0
2026-08-19,Kliknito.cz,context,,,Neznámý,Neznámý,Karlovarský kraj,1,0,0,0.0,0.0
2026-08-19,Kliknito.cz,context,,,Neznámý,Neznámý,Ústecký kraj,2,0,0,0.0,0.0
2026-08-19,Kliknito.cz,context,,,Neznámý,Neznámý,Liberecký kraj,2,0,0,0.0,0.0
2026-08-19,Kliknito.cz,context,,,Neznámý,Neznámý,Královéhradecký kraj,2,0,0,0.0,0.0
2026-08-19,Kliknito.cz,context,,,Neznámý,Neznámý,Pardubický kraj,5,0,0,0.0,0.0
2026-08-19,Kliknito.cz,context,,,Neznámý,Neznámý,Kraj Vysočina,1,0,0,0.0,0.0
2026-08-19,Kliknito.cz,context,,,Neznámý,Neznámý,Jihomoravský kraj,3,0,0,0.0,0.0
2026-08-19,Kliknito.cz,context,,,Neznámý,Neznámý,Olomoucký kraj,1,0,0,0.0,0.0
2026-08-19,Kliknito.cz,context,,,Neznámý,Neznámý,Zlínský kraj,3,0,0,0.0,0.0
2026-08-19,Kliknito.cz,context,,,Neznámý,Neznámý,Moravskoslezský kraj,1,0,0,0.0,0.0
2026-08-19,Kliknito.cz,context,Desktop,macOS,Žena,40 - 59,Hlavní město Praha,9553,20,2,479.69,172.94
2026-08-19,Kliknito.cz,context,Desktop,macOS,Žena,40 - 59,Středočeský kraj,4710,15,0,0.0,85.26
2026-08-19,Kliknito.cz,context,Desktop,macOS,Žena,40 - 59,Jihočeský kraj,8910,28,2,479.69,161.3
2026-08-19,Kliknito.cz,context,Desktop,macOS,Žena,40 - 59,Plzeňský kraj,34071,79,4,959.37,616.78
2026-08-19,Kliknito.cz,context,Desktop,macOS,Žena,40 - 59,Karlovarský kraj,23359,58,2,479.69,422.86
2026-08-19,Kliknito.cz,context,Desktop,macOS,Žena,40 - 59,Ústecký kraj,9358,22,1,239.84,169.41
2026-08-19,Kliknito.cz,context,Desktop,macOS,Žena,40 - 59,Liberecký kraj,103475,267,11,2638.28,1873.19
2026-08-19,Kliknito.cz,context,Desktop,macOS,Žena,40 - 59,Královéhradecký kraj,2643,6,0,0.0,47.85
2026-08-19,Kliknito.cz,context,Desktop,macOS,Žena,40 - 59,Pardubický kraj,8110,20,2,479.69,146.81
2026-08-19,Kliknito.cz,context,Desktop,macOS,Žena,40 - 59,Kraj Vysočina,7783,23,3,719.53,140.89
2026-08-19,Kliknito.cz,context,Desktop,macOS,Žena,40 - 59,Jihomoravský kraj,12195,40,2,479.69,220.76
2026-08-19,Kliknito.cz,context,Desktop,macOS,Žena,40 - 59,Olomoucký kraj,6169,5,0,0.0,111.68
2026-08-19,Kliknito.cz,context,Desktop,macOS,Žena,40 - 59,Zlínský kraj,16450,48,2,479.69,297.79
2026-08-19,Kliknito.cz,context,Desktop,macOS,Žena,40 - 59,Moravskoslezský kraj,27257,65,3,719.53,493.43
2026-08-19,Kliknito.cz,context,Tv,Tizen,Žena,25 - 39,Hlavní město Praha,1,0,0,0.0,0.0
2026-08-19,Kliknito.cz,context,Tv,Tizen,Žena,25 - 39,Středočeský kraj,1,0,0,0.0,0.0
2026-08-19,Kliknito.cz,context,Tv,Tizen,Žena,25 - 39,Jihočeský kraj,1,0,0,0.0,0.0
2026-08-19,Kliknito.cz,context,Tv,Tizen,Žena,25 - 39,Plzeňský kraj,1,0,0,0.0,0.0
2026-08-19,Kliknito.cz,context,Tv,Tizen,Žena,25 - 39,Karlovarský kraj,1,0,0,0.0,0.0
2026-08-19,Kliknito.cz,context,Tv,Tizen,Žena,25 - 39,Ústecký kraj,1,0,0,0.0,0.0
2026-08-19,Kliknito.cz,context,Tv,Tizen,Žena,25 - 39,Liberecký kraj,1,0,0,0.0,0.0
2026-08-19,Kliknito.cz,context,Tv,Tizen,Žena,25 - 39,Královéhradecký kraj,1,0,0,0.0,0.0
2026-08-19,Kliknito.cz,context,Tv,Tizen,Žena,25 - 39,Pardubický kraj,1,0,0,0.0,0.0
2026-08-19,Kliknito.cz,context,Tv,Tizen,Žena,25 - 39,Kraj Vysočina,1,0,0,0.0,0.0
2026-08-19,Kliknito.cz,context,Tv,Tizen,Žena,25 - 39,Jihomoravský kraj,1,0,0,0.0,0.0
2026-08-19,Kliknito.cz,context,Tv,Tizen,Žena,25 - 39,Olomoucký kraj,1,0,0,0.0,0.0
2026-08-19,Kliknito.cz,context,Tv,Tizen,Žena,25 - 39,Zlínský kraj,1,0,0,0.0,0.0
2026-08-19,Kliknito.cz,context,Tv,Tizen,Žena,25 - 39,Moravskoslezský kraj,1,0,0,0.0,0.0
2026-08-19,Kliknito.cz,context,Console,Android,Žena,Neznámý,Hlavní město Praha,1,0,0,0.0,0.0
2026-08-19,Kliknito.cz,context,Console,Android,Žena,Neznámý,Středočeský kraj,1,0,0,0.0,0.0
2026-08-19,Kliknito.cz,context,Console,Android,Žena,Neznámý,Jihočeský kraj,1,0,0,0.0,0.0
2026-08-19,Kliknito.cz,context,Console,Android,Žena,Neznámý,Plzeňský kraj,1,0,0,0.0,0.0
2026-08-19,Kliknito.cz,context,Console,Android,Žena,Neznámý,Karlovarský kraj,1,0,0,0.0,0.0
2026-08-19,Kliknito.cz,context,Console,Android,Žena,Neznámý,Ústecký kraj,1,0,0,0.0,0.0
2026-08-19,Kliknito.cz,context,Console,Android,Žena,Neznámý,Liberecký kraj,1,0,0,0.0,0.0
2026-08-19,Kliknito.cz,context,Console,Android,Žena,Neznámý,Královéhradecký kraj,1,0,0,0.0,0.0
2026-08-19,Kliknito.cz,context,Console,Android,Žena,Neznámý,Pardubický kraj,1,0,0,0.0,0.0
2026-08-19,Kliknito.cz,context,Console,Android,Žena,Neznámý,Kraj Vysočina,1,0,0,0.0,0.0
2026-08-19,Kliknito.cz,context,Console,Android,Žena,Neznámý,Jihomoravský kraj,1,0,0,0.0,0.0
2026-08-19,Kliknito.cz,context,Console,Android,Žena,Neznámý,Olomoucký kraj,1,0,0,0.0,0.0
2026-08-19,Kliknito.cz,context,Console,Android,Žena,Neznámý,Zlínský kraj,1,0,0,0.0,0.0
2026-08-19,Kliknito.cz,context,Console,Android,Žena,Neznámý,Moravskoslezský kraj,1,0,0,0.0,0.0
2026-08-19,Kliknito.cz,context,MediaHub,,Muž,60+,Hlavní město Praha,1,0,0,0.0,0.0
2026-08-19,Kliknito.cz,context,MediaHub,,Muž,60+,Středočeský kraj,2,0,0,0.0,0.0
2026-08-19,Kliknito.cz,context,MediaHub,,Muž,60+,Jihočeský kraj,1,0,0,0.0,0.0
2026-08-19,Kliknito.cz,context,MediaHub,,Muž,60+,Plzeňský kraj,2,0,0,0.0,0.0
2026-08-19,Kliknito.cz,context,MediaHub,,Muž,60+,Karlovarský kraj,2,0,0,0.0,0.0
2026-08-19,Kliknito.cz,context,MediaHub,,Muž,60+,Ústecký kraj,4,0,0,0.0,0.0
2026-08-19,Kliknito.cz,context,MediaHub,,Muž,60+,Liberecký kraj,3,0,0,0.0,0.0
2026-08-19,Kliknito.cz,context,MediaHub,,Muž,60+,Královéhradecký kraj,1,0,0,0.0,0.0
2026-08-19,Kliknito.cz,context,MediaHub,,Muž,60+,Pardubický kraj,6,0,0,0.0,0.0
2026-08-19,Kliknito.cz,context,MediaHub,,Muž,60+,Kraj Vysočina,3,0,0,0.0,0.0
2026-08-19,Kliknito.cz,context,MediaHub,,Muž,60+,Jihomoravský kraj,2,0,0,0.0,0.0
2026-08-19,Kliknito.cz,context,MediaHub,,Muž,60+,Olomoucký kraj,1,0,0,0.0,0.0
2026-08-19,Kliknito.cz,context,MediaHub,,Muž,60+,Zlínský kraj,5,0,0,0.0,0.0
2026-08-19,Kliknito.cz,context,MediaHub,,Muž,60+,Moravskoslezský kraj,3,0,0,0.0,0.0
2026-08-19,Kliknito.cz,context,Desktop,ChromeOS,Žena,25 - 39,Hlavní město Praha,25,0,0,0.0,0.21
2026-08-19,Kliknito.cz,context,Desktop,ChromeOS,Žena,25 - 39,Středočeský kraj,30,0,0,0.0,0.25
2026-08-19,Kliknito.cz,context,Desktop,ChromeOS,Žena,25 - 39,Jihočeský kraj,26,0,0,0.0,0.21
2026-08-19,Kliknito.cz,context,Desktop,ChromeOS,Žena,25 - 39,Plzeňský kraj,135,0,0,0.0,1.12
2026-08-19,Kliknito.cz,context,Desktop,ChromeOS,Žena,25 - 39,Karlovarský kraj,81,0,0,0.0,0.67
2026-08-19,Kliknito.cz,context,Desktop,ChromeOS,Žena,25 - 39,Ústecký kraj,2,0,0,0.0,0.02
2026-08-19,Kliknito.cz,context,Desktop,ChromeOS,Žena,25 - 39,Liberecký kraj,47,0,0,0.0,0.39
2026-08-19,Kliknito.cz,context,Desktop,ChromeOS,Žena,25 - 39,Královéhradecký kraj,11,0,0,0.0,0.09
2026-08-19,Kliknito.cz,context,Desktop,ChromeOS,Žena,25 - 39,Pardubický kraj,193,2,0,0.0,1.59
2026-08-19,Kliknito.cz,context,Desktop,ChromeOS,Žena,25 - 39,Kraj Vysočina,21,0,0,0.0,0.17
2026-08-19,Kliknito.cz,context,Desktop,ChromeOS,Žena,25 - 39,Jihomoravský kraj,63,0,0,0.0,0.52
2026-08-19,Kliknito.cz,context,Desktop,ChromeOS,Žena,25 - 39,Olomoucký kraj,29,0,0,0.0,0.24
2026-08-19,Kliknito.cz,context,Desktop,ChromeOS,Žena,25 - 39,Zlínský kraj,139,0,0,0.0,1.15
2026-08-19,Kliknito.cz,context,Desktop,ChromeOS,Žena,25 - 39,Moravskoslezský kraj,4,0,0,0.0,0.03
2026-08-19,Kopačka.cz,context,SmartPhone,Android,Neznámý,Neznámý,Hlavní město Praha,6304,11,0,0.0,48.48
2026-08-19,Kopačka.cz,context,SmartPhone,Android,Neznámý,Neznámý,Středočeský kraj,385,2,0,0.0,2.96
2026-08-19,Kopačka.cz,context,SmartPhone,Android,Neznámý,Neznámý,Jihočeský kraj,446,1,0,0.0,3.43
2026-08-19,Kopačka.cz,context,SmartPhone,Android,Neznámý,Neznámý,Plzeňský kraj,18,0,0,0.0,0.14
2026-08-19,Kopačka.cz,context,SmartPhone,Android,Neznámý,Neznámý,Karlovarský kraj,6037,9,0,0.0,46.43
2026-08-19,Kopačka.cz,context,SmartPhone,Android,Neznámý,Neznámý,Ústecký kraj,1423,5,0,0.0,10.94
2026-08-19,Kopačka.cz,context,SmartPhone,Android,Neznámý,Neznámý,Liberecký kraj,1869,4,0,0.0,14.37
2026-08-19,Kopačka.cz,context,SmartPhone,Android,Neznámý,Neznámý,Královéhradecký kraj,10030,22,0,0.0,77.14
2026-08-19,Kopačka.cz,context,SmartPhone,Android,Neznámý,Neznámý,Pardubický kraj,10335,28,0,0.0,79.48
2026-08-19,Kopačka.cz,context,SmartPhone,Android,Neznámý,Neznámý,Kraj Vysočina,1876,5,0,0.0,14.43
2026-08-19,Kopačka.cz,context,SmartPhone,Android,Neznámý,Neznámý,Jihomoravský kraj,3763,14,0,0.0,28.94
2026-08-19,Kopačka.cz,context,SmartPhone,Android,Neznámý,Neznámý,Olomoucký kraj,1492,6,0,0.0,11.47
2026-08-19,Kopačka.cz,context,SmartPhone,Android,Neznámý,Neznámý,Zlínský kraj,2361,5,0,0.0,18.16
2026-08-19,Kopačka.cz,context,SmartPhone,Android,Neznámý,Neznámý,Moravskoslezský kraj,12470,26,0,0.0,95.9
2026-08-19,Kopačka.cz,context,MediaHub,Android,Neznámý,Neznámý,Hlavní město Praha,4,0,0,0.0,0.54
2026-08-19,Kopačka.cz,context,MediaHub,Android,Neznámý,Neznámý,Středočeský kraj,1,0,0,0.0,0.14
2026-08-19,Kopačka.cz,context,MediaHub,Android,Neznámý,Neznámý,Jihočeský kraj,5,0,0,0.0,0.68
2026-08-19,Kopačka.cz,context,MediaHub,Android,Neznámý,Neznámý,Plzeňský kraj,1,0,0,0.0,0.14
2026-08-19,Kopačka.cz,context,MediaHub,Android,Neznámý,Neznámý,Karlovarský kraj,1,0,0,0.0,0.14
2026-08-19,Kopačka.cz,context,MediaHub,Android,Neznámý,Neznámý,Ústecký kraj,1,0,0,0.0,0.14
2026-08-19,Kopačka.cz,context,MediaHub,Android,Neznámý,Neznámý,Liberecký kraj,1,0,0,0.0,0.14
2026-08-19,Kopačka.cz,context,MediaHub,Android,Neznámý,Neznámý,Královéhradecký kraj,2,1,0,0.0,0.27
2026-08-19,Kopačka.cz,context,MediaHub,Android,Neznámý,Neznámý,Pardubický kraj,1,0,0,0.0,0.14
2026-08-19,Kopačka.cz,context,MediaHub,Android,Neznámý,Neznámý,Kraj Vysočina,3,0,0,0.0,0.41
2026-08-19,Kopačka.cz,context,MediaHub,Android,Neznámý,Neznámý,Jihomoravský kraj,1,0,0,0.0,0.14
2026-08-19,Kopačka.cz,context,MediaHub,Android,Neznámý,Neznámý,Olomoucký kraj,1,0,0,0.0,0.14
2026-08-19,Kopačka.cz,context,MediaHub,Android,Neznámý,Neznámý,Zlínský kraj,4,0,0,0.0,0.54
2026-08-19,Kopačka.cz,context,MediaHub,Android,Neznámý,Neznámý,Moravskoslezský kraj,1,0,0,0.0,0.14
2026-08-19,Kopačka.cz,context,Desktop,Windows,Neznámý,60+,Hlavní město Praha,10,0,0,0.0,0.05
2026-08-19,Kopačka.cz,context,Desktop,Windows,Neznámý,60+,Středočeský kraj,18,0,0,0.0,0.08
2026-08-19,Kopačka.cz,context,Desktop,Windows,Neznámý,60+,Jihočeský kraj,4,0,0,0.0,0.02
2026-08-19,Kopačka.cz,context,Desktop,Windows,Neznámý,60+,Plzeňský kraj,15,0,0,0.0,0.07
2026-08-19,Kopačka.cz,context,Desktop,Windows,Neznámý,60+,Karlovarský kraj,22,0,0,0.0,0.1
2026-08-19,Kopačka.cz,context,Desktop,Windows,Neznámý,60+,Ústecký kraj,19,0,0,0.0,0.09
2026-08-19,Kopačka.cz,context,Desktop,Windows,Neznámý,60+,Liberecký kraj,25,0,0,0.0,0.12
2026-08-19,Kopačka.cz,context,Desktop,Windows,Neznámý,60+,Královéhradecký kraj,13,0,0,0.0,0.06
2026-08-19,Kopačka.cz,context,Desktop,Windows,Neznámý,60+,Pardubický kraj,11,0,0,0.0,0.05
2026-08-19,Kopačka.cz,context,Desktop,Windows,Neznámý,60+,Kraj Vysočina,21,0,0,0.0,0.1
2026-08-19,Kopačka.cz,context,Desktop,Windows,Neznámý,60+,Jihomoravský kraj,6,0,0,0.0,0.03
2026-08-19,Kopačka.cz,context,Desktop,Windows,Neznámý,60+,Olomoucký kraj,1,0,0,0.0,0.0
2026-08-19,Kopačka.cz,context,Desktop,Windows,Neznámý,60+,Zlínský kraj,12,0,0,0.0,0.06
2026-08-19,Kopačka.cz,context,Desktop,Windows,Neznámý,60+,Moravskoslezský kraj,37,0,0,0.0,0.17
2026-08-19,Kopačka.cz,context,SmartPhone,,Žena,60+,Hlavní město Praha,600,2,0,0.0,9.13
2026-08-19,Kopačka.cz,context,SmartPhone,,Žena,60+,Středočeský kraj,599,2,0,0.0,9.12
2026-08-19,Kopačka.cz,context,SmartPhone,,Žena,60+,Jihočeský kraj,47,0,0,0.0,0.72
2026-08-19,Kopačka.cz,context,SmartPhone,,Žena,60+,Plzeňský kraj,678,5,0,0.0,10.32
2026-08-19,Kopačka.cz,context,SmartPhone,,Žena,60+,Karlovarský kraj,231,0,0,0.0,3.52
2026-08-19,Kopačka.cz,context,SmartPhone,,Žena,60+,Ústecký kraj,165,0,0,0.0,2.51
2026-08-19,Kopačka.cz,context,SmartPhone,,Žena,60+,Liberecký kraj,115,2,0,0.0,1.75
2026-08-19,Kopačka.cz,context,SmartPhone,,Žena,60+,Královéhradecký kraj,559,0,0,0.0,8.51
2026-08-19,Kopačka.cz,context,SmartPhone,,Žena,60+,Pardubický kraj,1240,4,0,0.0,18.87
2026-08-19,Kopačka.cz,context,SmartPhone,,Žena,60+,Kraj Vysočina,1057,4,0,0.0,16.08
2026-08-19,Kopačka.cz,context,SmartPhone,,Žena,60+,Jihomoravský kraj,742,4,0,0.0,11.29
2026-08-19,Kopačka.cz,context,SmartPhone,,Žena,60+,Olomoucký kraj,79,0,0,0.0,1.2
2026-08-19,Kopačka.cz,context,SmartPhone,,Žena,60+,Zlínský kraj,95,0,0,0.0,1.45
2026-08-19,Kopačka.cz,context,SmartPhone,,Žena,60+,Moravskoslezský kraj,150,0,0,0.0,2.28
2026-08-19,Kámoši.net,context,Tablet,Android,Neznámý,Neznámý,Hlavní město Praha,1,0,0,0.0,0.0
2026-08-19,Kámoši.net,context,Tablet,Android,Neznámý,Neznámý,Středočeský kraj,44,0,0,0.0,0.0
2026-08-19,Kámoši.net,context,Tablet,Android,Neznámý,Neznámý,Jihočeský kraj,19,0,0,0.0,0.0
2026-08-19,Kámoši.net,context,Tablet,Android,Neznámý,Neznámý,Plzeňský kraj,31,0,0,0.0,0.0
2026-08-19,Kámoši.net,context,Tablet,Android,Neznámý,Neznámý,Karlovarský kraj,13,0,0,0.0,0.0
2026-08-19,Kámoši.net,context,Tablet,Android,Neznámý,Neznámý,Ústecký kraj,35,0,0,0.0,0.0
2026-08-19,Kámoši.net,context,Tablet,Android,Neznámý,Neznámý,Liberecký kraj,30,0,0,0.0,0.0
2026-08-19,Kámoši.net,context,Tablet,Android,Neznámý,Neznámý,Královéhradecký kraj,4,0,0,0.0,0.0
2026-08-19,Kámoši.net,context,Tablet,Android,Neznámý,Neznámý,Pardubický kraj,4,0,0,0.0,0.0
2026-08-19,Kámoši.net,context,Tablet,Android,Neznámý,Neznámý,Kraj Vysočina,1,0,0,0.0,0.0
2026-08-19,Kámoši.net,context,Tablet,Android,Neznámý,Neznámý,Jihomoravský kraj,29,0,0,0.0,0.0
2026-08-19,Kámoši.net,context,Tablet,Android,Neznámý,Neznámý,Olomoucký kraj,51,0,0,0.0,0.0
2026-08-19,Kámoši.net,context,Tablet,Android,Neznámý,Neznámý,Zlínský kraj,23,0,0,0.0,0.0
2026-08-19,Kámoši.net,context,Tablet,Android,Neznámý,Neznámý,Moravskoslezský kraj,1,0,0,0.0,0.0
2026-08-19,Pozdní Zprávy,context,SmartPhone,iOS,Neznámý,25 - 39,Hlavní město Praha,82,0,0,0.0,0.16
2026-08-19,Pozdní Zprávy,context,SmartPhone,iOS,Neznámý,25 - 39,Středočeský kraj,8,0,0,0.0,0.02
2026-08-19,Pozdní Zprávy,context,SmartPhone,iOS,Neznámý,25 - 39,Jihočeský kraj,33,0,0,0.0,0.06
2026-08-19,Pozdní Zprávy,context,SmartPhone,iOS,Neznámý,25 - 39,Plzeňský kraj,15,0,0,0.0,0.03
2026-08-19,Pozdní Zprávy,context,SmartPhone,iOS,Neznámý,25 - 39,Karlovarský kraj,44,0,0,0.0,0.08
2026-08-19,Pozdní Zprávy,context,SmartPhone,iOS,Neznámý,25 - 39,Ústecký kraj,331,0,0,0.0,0.63
2026-08-19,Pozdní Zprávy,context,SmartPhone,iOS,Neznámý,25 - 39,Liberecký kraj,7,0,0,0.0,0.01
2026-08-19,Pozdní Zprávy,context,SmartPhone,iOS,Neznámý,25 - 39,Královéhradecký kraj,13,0,0,0.0,0.02
2026-08-19,Pozdní Zprávy,context,SmartPhone,iOS,Neznámý,25 - 39,Pardubický kraj,51,0,0,0.0,0.1
2026-08-19,Pozdní Zprávy,context,SmartPhone,iOS,Neznámý,25 - 39,Kraj Vysočina,2,0,0,0.0,0.0
2026-08-19,Pozdní Zprávy,context,SmartPhone,iOS,Neznámý,25 - 39,Jihomoravský kraj,6,0,0,0.0,0.01
2026-08-19,Pozdní Zprávy,context,SmartPhone,iOS,Neznámý,25 - 39,Olomoucký kraj,34,0,0,0.0,0.07
2026-08-19,Pozdní Zprávy,context,SmartPhone,iOS,Neznámý,25 - 39,Zlínský kraj,13,0,0,0.0,0.02
2026-08-19,Pozdní Zprávy,context,SmartPhone,iOS,Neznámý,25 - 39,Moravskoslezský kraj,30,0,0,0.0,0.06
2026-08-19,Pozdní Zprávy,context,SmartPhone,Ubuntu,Neznámý,Neznámý,Hlavní město Praha,1,0,0,0.0,0.0
2026-08-19,Pozdní Zprávy,context,SmartPhone,Ubuntu,Neznámý,Neznámý,Středočeský kraj,1,0,0,0.0,0.0
2026-08-19,Pozdní Zprávy,context,SmartPhone,Ubuntu,Neznámý,Neznámý,Jihočeský kraj,1,0,0,0.0,0.0
2026-08-19,Pozdní Zprávy,context,SmartPhone,Ubuntu,Neznámý,Neznámý,Plzeňský kraj,1,0,0,0.0,0.0
2026-08-19,Pozdní Zprávy,context,SmartPhone,Ubuntu,Neznámý,Neznámý,Karlovarský kraj,1,0,0,0.0,0.0
2026-08-19,Pozdní Zprávy,context,SmartPhone,Ubuntu,Neznámý,Neznámý,Ústecký kraj,1,0,0,0.0,0.0
2026-08-19,Pozdní Zprávy,context,SmartPhone,Ubuntu,Neznámý,Neznámý,Liberecký kraj,1,0,0,0.0,0.0
2026-08-19,Pozdní Zprávy,context,SmartPhone,Ubuntu,Neznámý,Neznámý,Královéhradecký kraj,1,0,0,0.0,0.0
2026-08-19,Pozdní Zprávy,context,SmartPhone,Ubuntu,Neznámý,Neznámý,Pardubický kraj,1,0,0,0.0,0.0
2026-08-19,Pozdní Zprávy,context,SmartPhone,Ubuntu,Neznámý,Neznámý,Kraj Vysočina,1,0,0,0.0,0.0
2026-08-19,Pozdní Zprávy,context,SmartPhone,Ubuntu,Neznámý,Neznámý,Jihomoravský kraj,1,0,0,0.0,0.0
2026-08-19,Pozdní Zprávy,context,SmartPhone,Ubuntu,Neznámý,Neznámý,Olomoucký kraj,1,0,0,0.0,0.0
2026-08-19,Pozdní Zprávy,context,SmartPhone,Ubuntu,Neznámý,Neznámý,Zlínský kraj,1,0,0,0.0,0.0
2026-08-19,Pozdní Zprávy,context,SmartPhone,Ubuntu,Neznámý,Neznámý,Moravskoslezský kraj,1,0,0,0.0,0.0
2026-08-19,Pozdní Zprávy,context,Tablet,Android,Žena,40 - 59,Hlavní město Praha,1998,11,1,17.73,38.26
2026-08-19,Pozdní Zprávy,context,Tablet,Android,Žena,40 - 59,Středočeský kraj,2630,6,0,0.0,50.36
2026-08-19,Pozdní Zprávy,context,Tablet,Android,Žena,40 - 59,Jihočeský kraj,5403,17,1,17.73,103.47
2026-08-19,Pozdní Zprávy,context,Tablet,Android,Žena,40 - 59,Plzeňský kraj,1497,6,1,17.73,28.67
2026-08-19,Pozdní Zprávy,context,Tablet,Android,Žena,40 - 59,Karlovarský kraj,2107,9,2,35.46,40.35
2026-08-19,Pozdní Zprávy,context,Tablet,Android,Žena,40 - 59,Ústecký kraj,85,1,0,0.0,1.63
2026-08-19,Pozdní Zprávy,context,Tablet,Android,Žena,40 - 59,Liberecký kraj,862,1,0,0.0,16.51
2026-08-19,Pozdní Zprávy,context,Tablet,Android,Žena,40 - 59,Královéhradecký kraj,972,5,1,17.73,18.61
2026-08-19,Pozdní Zprávy,context,Tablet,Android,Žena,40 - 59,Pardubický kraj,3526,18,3,53.19,67.52
2026-08-19,Pozdní Zprávy,context,Tablet,Android,Žena,40 - 59,Kraj Vysočina,2777,10,1,17.73,53.18
2026-08-19,Pozdní Zprávy,context,Tablet,Android,Žena,40 - 59,Jihomoravský kraj,526,0,0,0.0,10.07
2026-08-19,Pozdní Zprávy,context,Tablet,Android,Žena,40 - 59,Olomoucký kraj,3875,16,5,88.64,74.21
2026-08-19,Pozdní Zprávy,context,Tablet,Android,Žena,40 - 59,Zlínský kraj,937,4,0,0.0,17.94
2026-08-19,Pozdní Zprávy,context,Tablet,Android,Žena,40 - 59,Moravskoslezský kraj,2961,13,4,70.91,56.7
2026-08-19,Poštovna.cz,context,SmartPhone,iOS,Žena,25 - 39,Hlavní město Praha,11861,46,1,537.84,187.46
2026-08-19,Poštovna.cz,context,SmartPhone,iOS,Žena,25 - 39,Středočeský kraj,19779,86,1,537.84,312.6
2026-08-19,Poštovna.cz,context,SmartPhone,iOS,Žena,25 - 39,Jihočeský kraj,6947,33,0,0.0,109.79
2026-08-19,Poštovna.cz,context,SmartPhone,iOS,Žena,25 - 39,Plzeňský kraj,24058,110,3,1613.51,380.22
2026-08-19,Poštovna.cz,context,SmartPhone,iOS,Žena,25 - 39,Karlovarský kraj,3993,15,1,537.84,63.11
2026-08-19,Poštovna.cz,context,SmartPhone,iOS,Žena,25 - 39,Ústecký kraj,335,1,0,0.0,5.29
2026-08-19,Poštovna.cz,context,SmartPhone,iOS,Žena,25 - 39,Liberecký kraj,6973,32,1,537.84,110.2
2026-08-19,Poštovna.cz,context,SmartPhone,iOS,Žena,25 - 39,Královéhradecký kraj,6422,16,0,0.0,101.5
2026-08-19,Poštovna.cz,context,SmartPhone,iOS,Žena,25 - 39,Pardubický kraj,1613,7,0,0.0,25.49
2026-08-19,Poštovna.cz,context,SmartPhone,iOS,Žena,25 - 39,Kraj Vysočina,1864,6,0,0.0,29.46
2026-08-19,Poštovna.cz,context,SmartPhone,iOS,Žena,25 - 39,Jihomoravský kraj,641,3,0,0.0,10.13
2026-08-19,Poštovna.cz,context,SmartPhone,iOS,Žena,25 - 39,Olomoucký kraj,6914,26,0,0.0,109.27
2026-08-19,Poštovna.cz,context,SmartPhone,iOS,Žena,25 - 39,Zlínský kraj,806,7,0,0.0,12.74
2026-08-19,Poštovna.cz,context,SmartPhone,iOS,Žena,25 - 39,Moravskoslezský kraj,3315,9,1,537.84,52.39
2026-08-19,Poštovna.cz,context,Tablet,Android,Neznámý,60+,Hlavní město Praha,1,0,0,0.0,0.0
2026-08-19,Poštovna.cz,context,Tablet,Android,Neznámý,60+,Středočeský kraj,1,0,0,0.0,0.0
2026-08-19,Poštovna.cz,context,Tablet,Android,Neznámý,60+,Jihočeský kraj,1,0,0,0.0,0.0
2026-08-19,Poštovna.cz,context,Tablet,Android,Neznámý,60+,Plzeňský kraj,1,0,0,0.0,0.0
2026-08-19,Poštovna.cz,context,Tablet,Android,Neznámý,60+,Karlovarský kraj,1,0,0,0.0,0.0
2026-08-19,Poštovna.cz,context,Tablet,Android,Neznámý,60+,Ústecký kraj,1,0,0,0.0,0.0
2026-08-19,Poštovna.cz,context,Tablet,Android,Neznámý,60+,Liberecký kraj,1,0,0,0.0,0.0
2026-08-19,Poštovna.cz,context,Tablet,Android,Neznámý,60+,Královéhradecký kraj,1,0,0,0.0,0.0
2026-08-19,Poštovna.cz,context,Tablet,Android,Neznámý,60+,Pardubický kraj,1,0,0,0.0,0.0
2026-08-19,Poštovna.cz,context,Tablet,Android,Neznámý,60+,Kraj Vysočina,1,0,0,0.0,0.0
2026-08-19,Poštovna.cz,context,Tablet,Android,Neznámý,60+,Jihomoravský kraj,1,0,0,0.0,0.0
2026-08-19,Poštovna.cz,context,Tablet,Android,Neznámý,60+,Olomoucký kraj,1,0,0,0.0,0.0
2026-08-19,Poštovna.cz,context,Tablet,Android,Neznámý,60+,Zlínský kraj,1,0,0,0.0,0.0
2026-08-19,Poštovna.cz,context,Tablet,Android,Neznámý,60+,Moravskoslezský kraj,1,0,0,0.0,0.0
2026-08-19,ProTety.cz,context,Tv,Tizen,Muž,Neznámý,Hlavní město Praha,1,0,0,0.0,0.0
2026-08-19,ProTety.cz,context,Tv,Tizen,Muž,Neznámý,Středočeský kraj,1,0,0,0.0,0.0
2026-08-19,ProTety.cz,context,Tv,Tizen,Muž,Neznámý,Jihočeský kraj,1,0,0,0.0,0.0
2026-08-19,ProTety.cz,context,Tv,Tizen,Muž,Neznámý,Plzeňský kraj,1,0,0,0.0,0.0
2026-08-19,ProTety.cz,context,Tv,Tizen,Muž,Neznámý,Karlovarský kraj,1,0,0,0.0,0.0
2026-08-19,ProTety.cz,context,Tv,Tizen,Muž,Neznámý,Ústecký kraj,1,0,0,0.0,0.0
2026-08-19,ProTety.cz,context,Tv,Tizen,Muž,Neznámý,Liberecký kraj,1,0,0,0.0,0.0
2026-08-19,ProTety.cz,context,Tv,Tizen,Muž,Neznámý,Královéhradecký kraj,1,0,0,0.0,0.0
2026-08-19,ProTety.cz,context,Tv,Tizen,Muž,Neznámý,Pardubický kraj,1,0,0,0.0,0.0
2026-08-19,ProTety.cz,context,Tv,Tizen,Muž,Neznámý,Kraj Vysočina,1,0,0,0.0,0.0
2026-08-19,ProTety.cz,context,Tv,Tizen,Muž,Neznámý,Jihomoravský kraj,1,0,0,0.0,0.0
2026-08-19,ProTety.cz,context,Tv,Tizen,Muž,Neznámý,Olomoucký kraj,1,0,0,0.0,0.0
2026-08-19,ProTety.cz,context,Tv,Tizen,Muž,Neznámý,Zlínský kraj,1,0,0,0.0,0.0
2026-08-19,ProTety.cz,context,Tv,Tizen,Muž,Neznámý,Moravskoslezský kraj,1,0,0,0.0,0.0
2026-08-20,Aktualitky.cz,context,SmartPhone,,Žena,60+,Hlavní město Praha,47,2,0,0.0,1.19
2026-08-20,Aktualitky.cz,context,SmartPhone,,Žena,60+,Středočeský kraj,1207,2,0,0.0,30.59
2026-08-20,Aktualitky.cz,context,SmartPhone,,Žena,60+,Jihočeský kraj,1651,11,0,0.0,41.84
2026-08-20,Aktualitky.cz,context,SmartPhone,,Žena,60+,Plzeňský kraj,2181,13,1,509.93,55.27
2026-08-20,Aktualitky.cz,context,SmartPhone,,Žena,60+,Karlovarský kraj,3,0,0,0.0,0.08
2026-08-20,Aktualitky.cz,context,SmartPhone,,Žena,60+,Ústecký kraj,92,0,0,0.0,2.33
2026-08-20,Aktualitky.cz,context,SmartPhone,,Žena,60+,Liberecký kraj,12,0,0,0.0,0.3
2026-08-20,Aktualitky.cz,context,SmartPhone,,Žena,60+,Královéhradecký kraj,3229,12,0,0.0,81.82
2026-08-20,Aktualitky.cz,context,SmartPhone,,Žena,60+,Pardubický kraj,959,5,0,0.0,24.3
2026-08-20,Aktualitky.cz,context,SmartPhone,,Žena,60+,Kraj Vysočina,1183,3,0,0.0,29.98
2026-08-20,Aktualitky.cz,context,SmartPhone,,Žena,60+,Jihomoravský kraj,1927,6,0,0.0,48.83
2026-08-20,Aktualitky.cz,context,SmartPhone,,Žena,60+,Olomoucký kraj,3106,10,0,0.0,78.71
2026-08-20,Aktualitky.cz,context,SmartPhone,,Žena,60+,Zlínský kraj,1354,6,0,0.0,34.31
2026-08-20,Aktualitky.cz,context,SmartPhone,,Žena,60+,Moravskoslezský kraj,426,1,0,0.0,10.8
2026-08-20,Baráky.cz,context,Desktop,macOS,Muž,25 - 39,Hlavní město Praha,2092,3,0,0.0,20.62
2026-08-20,Baráky.cz,context,Desktop,macOS,Muž,25 - 39,Středočeský kraj,26,0,0,0.0,0.26
2026-08-20,Baráky.cz,context,Desktop,macOS,Muž,25 - 39,Jihočeský kraj,4670,3,0,0.0,46.04
2026-08-20,Baráky.cz,context,Desktop,macOS,Muž,25 - 39,Plzeňský kraj,5464,3,0,0.0,53.86
2026-08-20,Baráky.cz,context,Desktop,macOS,Muž,25 - 39,Karlovarský kraj,3731,1,1,0.64,36.78
2026-08-20,Baráky.cz,context,Desktop,macOS,Muž,25 - 39,Ústecký kraj,6030,14,1,0.64,59.44
2026-08-20,Baráky.cz,context,Desktop,macOS,Muž,25 - 39,Liberecký kraj,1989,1,0,0.0,19.61
2026-08-20,Baráky.cz,context,Desktop,macOS,Muž,25 - 39,Královéhradecký kraj,530,0,0,0.0,5.22
2026-08-20,Baráky.cz,context,Desktop,macOS,Muž,25 - 39,Pardubický kraj,1868,4,0,0.0,18.41
2026-08-20,Baráky.cz,context,Desktop,macOS,Muž,25 - 39,Kraj Vysočina,2266,0,0,0.0,22.34
2026-08-20,Baráky.cz,context,Desktop,macOS,Muž,25 - 39,Jihomoravský kraj,1770,3,0,0.0,17.45
2026-08-20,Baráky.cz,context,Desktop,macOS,Muž,25 - 39,Olomoucký kraj,4259,3,0,0.0,41.98
2026-08-20,Baráky.cz,context,Desktop,macOS,Muž,25 - 39,Zlínský kraj,12079,13,1,0.64,119.07
2026-08-20,Baráky.cz,context,Desktop,macOS,Muž,25 - 39,Moravskoslezský kraj,1714,1,0,0.0,16.9
2026-08-20,Baráky.cz,context,Tablet,,Neznámý,Neznámý,Hlavní město Praha,1,0,0,0.0,0.0
2026-08-20,Baráky.cz,context,Tablet,,Neznámý,Neznámý,Středočeský kraj,2,0,0,0.0,0.0
2026-08-20,Baráky.cz,context,Tablet,,Neznámý,Neznámý,Jihočeský kraj,2,0,0,0.0,0.0
2026-08-20,Baráky.cz,context,Tablet,,Neznámý,Neznámý,Plzeňský kraj,11,0,0,0.0,0.0
2026-08-20,Baráky.cz,context,Tablet,,Neznámý,Neznámý,Karlovarský kraj,9,0,0,0.0,0.0
2026-08-20,Baráky.cz,context,Tablet,,Neznámý,Neznámý,Ústecký kraj,3,0,0,0.0,0.0
2026-08-20,Baráky.cz,context,Tablet,,Neznámý,Neznámý,Liberecký kraj,4,0,0,0.0,0.0
2026-08-20,Baráky.cz,context,Tablet,,Neznámý,Neznámý,Královéhradecký kraj,12,0,0,0.0,0.0
2026-08-20,Baráky.cz,context,Tablet,,Neznámý,Neznámý,Pardubický kraj,15,0,0,0.0,0.0
2026-08-20,Baráky.cz,context,Tablet,,Neznámý,Neznámý,Kraj Vysočina,12,0,0,0.0,0.0
2026-08-20,Baráky.cz,context,Tablet,,Neznámý,Neznámý,Jihomoravský kraj,2,0,0,0.0,0.0
2026-08-20,Baráky.cz,context,Tablet,,Neznámý,Neznámý,Olomoucký kraj,7,0,0,0.0,0.0
2026-08-20,Baráky.cz,context,Tablet,,Neznámý,Neznámý,Zlínský kraj,6,0,0,0.0,0.0
2026-08-20,Baráky.cz,context,Tablet,,Neznámý,Neznámý,Moravskoslezský kraj,30,0,0,0.0,0.0
2026-08-20,Baráky.cz,context,SmartPhone,iOS,Neznámý,25 - 39,Hlavní město Praha,18,0,0,0.0,2.62
2026-08-20,Baráky.cz,context,SmartPhone,iOS,Neznámý,25 - 39,Středočeský kraj,8,0,0,0.0,1.16
2026-08-20,Baráky.cz,context,SmartPhone,iOS,Neznámý,25 - 39,Jihočeský kraj,25,1,0,0.0,3.64
2026-08-20,Baráky.cz,context,SmartPhone,iOS,Neznámý,25 - 39,Plzeňský kraj,14,1,0,0.0,2.04
2026-08-20,Baráky.cz,context,SmartPhone,iOS,Neznámý,25 - 39,Karlovarský kraj,32,1,0,0.0,4.66
2026-08-20,Baráky.cz,context,SmartPhone,iOS,Neznámý,25 - 39,Ústecký kraj,2,0,0,0.0,0.29
2026-08-20,Baráky.cz,context,SmartPhone,iOS,Neznámý,25 - 39,Liberecký kraj,13,1,0,0.0,1.89
2026-08-20,Baráky.cz,context,SmartPhone,iOS,Neznámý,25 - 39,Královéhradecký kraj,15,1,0,0.0,2.18
2026-08-20,Baráky.cz,context,SmartPhone,iOS,Neznámý,25 - 39,Pardubický kraj,1,0,0,0.0,0.15
2026-08-20,Baráky.cz,context,SmartPhone,iOS,Neznámý,25 - 39,Kraj Vysočina,6,1,0,0.0,0.87
2026-08-20,Baráky.cz,context,SmartPhone,iOS,Neznámý,25 - 39,Jihomoravský kraj,1,0,0,0.0,0.15
2026-08-20,Baráky.cz,context,SmartPhone,iOS,Neznámý,25 - 39,Olomoucký kraj,6,0,0,0.0,0.87
2026-08-20,Baráky.cz,context,SmartPhone,iOS,Neznámý,25 - 39,Zlínský kraj,10,0,0,0.0,1.45
2026-08-20,Baráky.cz,context,SmartPhone,iOS,Neznámý,25 - 39,Moravskoslezský kraj,5,0,0,0.0,0.73
2026-08-20,Blogeria.cz,context,Desktop,ChromeOS,Muž,60+,Hlavní město Praha,265,0,0,0.0,2.99
2026-08-20,Blogeria.cz,context,Desktop,ChromeOS,Muž,60+,Středočeský kraj,307,0,0,0.0,3.47
2026-08-20,Blogeria.cz,context,Desktop,ChromeOS,Muž,60+,Jihočeský kraj,97,0,0,0.0,1.1
2026-08-20,Blogeria.cz,context,Desktop,ChromeOS,Muž,60+,Plzeňský kraj,105,0,0,0.0,1.19
2026-08-20,Blogeria.cz,context,Desktop,ChromeOS,Muž,60+,Karlovarský kraj,546,0,0,0.0,6.17
2026-08-20,Blogeria.cz,context,Desktop,ChromeOS,Muž,60+,Ústecký kraj,100,0,0,0.0,1.13
2026-08-20,Blogeria.cz,context,Desktop,ChromeOS,Muž,60+,Liberecký kraj,35,0,0,0.0,0.4
2026-08-20,Blogeria.cz,context,Desktop,ChromeOS,Muž,60+,Královéhradecký kraj,142,0,0,0.0,1.6
2026-08-20,Blogeria.cz,context,Desktop,ChromeOS,Muž,60+,Pardubický kraj,174,0,0,0.0,1.96
2026-08-20,Blogeria.cz,context,Desktop,ChromeOS,Muž,60+,Kraj Vysočina,136,0,0,0.0,1.54
2026-08-20,Blogeria.cz,context,Desktop,ChromeOS,Muž,60+,Jihomoravský kraj,316,0,0,0.0,3.57
2026-08-20,Blogeria.cz,context,Desktop,ChromeOS,Muž,60+,Olomoucký kraj,69,0,0,0.0,0.78
2026-08-20,Blogeria.cz,context,Desktop,ChromeOS,Muž,60+,Zlínský kraj,53,0,0,0.0,0.6
2026-08-20,Blogeria.cz,context,Desktop,ChromeOS,Muž,60+,Moravskoslezský kraj,531,3,0,0.0,6.0
2026-08-20,Blogeria.cz,context,SmartPhone,iOS,Žena,25 - 39,Hlavní město Praha,674,1,0,0.0,5.3
2026-08-20,Blogeria.cz,context,SmartPhone,iOS,Žena,25 - 39,Středočeský kraj,604,1,0,0.0,4.75
2026-08-20,Blogeria.cz,context,SmartPhone,iOS,Žena,25 - 39,Jihočeský kraj,6490,10,0,0.0,51.03
2026-08-20,Blogeria.cz,context,SmartPhone,iOS,Žena,25 - 39,Plzeňský kraj,1041,1,0,0.0,8.18
2026-08-20,Blogeria.cz,context,SmartPhone,iOS,Žena,25 - 39,Karlovarský kraj,494,2,0,0.0,3.88
2026-08-20,Blogeria.cz,context,SmartPhone,iOS,Žena,25 - 39,Ústecký kraj,1560,1,0,0.0,12.26
2026-08-20,Blogeria.cz,context,SmartPhone,iOS,Žena,25 - 39,Liberecký kraj,21,0,0,0.0,0.17
2026-08-20,Blogeria.cz,context,SmartPhone,iOS,Žena,25 - 39,Královéhradecký kraj,125,0,0,0.0,0.98
2026-08-20,Blogeria.cz,context,SmartPhone,iOS,Žena,25 - 39,Pardubický kraj,290,0,0,0.0,2.28
2026-08-20,Blogeria.cz,context,SmartPhone,iOS,Žena,25 - 39,Kraj Vysočina,248,0,0,0.0,1.95
2026-08-20,Blogeria.cz,context,SmartPhone,iOS,Žena,25 - 39,Jihomoravský kraj,4043,5,0,0.0,31.79
2026-08-20,Blogeria.cz,context,SmartPhone,iOS,Žena,25 - 39,Olomoucký kraj,1065,2,0,0.0,8.37
2026-08-20,Blogeria.cz,context,SmartPhone,iOS,Žena,25 - 39,Zlínský kraj,585,0,0,0.0,4.6
2026-08-20,Blogeria.cz,context,SmartPhone,iOS,Žena,25 - 39,Moravskoslezský kraj,812,0,0,0.0,6.38
2026-08-20,Drbárna.cz,context,Desktop,Android,Žena,60+,Hlavní město Praha,1,0,0,0.0,0.0
2026-08-20,Drbárna.cz,context,Desktop,Android,Žena,60+,Středočeský kraj,1,0,0,0.0,0.0
2026-08-20,Drbárna.cz,context,Desktop,Android,Žena,60+,Jihočeský kraj,1,0,0,0.0,0.0
2026-08-20,Drbárna.cz,context,Desktop,Android,Žena,60+,Plzeňský kraj,1,0,0,0.0,0.0
2026-08-20,Drbárna.cz,context,Desktop,Android,Žena,60+,Karlovarský kraj,1,0,0,0.0,0.0
2026-08-20,Drbárna.cz,context,Desktop,Android,Žena,60+,Ústecký kraj,1,0,0,0.0,0.0
2026-08-20,Drbárna.cz,context,Desktop,Android,Žena,60+,Liberecký kraj,1,0,0,0.0,0.0
2026-08-20,Drbárna.cz,context,Desktop,Android,Žena,60+,Královéhradecký kraj,1,0,0,0.0,0.0
2026-08-20,Drbárna.cz,context,Desktop,Android,Žena,60+,Pardubický kraj,1,0,0,0.0,0.0
2026-08-20,Drbárna.cz,context,Desktop,Android,Žena,60+,Kraj Vysočina,1,0,0,0.0,0.0
2026-08-20,Drbárna.cz,context,Desktop,Android,Žena,60+,Jihomoravský kraj,1,0,0,0.0,0.0
2026-08-20,Drbárna.cz,context,Desktop,Android,Žena,60+,Olomoucký kraj,1,0,0,0.0,0.0
2026-08-20,Drbárna.cz,context,Desktop,Android,Žena,60+,Zlínský kraj,1,0,0,0.0,0.0
2026-08-20,Drbárna.cz,context,Desktop,Android,Žena,60+,Moravskoslezský kraj,1,0,0,0.0,0.0
2026-08-20,Drbárna.cz,context,Desktop,ChromeOS,Muž,18 - 24,Hlavní město Praha,1,0,0,0.0,0.0
2026-08-20,Drbárna.cz,context,Desktop,ChromeOS,Muž,18 - 24,Středočeský kraj,1,0,0,0.0,0.0
2026-08-20,Drbárna.cz,context,Desktop,ChromeOS,Muž,18 - 24,Jihočeský kraj,1,0,0,0.0,0.0
2026-08-20,Drbárna.cz,context,Desktop,ChromeOS,Muž,18 - 24,Plzeňský kraj,1,0,0,0.0,0.0
2026-08-20,Drbárna.cz,context,Desktop,ChromeOS,Muž,18 - 24,Karlovarský kraj,1,0,0,0.0,0.0
2026-08-20,Drbárna.cz,context,Desktop,ChromeOS,Muž,18 - 24,Ústecký kraj,1,0,0,0.0,0.0
2026-08-20,Drbárna.cz,context,Desktop,ChromeOS,Muž,18 - 24,Liberecký kraj,1,0,0,0.0,0.0
2026-08-20,Drbárna.cz,context,Desktop,ChromeOS,Muž,18 - 24,Královéhradecký kraj,1,0,0,0.0,0.0
2026-08-20,Drbárna.cz,context,Desktop,ChromeOS,Muž,18 - 24,Pardubický kraj,1,0,0,0.0,0.0
2026-08-20,Drbárna.cz,context,Desktop,ChromeOS,Muž,18 - 24,Kraj Vysočina,1,0,0,0.0,0.0
2026-08-20,Drbárna.cz,context,Desktop,ChromeOS,Muž,18 - 24,Jihomoravský kraj,1,0,0,0.0,0.0
2026-08-20,Drbárna.cz,context,Desktop,ChromeOS,Muž,18 - 24,Olomoucký kraj,1,0,0,0.0,0.0
2026-08-20,Drbárna.cz,context,Desktop,ChromeOS,Muž,18 - 24,Zlínský kraj,1,0,0,0.0,0.0
2026-08-20,Drbárna.cz,context,Desktop,ChromeOS,Muž,18 - 24,Moravskoslezský kraj,1,0,0,0.0,0.0
2026-08-20,Drbárna.cz,context,Tv,,Muž,18 - 24,Hlavní město Praha,1,0,0,0.0,0.0
2026-08-20,Drbárna.cz,context,Tv,,Muž,18 - 24,Středočeský kraj,1,0,0,0.0,0.0
2026-08-20,Drbárna.cz,context,Tv,,Muž,18 - 24,Jihočeský kraj,1,0,0,0.0,0.0
2026-08-20,Drbárna.cz,context,Tv,,Muž,18 - 24,Plzeňský kraj,1,0,0,0.0,0.0
2026-08-20,Drbárna.cz,context,Tv,,Muž,18 - 24,Karlovarský kraj,1,0,0,0.0,0.0
2026-08-20,Drbárna.cz,context,Tv,,Muž,18 - 24,Ústecký kraj,2,0,0,0.0,0.0
2026-08-20,Drbárna.cz,context,Tv,,Muž,18 - 24,Liberecký kraj,1,0,0,0.0,0.0
2026-08-20,Drbárna.cz,context,Tv,,Muž,18 - 24,Královéhradecký kraj,2,0,0,0.0,0.0
2026-08-20,Drbárna.cz,context,Tv,,Muž,18 - 24,Pardubický kraj,1,0,0,0.0,0.0
2026-08-20,Drbárna.cz,context,Tv,,Muž,18 - 24,Kraj Vysočina,4,0,0,0.0,0.0
2026-08-20,Drbárna.cz,context,Tv,,Muž,18 - 24,Jihomoravský kraj,1,0,0,0.0,0.0
2026-08-20,Drbárna.cz,context,Tv,,Muž,18 - 24,Olomoucký kraj,1,0,0,0.0,0.0
2026-08-20,Drbárna.cz,context,Tv,,Muž,18 - 24,Zlínský kraj,1,0,0,0.0,0.0
2026-08-20,Drbárna.cz,context,Tv,,Muž,18 - 24,Moravskoslezský kraj,3,0,0,0.0,0.0
2026-08-20,Drbárna.cz,context,,,Žena,60+,Hlavní město Praha,9,0,0,0.0,0.0
2026-08-20,Drbárna.cz,context,,,Žena,60+,Středočeský kraj,7,0,0,0.0,0.0
2026-08-20,Drbárna.cz,context,,,Žena,60+,Jihočeský kraj,4,0,0,0.0,0.0
2026-08-20,Drbárna.cz,context,,,Žena,60+,Plzeňský kraj,26,0,0,0.0,0.01
2026-08-20,Drbárna.cz,context,,,Žena,60+,Karlovarský kraj,1,0,0,0.0,0.0
2026-08-20,Drbárna.cz,context,,,Žena,60+,Ústecký kraj,6,0,0,0.0,0.0
2026-08-20,Drbárna.cz,context,,,Žena,60+,Liberecký kraj,11,0,0,0.0,0.01
2026-08-20,Drbárna.cz,context,,,Žena,60+,Královéhradecký kraj,6,0,0,0.0,0.0
2026-08-20,Drbárna.cz,context,,,Žena,60+,Pardubický kraj,2,0,0,0.0,0.0
2026-08-20,Drbárna.cz,context,,,Žena,60+,Kraj Vysočina,5,0,0,0.0,0.0
2026-08-20,Drbárna.cz,context,,,Žena,60+,Jihomoravský kraj,2,0,0,0.0,0.0
2026-08-20,Drbárna.cz,context,,,Žena,60+,Olomoucký kraj,16,0,0,0.0,0.01
2026-08-20,Drbárna.cz,context,,,Žena,60+,Zlínský kraj,17,0,0,0.0,0.01
2026-08-20,Drbárna.cz,context,,,Žena,60+,Moravskoslezský kraj,1,0,0,0.0,0.0
2026-08-20,Drbárna.cz,context,SmartPhone,,Muž,40 - 59,Hlavní město Praha,1595,5,0,0.0,31.95
2026-08-20,Drbárna.cz,context,SmartPhone,,Muž,40 - 59,Středočeský kraj,425,0,0,0.0,8.51
2026-08-20,Drbárna.cz,context,SmartPhone,,Muž,40 - 59,Jihočeský kraj,206,0,0,0.0,4.13
2026-08-20,Drbárna.cz,context,SmartPhone,,Muž,40 - 59,Plzeňský kraj,674,0,0,0.0,13.5
2026-08-20,Drbárna.cz,context,SmartPhone,,Muž,40 - 59,Karlovarský kraj,101,0,0,0.0,2.02
2026-08-20,Drbárna.cz,context,SmartPhone,,Muž,40 - 59,Ústecký kraj,655,1,0,0.0,13.12
2026-08-20,Drbárna.cz,context,SmartPhone,,Muž,40 - 59,Liberecký kraj,42,0,0,0.0,0.84
2026-08-20,Drbárna.cz,context,SmartPhone,,Muž,40 - 59,Královéhradecký kraj,61,0,0,0.0,1.22
2026-08-20,Drbárna.cz,context,SmartPhone,,Muž,40 - 59,Pardubický kraj,164,0,0,0.0,3.29
2026-08-20,Drbárna.cz,context,SmartPhone,,Muž,40 - 59,Kraj Vysočina,2,0,0,0.0,0.04
2026-08-20,Drbárna.cz,context,SmartPhone,,Muž,40 - 59,Jihomoravský kraj,79,1,0,0.0,1.58
2026-08-20,Drbárna.cz,context,SmartPhone,,Muž,40 - 59,Olomoucký kraj,1031,2,0,0.0,20.65
2026-08-20,Drbárna.cz,context,SmartPhone,,Muž,40 - 59,Zlínský kraj,372,0,0,0.0,7.45
2026-08-20,Drbárna.cz,context,SmartPhone,,Muž,40 - 59,Moravskoslezský kraj,394,2,0,0.0,7.89
2026-08-20,Drbárna.cz,context,EReader,Android,Žena,60+,Hlavní město Praha,2,0,0,0.0,0.0
2026-08-20,Drbárna.cz,context,EReader,Android,Žena,60+,Středočeský kraj,1,0,0,0.0,0.0
2026-08-20,Drbárna.cz,context,EReader,Android,Žena,60+,Jihočeský kraj,1,0,0,0.0,0.0
2026-08-20,Drbárna.cz,context,EReader,Android,Žena,60+,Plzeňský kraj,1,0,0,0.0,0.0
2026-08-20,Drbárna.cz,context,EReader,Android,Žena,60+,Karlovarský kraj,2,0,0,0.0,0.0
2026-08-20,Drbárna.cz,context,EReader,Android,Žena,60+,Ústecký kraj,1,0,0,0.0,0.0
2026-08-20,Drbárna.cz,context,EReader,Android,Žena,60+,Liberecký kraj,1,0,0,0.0,0.0
2026-08-20,Drbárna.cz,context,EReader,Android,Žena,60+,Královéhradecký kraj,2,0,0,0.0,0.0
2026-08-20,Drbárna.cz,context,EReader,Android,Žena,60+,Pardubický kraj,3,0,0,0.0,0.0
2026-08-20,Drbárna.cz,context,EReader,Android,Žena,60+,Kraj Vysočina,3,0,0,0.0,0.0
2026-08-20,Drbárna.cz,context,EReader,Android,Žena,60+,Jihomoravský kraj,1,0,0,0.0,0.0
2026-08-20,Drbárna.cz,context,EReader,Android,Žena,60+,Olomoucký kraj,2,0,0,0.0,0.0
2026-08-20,Drbárna.cz,context,EReader,Android,Žena,60+,Zlínský kraj,1,0,0,0.0,0.0
2026-08-20,Drbárna.cz,context,EReader,Android,Žena,60+,Moravskoslezský kraj,1,0,0,0.0,0.0
2026-08-20,Kliknito.cz,context,Desktop,iOS,Muž,60+,Hlavní město Praha,1,0,0,0.0,0.0
2026-08-20,Kliknito.cz,context,Desktop,iOS,Muž,60+,Středočeský kraj,5,0,0,0.0,0.0
2026-08-20,Kliknito.cz,context,Desktop,iOS,Muž,60+,Jihočeský kraj,3,0,0,0.0,0.0
2026-08-20,Kliknito.cz,context,Desktop,iOS,Muž,60+,Plzeňský kraj,4,0,0,0.0,0.0
2026-08-20,Kliknito.cz,context,Desktop,iOS,Muž,60+,Karlovarský kraj,8,0,0,0.0,0.0
2026-08-20,Kliknito.cz,context,Desktop,iOS,Muž,60+,Ústecký kraj,3,0,0,0.0,0.0
2026-08-20,Kliknito.cz,context,Desktop,iOS,Muž,60+,Liberecký kraj,2,0,0,0.0,0.0
2026-08-20,Kliknito.cz,context,Desktop,iOS,Muž,60+,Královéhradecký kraj,1,0,0,0.0,0.0
2026-08-20,Kliknito.cz,context,Desktop,iOS,Muž,60+,Pardubický kraj,4,0,0,0.0,0.0
2026-08-20,Kliknito.cz,context,Desktop,iOS,Muž,60+,Kraj Vysočina,2,0,0,0.0,0.0
2026-08-20,Kliknito.cz,context,Desktop,iOS,Muž,60+,Jihomoravský kraj,3,0,0,0.0,0.0
2026-08-20,Kliknito.cz,context,Desktop,iOS,Muž,60+,Olomoucký kraj,4,0,0,0.0,0.0
2026-08-20,Kliknito.cz,context,Desktop,iOS,Muž,60+,Zlínský kraj,10,0,0,0.0,0.0
2026-08-20,Kliknito.cz,context,Desktop,iOS,Muž,60+,Moravskoslezský kraj,1,0,0,0.0,0.0
2026-08-20,Kliknito.cz,context,,,Muž,25 - 39,Hlavní město Praha,1,0,0,0.0,0.0
2026-08-20,Kliknito.cz,context,,,Muž,25 - 39,Středočeský kraj,1,0,0,0.0,0.0
2026-08-20,Kliknito.cz,context,,,Muž,25 - 39,Jihočeský kraj,2,0,0,0.0,0.0
2026-08-20,Kliknito.cz,context,,,Muž,25 - 39,Plzeňský kraj,1,0,0,0.0,0.0
2026-08-20,Kliknito.cz,context,,,Muž,25 - 39,Karlovarský kraj,6,0,0,0.0,0.0
2026-08-20,Kliknito.cz,context,,,Muž,25 - 39,Ústecký kraj,3,0,0,0.0,0.0
2026-08-20,Kliknito.cz,context,,,Muž,25 - 39,Liberecký kraj,2,0,0,0.0,0.0
2026-08-20,Kliknito.cz,context,,,Muž,25 - 39,Královéhradecký kraj,1,0,0,0.0,0.0
2026-08-20,Kliknito.cz,context,,,Muž,25 - 39,Pardubický kraj,1,0,0,0.0,0.0
2026-08-20,Kliknito.cz,context,,,Muž,25 - 39,Kraj Vysočina,1,0,0,0.0,0.0
2026-08-20,Kliknito.cz,context,,,Muž,25 - 39,Jihomoravský kraj,2,0,0,0.0,0.0
2026-08-20,Kliknito.cz,context,,,Muž,25 - 39,Olomoucký kraj,1,0,0,0.0,0.0
2026-08-20,Kliknito.cz,context,,,Muž,25 - 39,Zlínský kraj,1,0,0,0.0,0.0
2026-08-20,Kliknito.cz,context,,,Muž,25 - 39,Moravskoslezský kraj,1,0,0,0.0,0.0
2026-08-20,Kliknito.cz,context,MediaHub,Android,Muž,40 - 59,Hlavní město Praha,17,0,0,0.0,0.22
2026-08-20,Kliknito.cz,context,MediaHub,Android,Muž,40 - 59,Středočeský kraj,1,0,0,0.0,0.01
2026-08-20,Kliknito.cz,context,MediaHub,Android,Muž,40 - 59,Jihočeský kraj,27,0,0,0.0,0.34
2026-08-20,Kliknito.cz,context,MediaHub,Android,Muž,40 - 59,Plzeňský kraj,2,0,0,0.0,0.03
2026-08-20,Kliknito.cz,context,MediaHub,Android,Muž,40 - 59,Karlovarský kraj,13,0,0,0.0,0.17
2026-08-20,Kliknito.cz,context,MediaHub,Android,Muž,40 - 59,Ústecký kraj,6,0,0,0.0,0.08
2026-08-20,Kliknito.cz,context,MediaHub,Android,Muž,40 - 59,Liberecký kraj,10,1,1,0.0,0.13
2026-08-20,Kliknito.cz,context,MediaHub,Android,Muž,40 - 59,Královéhradecký kraj,5,0,0,0.0,0.06
2026-08-20,Kliknito.cz,context,MediaHub,Android,Muž,40 - 59,Pardubický kraj,6,0,0,0.0,0.08
2026-08-20,Kliknito.cz,context,MediaHub,Android,Muž,40 - 59,Kraj Vysočina,2,0,0,0.0,0.03
2026-08-20,Kliknito.cz,context,MediaHub,Android,Muž,40 - 59,Jihomoravský kraj,3,0,0,0.0,0.04
2026-08-20,Kliknito.cz,context,MediaHub,Android,Muž,40 - 59,Olomoucký kraj,3,0,0,0.0,0.04
2026-08-20,Kliknito.cz,context,MediaHub,Android,Muž,40 - 59,Zlínský kraj,4,0,0,0.0,0.05
2026-08-20,Kliknito.cz,context,MediaHub,Android,Muž,40 - 59,Moravskoslezský kraj,7,0,0,0.0,0.09
2026-08-20,Kopačka.cz,context,Desktop,ChromeOS,Muž,Neznámý,Hlavní město Praha,16,0,0,0.0,0.09
2026-08-20,Kopačka.cz,context,Desktop,ChromeOS,Muž,Neznámý,Středočeský kraj,1,0,0,0.0,0.01
2026-08-20,Kopačka.cz,context,Desktop,ChromeOS,Muž,Neznámý,Jihočeský kraj,5,0,0,0.0,0.03
2026-08-20,Kopačka.cz,context,Desktop,ChromeOS,Muž,Neznámý,Plzeňský kraj,15,0,0,0.0,0.09
2026-08-20,Kopačka.cz,context,Desktop,ChromeOS,Muž,Neznámý,Karlovarský kraj,1,0,0,0.0,0.01
2026-08-20,Kopačka.cz,context,Desktop,ChromeOS,Muž,Neznámý,Ústecký kraj,1,0,0,0.0,0.01
2026-08-20,Kopačka.cz,context,Desktop,ChromeOS,Muž,Neznámý,Liberecký kraj,5,0,0,0.0,0.03
2026-08-20,Kopačka.cz,context,Desktop,ChromeOS,Muž,Neznámý,Královéhradecký kraj,2,0,0,0.0,0.01
2026-08-20,Kopačka.cz,context,Desktop,ChromeOS,Muž,Neznámý,Pardubický kraj,8,0,0,0.0,0.05
2026-08-20,Kopačka.cz,context,Desktop,ChromeOS,Muž,Neznámý,Kraj Vysočina,12,0,0,0.0,0.07
2026-08-20,Kopačka.cz,context,Desktop,ChromeOS,Muž,Neznámý,Jihomoravský kraj,11,0,0,0.0,0.06
2026-08-20,Kopačka.cz,context,Desktop,ChromeOS,Muž,Neznámý,Olomoucký kraj,16,0,0,0.0,0.09
2026-08-20,Kopačka.cz,context,Desktop,ChromeOS,Muž,Neznámý,Zlínský kraj,8,0,0,0.0,0.05
2026-08-20,Kopačka.cz,context,Desktop,ChromeOS,Muž,Neznámý,Moravskoslezský kraj,9,0,0,0.0,0.05
2026-08-20,Kopačka.cz,context,Console,,Muž,40 - 59,Hlavní město Praha,1,0,0,0.0,0.0
2026-08-20,Kopačka.cz,context,Console,,Muž,40 - 59,Středočeský kraj,1,0,0,0.0,0.0
2026-08-20,Kopačka.cz,context,Console,,Muž,40 - 59,Jihočeský kraj,1,0,0,0.0,0.0
2026-08-20,Kopačka.cz,context,Console,,Muž,40 - 59,Plzeňský kraj,1,0,0,0.0,0.0
2026-08-20,Kopačka.cz,context,Console,,Muž,40 - 59,Karlovarský kraj,1,0,0,0.0,0.0
2026-08-20,Kopačka.cz,context,Console,,Muž,40 - 59,Ústecký kraj,1,0,0,0.0,0.0
2026-08-20,Kopačka.cz,context,Console,,Muž,40 - 59,Liberecký kraj,2,0,0,0.0,0.0
2026-08-20,Kopačka.cz,context,Console,,Muž,40 - 59,Královéhradecký kraj,1,0,0,0.0,0.0
2026-08-20,Kopačka.cz,context,Console,,Muž,40 - 59,Pardubický kraj,1,0,0,0.0,0.0
2026-08-20,Kopačka.cz,context,Console,,Muž,40 - 59,Kraj Vysočina,3,0,0,0.0,0.01
2026-08-20,Kopačka.cz,context,Console,,Muž,40 - 59,Jihomoravský kraj,1,0,0,0.0,0.0
2026-08-20,Kopačka.cz,context,Console,,Muž,40 - 59,Olomoucký kraj,1,0,0,0.0,0.0
2026-08-20,Kopačka.cz,context,Console,,Muž,40 - 59,Zlínský kraj,1,0,0,0.0,0.0
2026-08-20,Kopačka.cz,context,Console,,Muž,40 - 59,Moravskoslezský kraj,2,0,0,0.0,0.0
2026-08-20,Kopačka.cz,context,Desktop,,Neznámý,Neznámý,Hlavní město Praha,122,0,0,0.0,0.54
2026-08-20,Kopačka.cz,context,Desktop,,Neznámý,Neznámý,Středočeský kraj,33,0,0,0.0,0.15
2026-08-20,Kopačka.cz,context,Desktop,,Neznámý,Neznámý,Jihočeský kraj,82,0,0,0.0,0.36
2026-08-20,Kopačka.cz,context,Desktop,,Neznámý,Neznámý,Plzeňský kraj,453,0,0,0.0,2.0
2026-08-20,Kopačka.cz,context,Desktop,,Neznámý,Neznámý,Karlovarský kraj,192,0,0,0.0,0.85
2026-08-20,Kopačka.cz,context,Desktop,,Neznámý,Neznámý,Ústecký kraj,71,0,0,0.0,0.31
2026-08-20,Kopačka.cz,context,Desktop,,Neznámý,Neznámý,Liberecký kraj,191,0,0,0.0,0.84
2026-08-20,Kopačka.cz,context,Desktop,,Neznámý,Neznámý,Královéhradecký kraj,358,0,0,0.0,1.58
2026-08-20,Kopačka.cz,context,Desktop,,Neznámý,Neznámý,Pardubický kraj,211,0,0,0.0,0.93
2026-08-20,Kopačka.cz,context,Desktop,,Neznámý,Neznámý,Kraj Vysočina,77,0,0,0.0,0.34
2026-08-20,Kopačka.cz,context,Desktop,,Neznámý,Neznámý,Jihomoravský kraj,47,0,0,0.0,0.21
2026-08-20,Kopačka.cz,context,Desktop,,Neznámý,Neznámý,Olomoucký kraj,437,0,0,0.0,1.93
2026-08-20,Kopačka.cz,context,Desktop,,Neznámý,Neznámý,Zlínský kraj,12,0,0,0.0,0.05
2026-08-20,Kopačka.cz,context,Desktop,,Neznámý,Neznámý,Moravskoslezský kraj,791,0,0,0.0,3.49
2026-08-20,Kámoši.net,context,SmallScreen,Android,Žena,40 - 59,Hlavní město Praha,1,0,0,0.0,0.0
2026-08-20,Kámoši.net,context,SmallScreen,Android,Žena,40 - 59,Středočeský kraj,1,0,0,0.0,0.0
2026-08-20,Kámoši.net,context,SmallScreen,Android,Žena,40 - 59,Jihočeský kraj,1,0,0,0.0,0.0
2026-08-20,Kámoši.net,context,SmallScreen,Android,Žena,40 - 59,Plzeňský kraj,1,0,0,0.0,0.0
2026-08-20,Kámoši.net,context,SmallScreen,Android,Žena,40 - 59,Karlovarský kraj,1,0,0,0.0,0.0
2026-08-20,Kámoši.net,context,SmallScreen,Android,Žena,40 - 59,Ústecký kraj,1,0,0,0.0,0.0
2026-08-20,Kámoši.net,context,SmallScreen,Android,Žena,40 - 59,Liberecký kraj,1,0,0,0.0,0.0
2026-08-20,Kámoši.net,context,SmallScreen,Android,Žena,40 - 59,Královéhradecký kraj,1,0,0,0.0,0.0
2026-08-20,Kámoši.net,context,SmallScreen,Android,Žena,40 - 59,Pardubický kraj,1,0,0,0.0,0.0
2026-08-20,Kámoši.net,context,SmallScreen,Android,Žena,40 - 59,Kraj Vysočina,1,0,0,0.0,0.0
2026-08-20,Kámoši.net,context,SmallScreen,Android,Žena,40 - 59,Jihomoravský kraj,1,0,0,0.0,0.0
2026-08-20,Kámoši.net,context,SmallScreen,Android,Žena,40 - 59,Olomoucký kraj,1,0,0,0.0,0.0
2026-08-20,Kámoši.net,context,SmallScreen,Android,Žena,40 - 59,Zlínský kraj,1,0,0,0.0,0.0
2026-08-20,Kámoši.net,context,SmallScreen,Android,Žena,40 - 59,Moravskoslezský kraj,1,0,0,0.0,0.0
2026-08-20,Kámoši.net,context,SmartPhone,Android,Muž,40 - 59,Hlavní město Praha,4931,11,0,0.0,53.62
2026-08-20,Kámoši.net,context,SmartPhone,Android,Muž,40 - 59,Středočeský kraj,63487,164,6,522.82,690.34
2026-08-20,Kámoši.net,context,SmartPhone,Android,Muž,40 - 59,Jihočeský kraj,4470,7,1,87.14,48.61
2026-08-20,Kámoši.net,context,SmartPhone,Android,Muž,40 - 59,Plzeňský kraj,1829,5,0,0.0,19.89
2026-08-20,Kámoši.net,context,SmartPhone,Android,Muž,40 - 59,Karlovarský kraj,29376,80,4,348.55,319.43
2026-08-20,Kámoši.net,context,SmartPhone,Android,Muž,40 - 59,Ústecký kraj,87895,250,5,435.68,955.75
2026-08-20,Kámoši.net,context,SmartPhone,Android,Muž,40 - 59,Liberecký kraj,20246,48,1,87.14,220.15
2026-08-20,Kámoši.net,context,SmartPhone,Android,Muž,40 - 59,Královéhradecký kraj,66217,194,9,784.23,720.03
2026-08-20,Kámoši.net,context,SmartPhone,Android,Muž,40 - 59,Pardubický kraj,6361,8,0,0.0,69.17
2026-08-20,Kámoši.net,context,SmartPhone,Android,Muž,40 - 59,Kraj Vysočina,21629,46,3,261.41,235.19
2026-08-20,Kámoši.net,context,SmartPhone,Android,Muž,40 - 59,Jihomoravský kraj,18768,49,5,435.68,204.08
2026-08-20,Kámoši.net,context,SmartPhone,Android,Muž,40 - 59,Olomoucký kraj,20542,61,3,261.41,223.37
2026-08-20,Kámoši.net,context,SmartPhone,Android,Muž,40 - 59,Zlínský kraj,27477,70,5,435.68,298.78
2026-08-20,Kámoši.net,context,SmartPhone,Android,Muž,40 - 59,Moravskoslezský kraj,1661,3,0,0.0,18.06
2026-08-20,Kámoši.net,context,Desktop,Windows,Muž,18 - 24,Hlavní město Praha,143,0,0,0.0,0.81
2026-08-20,Kámoši.net,context,Desktop,Windows,Muž,18 - 24,Středočeský kraj,341,0,0,0.0,1.93
2026-08-20,Kámoši.net,context,Desktop,Windows,Muž,18 - 24,Jihočeský kraj,75,0,0,0.0,0.42
2026-08-20,Kámoši.net,context,Desktop,Windows,Muž,18 - 24,Plzeňský kraj,576,0,0,0.0,3.26
2026-08-20,Kámoši.net,context,Desktop,Windows,Muž,18 - 24,Karlovarský kraj,186,0,0,0.0,1.05
2026-08-20,Kámoši.net,context,Desktop,Windows,Muž,18 - 24,Ústecký kraj,46,0,0,0.0,0.26
2026-08-20,Kámoši.net,context,Desktop,Windows,Muž,18 - 24,Liberecký kraj,102,0,0,0.0,0.58
2026-08-20,Kámoši.net,context,Desktop,Windows,Muž,18 - 24,Královéhradecký kraj,150,0,0,0.0,0.85
2026-08-20,Kámoši.net,context,Desktop,Windows,Muž,18 - 24,Pardubický kraj,684,1,0,0.0,3.87
2026-08-20,Kámoši.net,context,Desktop,Windows,Muž,18 - 24,Kraj Vysočina,303,0,0,0.0,1.71
2026-08-20,Kámoši.net,context,Desktop,Windows,Muž,18 - 24,Jihomoravský kraj,44,0,0,0.0,0.25
2026-08-20,Kámoši.net,context,Desktop,Windows,Muž,18 - 24,Olomoucký kraj,620,2,0,0.0,3.51
2026-08-20,Kámoši.net,context,Desktop,Windows,Muž,18 - 24,Zlínský kraj,564,1,0,0.0,3.19
2026-08-20,Kámoši.net,context,Desktop,Windows,Muž,18 - 24,Moravskoslezský kraj,455,0,0,0.0,2.57
2026-08-20,Pozdní Zprávy,context,SmartPhone,iOS,Neznámý,Neznámý,Hlavní město Praha,33896,51,0,0.0,218.2
2026-08-20,Pozdní Zprávy,context,SmartPhone,iOS,Neznámý,Neznámý,Středočeský kraj,5451,6,0,0.0,35.09
2026-08-20,Pozdní Zprávy,context,SmartPhone,iOS,Neznámý,Neznámý,Jihočeský kraj,128141,210,0,0.0,824.9
2026-08-20,Pozdní Zprávy,context,SmartPhone,iOS,Neznámý,Neznámý,Plzeňský kraj,1059,0,0,0.0,6.82
2026-08-20,Pozdní Zprávy,context,SmartPhone,iOS,Neznámý,Neznámý,Karlovarský kraj,17143,27,0,0.0,110.36
2026-08-20,Pozdní Zprávy,context,SmartPhone,iOS,Neznámý,Neznámý,Ústecký kraj,9008,22,0,0.0,57.99
2026-08-20,Pozdní Zprávy,context,SmartPhone,iOS,Neznámý,Neznámý,Liberecký kraj,5121,5,0,0.0,32.97
2026-08-20,Pozdní Zprávy,context,SmartPhone,iOS,Neznámý,Neznámý,Královéhradecký kraj,5238,13,0,0.0,33.72
2026-08-20,Pozdní Zprávy,context,SmartPhone,iOS,Neznámý,Neznámý,Pardubický kraj,21872,26,0,0.0,140.8
2026-08-20,Pozdní Zprávy,context,SmartPhone,iOS,Neznámý,Neznámý,Kraj Vysočina,15030,28,0,0.0,96.75
2026-08-20,Pozdní Zprávy,context,SmartPhone,iOS,Neznámý,Neznámý,Jihomoravský kraj,14757,21,0,0.0,95.0
2026-08-20,Pozdní Zprávy,context,SmartPhone,iOS,Neznámý,Neznámý,Olomoucký kraj,7233,10,0,0.0,46.56
2026-08-20,Pozdní Zprávy,context,SmartPhone,iOS,Neznámý,Neznámý,Zlínský kraj,7202,12,0,0.0,46.36
2026-08-20,Pozdní Zprávy,context,SmartPhone,iOS,Neznámý,Neznámý,Moravskoslezský kraj,19379,20,0,0.0,124.75
2026-08-20,Pozdní Zprávy,context,SmartPhone,iOS,Žena,Neznámý,Hlavní město Praha,2174,13,0,0.0,31.57
2026-08-20,Pozdní Zprávy,context,SmartPhone,iOS,Žena,Neznámý,Středočeský kraj,1454,6,0,0.0,21.11
2026-08-20,Pozdní Zprávy,context,SmartPhone,iOS,Žena,Neznámý,Jihočeský kraj,41,0,0,0.0,0.6
2026-08-20,Pozdní Zprávy,context,SmartPhone,iOS,Žena,Neznámý,Plzeňský kraj,158,0,0,0.0,2.29
2026-08-20,Pozdní Zprávy,context,SmartPhone,iOS,Žena,Neznámý,Karlovarský kraj,2801,14,2,0.7,40.67
2026-08-20,Pozdní Zprávy,context,SmartPhone,iOS,Žena,Neznámý,Ústecký kraj,750,2,1,0.35,10.89
2026-08-20,Pozdní Zprávy,context,SmartPhone,iOS,Žena,Neznámý,Liberecký kraj,11,0,0,0.0,0.16
2026-08-20,Pozdní Zprávy,context,SmartPhone,iOS,Žena,Neznámý,Královéhradecký kraj,3747,16,1,0.35,54.4
2026-08-20,Pozdní Zprávy,context,SmartPhone,iOS,Žena,Neznámý,Pardubický kraj,3656,13,2,0.7,53.08
2026-08-20,Pozdní Zprávy,context,SmartPhone,iOS,Žena,Neznámý,Kraj Vysočina,1126,2,0,0.0,16.35
2026-08-20,Pozdní Zprávy,context,SmartPhone,iOS,Žena,Neznámý,Jihomoravský kraj,250,0,0,0.0,3.63
2026-08-20,Pozdní Zprávy,context,SmartPhone,iOS,Žena,Neznámý,Olomoucký kraj,766,1,0,0.0,11.12
2026-08-20,Pozdní Zprávy,context,SmartPhone,iOS,Žena,Neznámý,Zlínský kraj,1038,1,0,0.0,15.07
2026-08-20,Pozdní Zprávy,context,SmartPhone,iOS,Žena,Neznámý,Moravskoslezský kraj,41,0,0,0.0,0.6
2026-08-20,Pozdní Zprávy,context,,,Žena,18 - 24,Hlavní město Praha,1,0,0,0.0,0.0
2026-08-20,Pozdní Zprávy,context,,,Žena,18 - 24,Středočeský kraj,1,0,0,0.0,0.0
2026-08-20,Pozdní Zprávy,context,,,Žena,18 - 24,Jihočeský kraj,1,0,0,0.0,0.0
2026-08-20,Pozdní Zprávy,context,,,Žena,18 - 24,Plzeňský kraj,1,0,0,0.0,0.0
2026-08-20,Pozdní Zprávy,context,,,Žena,18 - 24,Karlovarský kraj,1,0,0,0.0,0.0
2026-08-20,Pozdní Zprávy,context,,,Žena,18 - 24,Ústecký kraj,1,0,0,0.0,0.0
2026-08-20,Pozdní Zprávy,context,,,Žena,18 - 24,Liberecký kraj,1,0,0,0.0,0.0
2026-08-20,Pozdní Zprávy,context,,,Žena,18 - 24,Královéhradecký kraj,1,0,0,0.0,0.0
2026-08-20,Pozdní Zprávy,context,,,Žena,18 - 24,Pardubický kraj,1,0,0,0.0,0.0
2026-08-20,Pozdní Zprávy,context,,,Žena,18 - 24,Kraj Vysočina,1,0,0,0.0,0.0
2026-08-20,Pozdní Zprávy,context,,,Žena,18 - 24,Jihomoravský kraj,1,0,0,0.0,0.0
2026-08-20,Pozdní Zprávy,context,,,Žena,18 - 24,Olomoucký kraj,1,0,0,0.0,0.0
2026-08-20,Pozdní Zprávy,context,,,Žena,18 - 24,Zlínský kraj,1,0,0,0.0,0.0
2026-08-20,Pozdní Zprávy,context,,,Žena,18 - 24,Moravskoslezský kraj,1,0,0,0.0,0.0
2026-08-20,Poštovna.cz,context,MediaHub,Android,Muž,Neznámý,Hlavní město Praha,1,0,0,0.0,0.0
2026-08-20,Poštovna.cz,context,MediaHub,Android,Muž,Neznámý,Středočeský kraj,1,0,0,0.0,0.0
2026-08-20,Poštovna.cz,context,MediaHub,Android,Muž,Neznámý,Jihočeský kraj,1,0,0,0.0,0.0
2026-08-20,Poštovna.cz,context,MediaHub,Android,Muž,Neznámý,Plzeňský kraj,1,0,0,0.0,0.0
2026-08-20,Poštovna.cz,context,MediaHub,Android,Muž,Neznámý,Karlovarský kraj,1,0,0,0.0,0.0
2026-08-20,Poštovna.cz,context,MediaHub,Android,Muž,Neznámý,Ústecký kraj,1,0,0,0.0,0.0
2026-08-20,Poštovna.cz,context,MediaHub,Android,Muž,Neznámý,Liberecký kraj,1,0,0,0.0,0.0
2026-08-20,Poštovna.cz,context,MediaHub,Android,Muž,Neznámý,Královéhradecký kraj,1,0,0,0.0,0.0
2026-08-20,Poštovna.cz,context,MediaHub,Android,Muž,Neznámý,Pardubický kraj,1,0,0,0.0,0.0
2026-08-20,Poštovna.cz,context,MediaHub,Android,Muž,Neznámý,Kraj Vysočina,1,0,0,0.0,0.0
2026-08-20,Poštovna.cz,context,MediaHub,Android,Muž,Neznámý,Jihomoravský kraj,1,0,0,0.0,0.0
2026-08-20,Poštovna.cz,context,MediaHub,Android,Muž,Neznámý,Olomoucký kraj,1,0,0,0.0,0.0
2026-08-20,Poštovna.cz,context,MediaHub,Android,Muž,Neznámý,Zlínský kraj,1,0,0,0.0,0.0
2026-08-20,Poštovna.cz,context,MediaHub,Android,Muž,Neznámý,Moravskoslezský kraj,1,0,0,0.0,0.0
2026-08-20,Poštovna.cz,context,Console,Android,Muž,Neznámý,Hlavní město Praha,1,0,0,0.0,0.0
2026-08-20,Poštovna.cz,context,Console,Android,Muž,Neznámý,Středočeský kraj,1,0,0,0.0,0.0
2026-08-20,Poštovna.cz,context,Console,Android,Muž,Neznámý,Jihočeský kraj,1,0,0,0.0,0.0
2026-08-20,Poštovna.cz,context,Console,Android,Muž,Neznámý,Plzeňský kraj,1,0,0,0.0,0.0
2026-08-20,Poštovna.cz,context,Console,Android,Muž,Neznámý,Karlovarský kraj,1,0,0,0.0,0.0
2026-08-20,Poštovna.cz,context,Console,Android,Muž,Neznámý,Ústecký kraj,1,0,0,0.0,0.0
2026-08-20,Poštovna.cz,context,Console,Android,Muž,Neznámý,Liberecký kraj,1,0,0,0.0,0.0
2026-08-20,Poštovna.cz,context,Console,Android,Muž,Neznámý,Královéhradecký kraj,1,0,0,0.0,0.0
2026-08-20,Poštovna.cz,context,Console,Android,Muž,Neznámý,Pardubický kraj,1,0,0,0.0,0.0
2026-08-20,Poštovna.cz,context,Console,Android,Muž,Neznámý,Kraj Vysočina,1,0,0,0.0,0.0
2026-08-20,Poštovna.cz,context,Console,Android,Muž,Neznámý,Jihomoravský kraj,1,0,0,0.0,0.0
2026-08-20,Poštovna.cz,context,Console,Android,Muž,Neznámý,Olomoucký kraj,1,0,0,0.0,0.0
2026-08-20,Poštovna.cz,context,Console,Android,Muž,Neznámý,Zlínský kraj,1,0,0,0.0,0.0
2026-08-20,Poštovna.cz,context,Console,Android,Muž,Neznámý,Moravskoslezský kraj,1,0,0,0.0,0.0
2026-08-21,Baráky.cz,context,Tablet,iPadOS,Muž,Neznámý,Hlavní město Praha,28,0,0,0.0,0.0
2026-08-21,Baráky.cz,context,Tablet,iPadOS,Muž,Neznámý,Středočeský kraj,2,0,0,0.0,0.0
2026-08-21,Baráky.cz,context,Tablet,iPadOS,Muž,Neznámý,Jihočeský kraj,6,0,0,0.0,0.0
2026-08-21,Baráky.cz,context,Tablet,iPadOS,Muž,Neznámý,Plzeňský kraj,15,0,0,0.0,0.0
2026-08-21,Baráky.cz,context,Tablet,iPadOS,Muž,Neznámý,Karlovarský kraj,3,0,0,0.0,0.0
2026-08-21,Baráky.cz,context,Tablet,iPadOS,Muž,Neznámý,Ústecký kraj,43,0,0,0.0,0.0
2026-08-21,Baráky.cz,context,Tablet,iPadOS,Muž,Neznámý,Liberecký kraj,42,0,0,0.0,0.0
2026-08-21,Baráky.cz,context,Tablet,iPadOS,Muž,Neznámý,Královéhradecký kraj,3,0,0,0.0,0.0
2026-08-21,Baráky.cz,context,Tablet,iPadOS,Muž,Neznámý,Pardubický kraj,9,0,0,0.0,0.0
2026-08-21,Baráky.cz,context,Tablet,iPadOS,Muž,Neznámý,Kraj Vysočina,8,0,0,0.0,0.0
2026-08-21,Baráky.cz,context,Tablet,iPadOS,Muž,Neznámý,Jihomoravský kraj,16,0,0,0.0,0.0
2026-08-21,Baráky.cz,context,Tablet,iPadOS,Muž,Neznámý,Olomoucký kraj,4,0,0,0.0,0.0
2026-08-21,Baráky.cz,context,Tablet,iPadOS,Muž,Neznámý,Zlínský kraj,12,0,0,0.0,0.0
2026-08-21,Baráky.cz,context,Tablet,iPadOS,Muž,Neznámý,Moravskoslezský kraj,8,0,0,0.0,0.0
2026-08-21,Baráky.cz,context,Tv,,Muž,25 - 39,Hlavní město Praha,1,0,0,0.0,0.0
2026-08-21,Baráky.cz,context,Tv,,Muž,25 - 39,Středočeský kraj,1,0,0,0.0,0.0
2026-08-21,Baráky.cz,context,Tv,,Muž,25 - 39,Jihočeský kraj,1,0,0,0.0,0.0
2026-08-21,Baráky.cz,context,Tv,,Muž,25 - 39,Plzeňský kraj,1,0,0,0.0,0.0
2026-08-21,Baráky.cz,context,Tv,,Muž,25 - 39,Karlovarský kraj,1,0,0,0.0,0.0
2026-08-21,Baráky.cz,context,Tv,,Muž,25 - 39,Ústecký kraj,1,0,0,0.0,0.0
2026-08-21,Baráky.cz,context,Tv,,Muž,25 - 39,Liberecký kraj,1,0,0,0.0,0.0
2026-08-21,Baráky.cz,context,Tv,,Muž,25 - 39,Královéhradecký kraj,1,0,0,0.0,0.0
2026-08-21,Baráky.cz,context,Tv,,Muž,25 - 39,Pardubický kraj,1,0,0,0.0,0.0
2026-08-21,Baráky.cz,context,Tv,,Muž,25 - 39,Kraj Vysočina,1,0,0,0.0,0.0
2026-08-21,Baráky.cz,context,Tv,,Muž,25 - 39,Jihomoravský kraj,1,0,0,0.0,0.0
2026-08-21,Baráky.cz,context,Tv,,Muž,25 - 39,Olomoucký kraj,1,0,0,0.0,0.0
2026-08-21,Baráky.cz,context,Tv,,Muž,25 - 39,Zlínský kraj,1,0,0,0.0,0.0
2026-08-21,Baráky.cz,context,Tv,,Muž,25 - 39,Moravskoslezský kraj,1,0,0,0.0,0.0
2026-08-21,Baráky.cz,context,MediaHub,Android,Žena,60+,Hlavní město Praha,1,0,0,0.0,0.0
2026-08-21,Baráky.cz,context,MediaHub,Android,Žena,60+,Středočeský kraj,1,0,0,0.0,0.0
2026-08-21,Baráky.cz,context,MediaHub,Android,Žena,60+,Jihočeský kraj,1,0,0,0.0,0.0
2026-08-21,Baráky.cz,context,MediaHub,Android,Žena,60+,Plzeňský kraj,1,0,0,0.0,0.0
2026-08-21,Baráky.cz,context,MediaHub,Android,Žena,60+,Karlovarský kraj,1,0,0,0.0,0.0
2026-08-21,Baráky.cz,context,MediaHub,Android,Žena,60+,Ústecký kraj,1,0,0,0.0,0.0
2026-08-21,Baráky.cz,context,MediaHub,Android,Žena,60+,Liberecký kraj,1,0,0,0.0,0.0
2026-08-21,Baráky.cz,context,MediaHub,Android,Žena,60+,Královéhradecký kraj,1,0,0,0.0,0.0
2026-08-21,Baráky.cz,context,MediaHub,Android,Žena,60+,Pardubický kraj,1,0,0,0.0,0.0
2026-08-21,Baráky.cz,context,MediaHub,Android,Žena,60+,Kraj Vysočina,1,0,0,0.0,0.0
2026-08-21,Baráky.cz,context,MediaHub,Android,Žena,60+,Jihomoravský kraj,1,0,0,0.0,0.0
2026-08-21,Baráky.cz,context,MediaHub,Android,Žena,60+,Olomoucký kraj,1,0,0,0.0,0.0
2026-08-21,Baráky.cz,context,MediaHub,Android,Žena,60+,Zlínský kraj,1,0,0,0.0,0.0
2026-08-21,Baráky.cz,context,MediaHub,Android,Žena,60+,Moravskoslezský kraj,1,0,0,0.0,0.0
2026-08-21,Blogeria.cz,context,SmallScreen,Android,Žena,60+,Hlavní město Praha,7,0,0,0.0,0.02
2026-08-21,Blogeria.cz,context,SmallScreen,Android,Žena,60+,Středočeský kraj,5,0,0,0.0,0.01
2026-08-21,Blogeria.cz,context,SmallScreen,Android,Žena,60+,Jihočeský kraj,1,0,0,0.0,0.0
2026-08-21,Blogeria.cz,context,SmallScreen,Android,Žena,60+,Plzeňský kraj,7,0,0,0.0,0.02
2026-08-21,Blogeria.cz,context,SmallScreen,Android,Žena,60+,Karlovarský kraj,4,0,0,0.0,0.01
2026-08-21,Blogeria.cz,context,SmallScreen,Android,Žena,60+,Ústecký kraj,4,0,0,0.0,0.01
2026-08-21,Blogeria.cz,context,SmallScreen,Android,Žena,60+,Liberecký kraj,2,0,0,0.0,0.0
2026-08-21,Blogeria.cz,context,SmallScreen,Android,Žena,60+,Královéhradecký kraj,2,0,0,0.0,0.0
2026-08-21,Blogeria.cz,context,SmallScreen,Android,Žena,60+,Pardubický kraj,2,0,0,0.0,0.0
2026-08-21,Blogeria.cz,context,SmallScreen,Android,Žena,60+,Kraj Vysočina,3,0,0,0.0,0.01
2026-08-21,Blogeria.cz,context,SmallScreen,Android,Žena,60+,Jihomoravský kraj,3,0,0,0.0,0.01
2026-08-21,Blogeria.cz,context,SmallScreen,Android,Žena,60+,Olomoucký kraj,3,0,0,0.0,0.01
2026-08-21,Blogeria.cz,context,SmallScreen,Android,Žena,60+,Zlínský kraj,5,0,0,0.0,0.01
2026-08-21,Blogeria.cz,context,SmallScreen,Android,Žena,60+,Moravskoslezský kraj,2,0,0,0.0,0.0
2026-08-21,Drbárna.cz,context,Console,Android,Muž,25 - 39,Hlavní město Praha,1,0,0,0.0,0.01
2026-08-21,Drbárna.cz,context,Console,Android,Muž,25 - 39,Středočeský kraj,61,0,0,0.0,0.38
2026-08-21,Drbárna.cz,context,Console,Android,Muž,25 - 39,Jihočeský kraj,6,0,0,0.0,0.04
2026-08-21,Drbárna.cz,context,Console,Android,Muž,25 - 39,Plzeňský kraj,15,0,0,0.0,0.09
2026-08-21,Drbárna.cz,context,Console,Android,Muž,25 - 39,Karlovarský kraj,9,0,0,0.0,0.06
2026-08-21,Drbárna.cz,context,Console,Android,Muž,25 - 39,Ústecký kraj,14,0,0,0.0,0.09
2026-08-21,Drbárna.cz,context,Console,Android,Muž,25 - 39,Liberecký kraj,10,0,0,0.0,0.06
2026-08-21,Drbárna.cz,context,Console,Android,Muž,25 - 39,Královéhradecký kraj,14,0,0,0.0,0.09
2026-08-21,Drbárna.cz,context,Console,Android,Muž,25 - 39,Pardubický kraj,9,0,0,0.0,0.06
2026-08-21,Drbárna.cz,context,Console,Android,Muž,25 - 39,Kraj Vysočina,32,0,0,0.0,0.2
2026-08-21,Drbárna.cz,context,Console,Android,Muž,25 - 39,Jihomoravský kraj,8,0,0,0.0,0.05
2026-08-21,Drbárna.cz,context,Console,Android,Muž,25 - 39,Olomoucký kraj,1,0,0,0.0,0.01
2026-08-21,Drbárna.cz,context,Console,Android,Muž,25 - 39,Zlínský kraj,8,0,0,0.0,0.05
2026-08-21,Drbárna.cz,context,Console,Android,Muž,25 - 39,Moravskoslezský kraj,1,0,0,0.0,0.01
2026-08-21,Kliknito.cz,context,,Android,Muž,40 - 59,Hlavní město Praha,1,0,0,0.0,0.0
2026-08-21,Kliknito.cz,context,,Android,Muž,40 - 59,Středočeský kraj,1,0,0,0.0,0.0
2026-08-21,Kliknito.cz,context,,Android,Muž,40 - 59,Jihočeský kraj,1,0,0,0.0,0.0
2026-08-21,Kliknito.cz,context,,Android,Muž,40 - 59,Plzeňský kraj,1,0,0,0.0,0.0
2026-08-21,Kliknito.cz,context,,Android,Muž,40 - 59,Karlovarský kraj,1,0,0,0.0,0.0
2026-08-21,Kliknito.cz,context,,Android,Muž,40 - 59,Ústecký kraj,1,0,0,0.0,0.0
2026-08-21,Kliknito.cz,context,,Android,Muž,40 - 59,Liberecký kraj,1,0,0,0.0,0.0
2026-08-21,Kliknito.cz,context,,Android,Muž,40 - 59,Královéhradecký kraj,1,0,0,0.0,0.0
2026-08-21,Kliknito.cz,context,,Android,Muž,40 - 59,Pardubický kraj,1,0,0,0.0,0.0
2026-08-21,Kliknito.cz,context,,Android,Muž,40 - 59,Kraj Vysočina,1,0,0,0.0,0.0
2026-08-21,Kliknito.cz,context,,Android,Muž,40 - 59,Jihomoravský kraj,1,0,0,0.0,0.0
2026-08-21,Kliknito.cz,context,,Android,Muž,40 - 59,Olomoucký kraj,1,0,0,0.0,0.0
2026-08-21,Kliknito.cz,context,,Android,Muž,40 - 59,Zlínský kraj,1,0,0,0.0,0.0
2026-08-21,Kliknito.cz,context,,Android,Muž,40 - 59,Moravskoslezský kraj,1,0,0,0.0,0.0
2026-08-21,Kliknito.cz,context,Tablet,iOS,Žena,25 - 39,Hlavní město Praha,6,0,0,0.0,0.01
2026-08-21,Kliknito.cz,context,Tablet,iOS,Žena,25 - 39,Středočeský kraj,4,0,0,0.0,0.0
2026-08-21,Kliknito.cz,context,Tablet,iOS,Žena,25 - 39,Jihočeský kraj,1,0,0,0.0,0.0
2026-08-21,Kliknito.cz,context,Tablet,iOS,Žena,25 - 39,Plzeňský kraj,1,0,0,0.0,0.0
2026-08-21,Kliknito.cz,context,Tablet,iOS,Žena,25 - 39,Karlovarský kraj,1,0,0,0.0,0.0
2026-08-21,Kliknito.cz,context,Tablet,iOS,Žena,25 - 39,Ústecký kraj,1,0,0,0.0,0.0
2026-08-21,Kliknito.cz,context,Tablet,iOS,Žena,25 - 39,Liberecký kraj,1,0,0,0.0,0.0
2026-08-21,Kliknito.cz,context,Tablet,iOS,Žena,25 - 39,Královéhradecký kraj,1,0,0,0.0,0.0
2026-08-21,Kliknito.cz,context,Tablet,iOS,Žena,25 - 39,Pardubický kraj,11,0,0,0.0,0.01
2026-08-21,Kliknito.cz,context,Tablet,iOS,Žena,25 - 39,Kraj Vysočina,1,0,0,0.0,0.0
2026-08-21,Kliknito.cz,context,Tablet,iOS,Žena,25 - 39,Jihomoravský kraj,2,0,0,0.0,0.0
2026-08-21,Kliknito.cz,context,Tablet,iOS,Žena,25 - 39,Olomoucký kraj,3,0,0,0.0,0.0
2026-08-21,Kliknito.cz,context,Tablet,iOS,Žena,25 - 39,Zlínský kraj,4,0,0,0.0,0.0
2026-08-21,Kliknito.cz,context,Tablet,iOS,Žena,25 - 39,Moravskoslezský kraj,5,0,0,0.0,0.01
2026-08-21,Kliknito.cz,context,Desktop,macOS,Muž,18 - 24,Hlavní město Praha,223,0,0,0.0,2.23
2026-08-21,Kliknito.cz,context,Desktop,macOS,Muž,18 - 24,Středočeský kraj,195,0,0,0.0,1.95
2026-08-21,Kliknito.cz,context,Desktop,macOS,Muž,18 - 24,Jihočeský kraj,282,3,0,0.0,2.82
2026-08-21,Kliknito.cz,context,Desktop,macOS,Muž,18 - 24,Plzeňský kraj,50,0,0,0.0,0.5
2026-08-21,Kliknito.cz,context,Desktop,macOS,Muž,18 - 24,Karlovarský kraj,221,0,0,0.0,2.21
2026-08-21,Kliknito.cz,context,Desktop,macOS,Muž,18 - 24,Ústecký kraj,15,0,0,0.0,0.15
2026-08-21,Kliknito.cz,context,Desktop,macOS,Muž,18 - 24,Liberecký kraj,676,2,0,0.0,6.76
2026-08-21,Kliknito.cz,context,Desktop,macOS,Muž,18 - 24,Královéhradecký kraj,426,0,0,0.0,4.26
2026-08-21,Kliknito.cz,context,Desktop,macOS,Muž,18 - 24,Pardubický kraj,1005,1,0,0.0,10.05
2026-08-21,Kliknito.cz,context,Desktop,macOS,Muž,18 - 24,Kraj Vysočina,155,0,0,0.0,1.55
2026-08-21,Kliknito.cz,context,Desktop,macOS,Muž,18 - 24,Jihomoravský kraj,294,1,0,0.0,2.94
2026-08-21,Kliknito.cz,context,Desktop,macOS,Muž,18 - 24,Olomoucký kraj,536,1,0,0.0,5.36
2026-08-21,Kliknito.cz,context,Desktop,macOS,Muž,18 - 24,Zlínský kraj,253,1,0,0.0,2.53
2026-08-21,Kliknito.cz,context,Desktop,macOS,Muž,18 - 24,Moravskoslezský kraj,221,0,0,0.0,2.21
2026-08-21,Kliknito.cz,context,MediaHub,Android,Muž,40 - 59,Hlavní město Praha,11,0,0,0.0,0.03
2026-08-21,Kliknito.cz,context,MediaHub,Android,Muž,40 - 59,Středočeský kraj,18,0,0,0.0,0.05
2026-08-21,Kliknito.cz,context,MediaHub,Android,Muž,40 - 59,Jihočeský kraj,29,0,0,0.0,0.08
2026-08-21,Kliknito.cz,context,MediaHub,Android,Muž,40 - 59,Plzeňský kraj,3,0,0,0.0,0.01
2026-08-21,Kliknito.cz,context,MediaHub,Android,Muž,40 - 59,Karlovarský kraj,28,0,0,0.0,0.08
2026-08-21,Kliknito.cz,context,MediaHub,Android,Muž,40 - 59,Ústecký kraj,13,0,0,0.0,0.04
2026-08-21,Kliknito.cz,context,MediaHub,Android,Muž,40 - 59,Liberecký kraj,50,0,0,0.0,0.14
2026-08-21,Kliknito.cz,context,MediaHub,Android,Muž,40 - 59,Královéhradecký kraj,29,0,0,0.0,0.08
2026-08-21,Kliknito.cz,context,MediaHub,Android,Muž,40 - 59,Pardubický kraj,9,0,0,0.0,0.02
2026-08-21,Kliknito.cz,context,MediaHub,Android,Muž,40 - 59,Kraj Vysočina,17,0,0,0.0,0.05
2026-08-21,Kliknito.cz,context,MediaHub,Android,Muž,40 - 59,Jihomoravský kraj,14,0,0,0.0,0.04
2026-08-21,Kliknito.cz,context,MediaHub,Android,Muž,40 - 59,Olomoucký kraj,34,0,0,0.0,0.09
2026-08-21,Kliknito.cz,context,MediaHub,Android,Muž,40 - 59,Zlínský kraj,52,0,0,0.0,0.14
2026-08-21,Kliknito.cz,context,MediaHub,Android,Muž,40 - 59,Moravskoslezský kraj,4,0,0,0.0,0.01
2026-08-21,Kopačka.cz,context,Desktop,,Žena,60+,Hlavní město Praha,1391,1,0,0.0,23.57
2026-08-21,Kopačka.cz,context,Desktop,,Žena,60+,Středočeský kraj,2100,5,0,0.0,35.58
2026-08-21,Kopačka.cz,context,Desktop,,Žena,60+,Jihočeský kraj,1308,1,0,0.0,22.16
2026-08-21,Kopačka.cz,context,Desktop,,Žena,60+,Plzeňský kraj,729,3,0,0.0,12.35
2026-08-21,Kopačka.cz,context,Desktop,,Žena,60+,Karlovarský kraj,367,0,0,0.0,6.22
2026-08-21,Kopačka.cz,context,Desktop,,Žena,60+,Ústecký kraj,645,1,0,0.0,10.93
2026-08-21,Kopačka.cz,context,Desktop,,Žena,60+,Liberecký kraj,2960,8,0,0.0,50.16
2026-08-21,Kopačka.cz,context,Desktop,,Žena,60+,Královéhradecký kraj,326,0,0,0.0,5.52
2026-08-21,Kopačka.cz,context,Desktop,,Žena,60+,Pardubický kraj,925,2,0,0.0,15.67
2026-08-21,Kopačka.cz,context,Desktop,,Žena,60+,Kraj Vysočina,209,0,0,0.0,3.54
2026-08-21,Kopačka.cz,context,Desktop,,Žena,60+,Jihomoravský kraj,949,0,0,0.0,16.08
2026-08-21,Kopačka.cz,context,Desktop,,Žena,60+,Olomoucký kraj,1446,4,0,0.0,24.5
2026-08-21,Kopačka.cz,context,Desktop,,Žena,60+,Zlínský kraj,386,0,0,0.0,6.54
2026-08-21,Kopačka.cz,context,Desktop,,Žena,60+,Moravskoslezský kraj,74,0,0,0.0,1.25
2026-08-21,Kopačka.cz,context,SmartPhone,Android,Neznámý,60+,Hlavní město Praha,6,0,0,0.0,0.0
2026-08-21,Kopačka.cz,context,SmartPhone,Android,Neznámý,60+,Středočeský kraj,23,0,0,0.0,0.02
2026-08-21,Kopačka.cz,context,SmartPhone,Android,Neznámý,60+,Jihočeský kraj,5,0,0,0.0,0.0
2026-08-21,Kopačka.cz,context,SmartPhone,Android,Neznámý,60+,Plzeňský kraj,12,0,0,0.0,0.01
2026-08-21,Kopačka.cz,context,SmartPhone,Android,Neznámý,60+,Karlovarský kraj,2,0,0,0.0,0.0
2026-08-21,Kopačka.cz,context,SmartPhone,Android,Neznámý,60+,Ústecký kraj,2,0,0,0.0,0.0
2026-08-21,Kopačka.cz,context,SmartPhone,Android,Neznámý,60+,Liberecký kraj,1,0,0,0.0,0.0
2026-08-21,Kopačka.cz,context,SmartPhone,Android,Neznámý,60+,Královéhradecký kraj,7,0,0,0.0,0.01
2026-08-21,Kopačka.cz,context,SmartPhone,Android,Neznámý,60+,Pardubický kraj,5,0,0,0.0,0.0
2026-08-21,Kopačka.cz,context,SmartPhone,Android,Neznámý,60+,Kraj Vysočina,6,0,0,0.0,0.0
2026-08-21,Kopačka.cz,context,SmartPhone,Android,Neznámý,60+,Jihomoravský kraj,1,0,0,0.0,0.0
2026-08-21,Kopačka.cz,context,SmartPhone,Android,Neznámý,60+,Olomoucký kraj,13,0,0,0.0,0.01
2026-08-21,Kopačka.cz,context,SmartPhone,Android,Neznámý,60+,Zlínský kraj,4,0,0,0.0,0.0
2026-08-21,Kopačka.cz,context,SmartPhone,Android,Neznámý,60+,Moravskoslezský kraj,9,0,0,0.0,0.01
2026-08-21,Kopačka.cz,context,SmartPhone,,Neznámý,40 - 59,Hlavní město Praha,1,0,0,0.0,0.0
2026-08-21,Kopačka.cz,context,SmartPhone,,Neznámý,40 - 59,Středočeský kraj,1,0,0,0.0,0.0
2026-08-21,Kopačka.cz,context,SmartPhone,,Neznámý,40 - 59,Jihočeský kraj,1,0,0,0.0,0.0
2026-08-21,Kopačka.cz,context,SmartPhone,,Neznámý,40 - 59,Plzeňský kraj,1,0,0,0.0,0.0
2026-08-21,Kopačka.cz,context,SmartPhone,,Neznámý,40 - 59,Karlovarský kraj,1,0,0,0.0,0.0
2026-08-21,Kopačka.cz,context,SmartPhone,,Neznámý,40 - 59,Ústecký kraj,1,0,0,0.0,0.0
2026-08-21,Kopačka.cz,context,SmartPhone,,Neznámý,40 - 59,Liberecký kraj,1,0,0,0.0,0.0
2026-08-21,Kopačka.cz,context,SmartPhone,,Neznámý,40 - 59,Královéhradecký kraj,1,0,0,0.0,0.0
2026-08-21,Kopačka.cz,context,SmartPhone,,Neznámý,40 - 59,Pardubický kraj,1,0,0,0.0,0.0
2026-08-21,Kopačka.cz,context,SmartPhone,,Neznámý,40 - 59,Kraj Vysočina,1,0,0,0.0,0.0
2026-08-21,Kopačka.cz,context,SmartPhone,,Neznámý,40 - 59,Jihomoravský kraj,1,0,0,0.0,0.0
2026-08-21,Kopačka.cz,context,SmartPhone,,Neznámý,40 - 59,Olomoucký kraj,1,0,0,0.0,0.0
2026-08-21,Kopačka.cz,context,SmartPhone,,Neznámý,40 - 59,Zlínský kraj,1,0,0,0.0,0.0
2026-08-21,Kopačka.cz,context,SmartPhone,,Neznámý,40 - 59,Moravskoslezský kraj,1,0,0,0.0,0.0
2026-08-21,Pozdní Zprávy,context,Mobile,,Muž,60+,Hlavní město Praha,1,0,0,0.0,0.01
2026-08-21,Pozdní Zprávy,context,Mobile,,Muž,60+,Středočeský kraj,1,0,0,0.0,0.01
2026-08-21,Pozdní Zprávy,context,Mobile,,Muž,60+,Jihočeský kraj,1,0,0,0.0,0.01
2026-08-21,Pozdní Zprávy,context,Mobile,,Muž,60+,Plzeňský kraj,1,0,0,0.0,0.01
2026-08-21,Pozdní Zprávy,context,Mobile,,Muž,60+,Karlovarský kraj,1,0,0,0.0,0.01
2026-08-21,Pozdní Zprávy,context,Mobile,,Muž,60+,Ústecký kraj,1,0,0,0.0,0.01
2026-08-21,Pozdní Zprávy,context,Mobile,,Muž,60+,Liberecký kraj,1,0,0,0.0,0.01
2026-08-21,Pozdní Zprávy,context,Mobile,,Muž,60+,Královéhradecký kraj,1,0,0,0.0,0.01
2026-08-21,Pozdní Zprávy,context,Mobile,,Muž,60+,Pardubický kraj,1,0,0,0.0,0.01
2026-08-21,Pozdní Zprávy,context,Mobile,,Muž,60+,Kraj Vysočina,1,0,0,0.0,0.01
2026-08-21,Pozdní Zprávy,context,Mobile,,Muž,60+,Jihomoravský kraj,1,0,0,0.0,0.01
2026-08-21,Pozdní Zprávy,context,Mobile,,Muž,60+,Olomoucký kraj,1,0,0,0.0,0.01
2026-08-21,Pozdní Zprávy,context,Mobile,,Muž,60+,Zlínský kraj,1,0,0,0.0,0.01
2026-08-21,Pozdní Zprávy,context,Mobile,,Muž,60+,Moravskoslezský kraj,1,0,0,0.0,0.01
2026-08-21,Pozdní Zprávy,context,Tv,Android,Žena,60+,Hlavní město Praha,2,0,0,0.0,0.0
2026-08-21,Pozdní Zprávy,context,Tv,Android,Žena,60+,Středočeský kraj,2,0,0,0.0,0.0
2026-08-21,Pozdní Zprávy,context,Tv,Android,Žena,60+,Jihočeský kraj,1,0,0,0.0,0.0
2026-08-21,Pozdní Zprávy,context,Tv,Android,Žena,60+,Plzeňský kraj,2,0,0,0.0,0.0
2026-08-21,Pozdní Zprávy,context,Tv,Android,Žena,60+,Karlovarský kraj,4,0,0,0.0,0.0
2026-08-21,Pozdní Zprávy,context,Tv,Android,Žena,60+,Ústecký kraj,8,0,0,0.0,0.01
2026-08-21,Pozdní Zprávy,context,Tv,Android,Žena,60+,Liberecký kraj,1,0,0,0.0,0.0
2026-08-21,Pozdní Zprávy,context,Tv,Android,Žena,60+,Královéhradecký kraj,1,0,0,0.0,0.0
2026-08-21,Pozdní Zprávy,context,Tv,Android,Žena,60+,Pardubický kraj,3,0,0,0.0,0.0
2026-08-21,Pozdní Zprávy,context,Tv,Android,Žena,60+,Kraj Vysočina,2,0,0,0.0,0.0
2026-08-21,Pozdní Zprávy,context,Tv,Android,Žena,60+,Jihomoravský kraj,1,0,0,0.0,0.0
2026-08-21,Pozdní Zprávy,context,Tv,Android,Žena,60+,Olomoucký kraj,2,0,0,0.0,0.0
2026-08-21,Pozdní Zprávy,context,Tv,Android,Žena,60+,Zlínský kraj,2,0,0,0.0,0.0
2026-08-21,Pozdní Zprávy,context,Tv,Android,Žena,60+,Moravskoslezský kraj,11,0,0,0.0,0.01
2026-08-21,Pozdní Zprávy,context,Tv,Android,Muž,60+,Hlavní město Praha,12,1,0,0.0,0.81
2026-08-21,Pozdní Zprávy,context,Tv,Android,Muž,60+,Středočeský kraj,16,0,0,0.0,1.08
2026-08-21,Pozdní Zprávy,context,Tv,Android,Muž,60+,Jihočeský kraj,1,0,0,0.0,0.07
2026-08-21,Pozdní Zprávy,context,Tv,Android,Muž,60+,Plzeňský kraj,7,1,0,0.0,0.47
2026-08-21,Pozdní Zprávy,context,Tv,Android,Muž,60+,Karlovarský kraj,11,0,0,0.0,0.74
2026-08-21,Pozdní Zprávy,context,Tv,Android,Muž,60+,Ústecký kraj,15,0,0,0.0,1.01
2026-08-21,Pozdní Zprávy,context,Tv,Android,Muž,60+,Liberecký kraj,1,0,0,0.0,0.07
2026-08-21,Pozdní Zprávy,context,Tv,Android,Muž,60+,Královéhradecký kraj,16,0,0,0.0,1.08
2026-08-21,Pozdní Zprávy,context,Tv,Android,Muž,60+,Pardubický kraj,1,0,0,0.0,0.07
2026-08-21,Pozdní Zprávy,context,Tv,Android,Muž,60+,Kraj Vysočina,44,0,0,0.0,2.96
2026-08-21,Pozdní Zprávy,context,Tv,Android,Muž,60+,Jihomoravský kraj,10,0,0,0.0,0.67
2026-08-21,Pozdní Zprávy,context,Tv,Android,Muž,60+,Olomoucký kraj,6,0,0,0.0,0.4
2026-08-21,Pozdní Zprávy,context,Tv,Android,Muž,60+,Zlínský kraj,6,1,0,0.0,0.4
2026-08-21,Pozdní Zprávy,context,Tv,Android,Muž,60+,Moravskoslezský kraj,43,0,0,0.0,2.9
2026-08-21,Pozdní Zprávy,context,Tv,Tizen,Žena,40 - 59,Hlavní město Praha,12,0,0,0.0,0.05
2026-08-21,Pozdní Zprávy,context,Tv,Tizen,Žena,40 - 59,Středočeský kraj,9,0,0,0.0,0.04
2026-08-21,Pozdní Zprávy,context,Tv,Tizen,Žena,40 - 59,Jihočeský kraj,7,0,0,0.0,0.03
2026-08-21,Pozdní Zprávy,context,Tv,Tizen,Žena,40 - 59,Plzeňský kraj,1,0,0,0.0,0.0
2026-08-21,Pozdní Zprávy,context,Tv,Tizen,Žena,40 - 59,Karlovarský kraj,11,0,0,0.0,0.05
2026-08-21,Pozdní Zprávy,context,Tv,Tizen,Žena,40 - 59,Ústecký kraj,9,0,0,0.0,0.04
2026-08-21,Pozdní Zprávy,context,Tv,Tizen,Žena,40 - 59,Liberecký kraj,16,0,0,0.0,0.07
2026-08-21,Pozdní Zprávy,context,Tv,Tizen,Žena,40 - 59,Královéhradecký kraj,5,0,0,0.0,0.02
2026-08-21,Pozdní Zprávy,context,Tv,Tizen,Žena,40 - 59,Pardubický kraj,17,0,0,0.0,0.08
2026-08-21,Pozdní Zprávy,context,Tv,Tizen,Žena,40 - 59,Kraj Vysočina,1,0,0,0.0,0.0
2026-08-21,Pozdní Zprávy,context,Tv,Tizen,Žena,40 - 59,Jihomoravský kraj,6,0,0,0.0,0.03
2026-08-21,Pozdní Zprávy,context,Tv,Tizen,Žena,40 - 59,Olomoucký kraj,26,0,0,0.0,0.12
2026-08-21,Pozdní Zprávy,context,Tv,Tizen,Žena,40 - 59,Zlínský kraj,10,0,0,0.0,0.05
2026-08-21,Pozdní Zprávy,context,Tv,Tizen,Žena,40 - 59,Moravskoslezský kraj,3,0,0,0.0,0.01
2026-08-21,Pozdní Zprávy,context,Tablet,iPadOS,Žena,40 - 59,Hlavní město Praha,3289,5,0,0.0,49.44
2026-08-21,Pozdní Zprávy,context,Tablet,iPadOS,Žena,40 - 59,Středočeský kraj,146,1,0,0.0,2.19
2026-08-21,Pozdní Zprávy,context,Tablet,iPadOS,Žena,40 - 59,Jihočeský kraj,1085,3,0,0.0,16.31
2026-08-21,Pozdní Zprávy,context,Tablet,iPadOS,Žena,40 - 59,Plzeňský kraj,616,1,0,0.0,9.26
2026-08-21,Pozdní Zprávy,context,Tablet,iPadOS,Žena,40 - 59,Karlovarský kraj,2124,8,0,0.0,31.93
2026-08-21,Pozdní Zprávy,context,Tablet,iPadOS,Žena,40 - 59,Ústecký kraj,774,3,0,0.0,11.63
2026-08-21,Pozdní Zprávy,context,Tablet,iPadOS,Žena,40 - 59,Liberecký kraj,1140,6,0,0.0,17.14
2026-08-21,Pozdní Zprávy,context,Tablet,iPadOS,Žena,40 - 59,Královéhradecký kraj,164,0,0,0.0,2.47
2026-08-21,Pozdní Zprávy,context,Tablet,iPadOS,Žena,40 - 59,Pardubický kraj,784,5,1,0.0,11.79
2026-08-21,Pozdní Zprávy,context,Tablet,iPadOS,Žena,40 - 59,Kraj Vysočina,967,3,0,0.0,14.54
2026-08-21,Pozdní Zprávy,context,Tablet,iPadOS,Žena,40 - 59,Jihomoravský kraj,1040,3,0,0.0,15.63
2026-08-21,Pozdní Zprávy,context,Tablet,iPadOS,Žena,40 - 59,Olomoucký kraj,747,1,0,0.0,11.23
2026-08-21,Pozdní Zprávy,context,Tablet,iPadOS,Žena,40 - 59,Zlínský kraj,1309,2,0,0.0,19.68
2026-08-21,Pozdní Zprávy,context,Tablet,iPadOS,Žena,40 - 59,Moravskoslezský kraj,139,0,0,0.0,2.09
2026-08-21,Pozdní Zprávy,context,Tv,Tizen,Muž,25 - 39,Hlavní město Praha,1,0,0,0.0,0.0
2026-08-21,Pozdní Zprávy,context,Tv,Tizen,Muž,25 - 39,Středočeský kraj,1,0,0,0.0,0.0
2026-08-21,Pozdní Zprávy,context,Tv,Tizen,Muž,25 - 39,Jihočeský kraj,1,0,0,0.0,0.0
2026-08-21,Pozdní Zprávy,context,Tv,Tizen,Muž,25 - 39,Plzeňský kraj,2,0,0,0.0,0.0
2026-08-21,Pozdní Zprávy,context,Tv,Tizen,Muž,25 - 39,Karlovarský kraj,2,0,0,0.0,0.0
2026-08-21,Pozdní Zprávy,context,Tv,Tizen,Muž,25 - 39,Ústecký kraj,1,0,0,0.0,0.0
2026-08-21,Pozdní Zprávy,context,Tv,Tizen,Muž,25 - 39,Liberecký kraj,1,0,0,0.0,0.0
2026-08-21,Pozdní Zprávy,context,Tv,Tizen,Muž,25 - 39,Královéhradecký kraj,2,0,0,0.0,0.0
2026-08-21,Pozdní Zprávy,context,Tv,Tizen,Muž,25 - 39,Pardubický kraj,2,0,0,0.0,0.0
2026-08-21,Pozdní Zprávy,context,Tv,Tizen,Muž,25 - 39,Kraj Vysočina,1,0,0,0.0,0.0
2026-08-21,Pozdní Zprávy,context,Tv,Tizen,Muž,25 - 39,Jihomoravský kraj,3,0,0,0.0,0.0
2026-08-21,Pozdní Zprávy,context,Tv,Tizen,Muž,25 - 39,Olomoucký kraj,2,0,0,0.0,0.0
2026-08-21,Pozdní Zprávy,context,Tv,Tizen,Muž,25 - 39,Zlínský kraj,1,0,0,0.0,0.0
2026-08-21,Pozdní Zprávy,context,Tv,Tizen,Muž,25 - 39,Moravskoslezský kraj,2,0,0,0.0,0.0
2026-08-21,Poštovna.cz,context,SmallScreen,Android,Muž,60+,Hlavní město Praha,1,0,0,0.0,0.0
2026-08-21,Poštovna.cz,context,SmallScreen,Android,Muž,60+,Středočeský kraj,1,0,0,0.0,0.0
2026-08-21,Poštovna.cz,context,SmallScreen,Android,Muž,60+,Jihočeský kraj,1,0,0,0.0,0.0
2026-08-21,Poštovna.cz,context,SmallScreen,Android,Muž,60+,Plzeňský kraj,1,0,0,0.0,0.0
2026-08-21,Poštovna.cz,context,SmallScreen,Android,Muž,60+,Karlovarský kraj,1,0,0,0.0,0.0
2026-08-21,Poštovna.cz,context,SmallScreen,Android,Muž,60+,Ústecký kraj,1,0,0,0.0,0.0
2026-08-21,Poštovna.cz,context,SmallScreen,Android,Muž,60+,Liberecký kraj,1,0,0,0.0,0.0
2026-08-21,Poštovna.cz,context,SmallScreen,Android,Muž,60+,Královéhradecký kraj,1,0,0,0.0,0.0
2026-08-21,Poštovna.cz,context,SmallScreen,Android,Muž,60+,Pardubický kraj,1,0,0,0.0,0.0
2026-08-21,Poštovna.cz,context,SmallScreen,Android,Muž,60+,Kraj Vysočina,1,0,0,0.0,0.0
2026-08-21,Poštovna.cz,context,SmallScreen,Android,Muž,60+,Jihomoravský kraj,1,0,0,0.0,0.0
2026-08-21,Poštovna.cz,context,SmallScreen,Android,Muž,60+,Olomoucký kraj,1,0,0,0.0,0.0
2026-08-21,Poštovna.cz,context,SmallScreen,Android,Muž,60+,Zlínský kraj,1,0,0,0.0,0.0
2026-08-21,Poštovna.cz,context,SmallScreen,Android,Muž,60+,Moravskoslezský kraj,1,0,0,0.0,0.0
2026-08-21,Poštovna.cz,context,SmartPhone,iOS,Neznámý,40 - 59,Hlavní město Praha,1,0,0,0.0,0.0
2026-08-21,Poštovna.cz,context,SmartPhone,iOS,Neznámý,40 - 59,Středočeský kraj,1,0,0,0.0,0.0
2026-08-21,Poštovna.cz,context,SmartPhone,iOS,Neznámý,40 - 59,Jihočeský kraj,1,0,0,0.0,0.0
2026-08-21,Poštovna.cz,context,SmartPhone,iOS,Neznámý,40 - 59,Plzeňský kraj,1,0,0,0.0,0.0
2026-08-21,Poštovna.cz,context,SmartPhone,iOS,Neznámý,40 - 59,Karlovarský kraj,1,0,0,0.0,0.0
2026-08-21,Poštovna.cz,context,SmartPhone,iOS,Neznámý,40 - 59,Ústecký kraj,1,0,0,0.0,0.0
2026-08-21,Poštovna.cz,context,SmartPhone,iOS,Neznámý,40 - 59,Liberecký kraj,1,0,0,0.0,0.0
2026-08-21,Poštovna.cz,context,SmartPhone,iOS,Neznámý,40 - 59,Královéhradecký kraj,1,0,0,0.0,0.0
2026-08-21,Poštovna.cz,context,SmartPhone,iOS,Neznámý,40 - 59,Pardubický kraj,1,0,0,0.0,0.0
2026-08-21,Poštovna.cz,context,SmartPhone,iOS,Neznámý,40 - 59,Kraj Vysočina,1,0,0,0.0,0.0
2026-08-21,Poštovna.cz,context,SmartPhone,iOS,Neznámý,40 - 59,Jihomoravský kraj,1,0,0,0.0,0.0
2026-08-21,Poštovna.cz,context,SmartPhone,iOS,Neznámý,40 - 59,Olomoucký kraj,1,0,0,0.0,0.0
2026-08-21,Poštovna.cz,context,SmartPhone,iOS,Neznámý,40 - 59,Zlínský kraj,1,0,0,0.0,0.0
2026-08-21,Poštovna.cz,context,SmartPhone,iOS,Neznámý,40 - 59,Moravskoslezský kraj,1,0,0,0.0,0.0
2026-08-21,Poštovna.cz,context,Desktop,ChromeOS,Žena,60+,Hlavní město Praha,194,0,0,0.0,0.68
2026-08-21,Poštovna.cz,context,Desktop,ChromeOS,Žena,60+,Středočeský kraj,80,0,0,0.0,0.28
2026-08-21,Poštovna.cz,context,Desktop,ChromeOS,Žena,60+,Jihočeský kraj,58,0,0,0.0,0.2
2026-08-21,Poštovna.cz,context,Desktop,ChromeOS,Žena,60+,Plzeňský kraj,23,0,0,0.0,0.08
2026-08-21,Poštovna.cz,context,Desktop,ChromeOS,Žena,60+,Karlovarský kraj,317,1,0,0.0,1.11
2026-08-21,Poštovna.cz,context,Desktop,ChromeOS,Žena,60+,Ústecký kraj,36,0,0,0.0,0.13
2026-08-21,Poštovna.cz,context,Desktop,ChromeOS,Žena,60+,Liberecký kraj,2,0,0,0.0,0.01
2026-08-21,Poštovna.cz,context,Desktop,ChromeOS,Žena,60+,Královéhradecký kraj,125,0,0,0.0,0.44
2026-08-21,Poštovna.cz,context,Desktop,ChromeOS,Žena,60+,Pardubický kraj,82,0,0,0.0,0.29
2026-08-21,Poštovna.cz,context,Desktop,ChromeOS,Žena,60+,Kraj Vysočina,78,0,0,0.0,0.27
2026-08-21,Poštovna.cz,context,Desktop,ChromeOS,Žena,60+,Jihomoravský kraj,63,0,0,0.0,0.22
2026-08-21,Poštovna.cz,context,Desktop,ChromeOS,Žena,60+,Olomoucký kraj,3,0,0,0.0,0.01
2026-08-21,Poštovna.cz,context,Desktop,ChromeOS,Žena,60+,Zlínský kraj,1,0,0,0.0,0.0
2026-08-21,Poštovna.cz,context,Desktop,ChromeOS,Žena,60+,Moravskoslezský kraj,29,0,0,0.0,0.1
2026-08-21,ProTety.cz,context,Tablet,Android,Neznámý,Neznámý,Hlavní město Praha,24,0,0,0.0,0.17
2026-08-21,ProTety.cz,context,Tablet,Android,Neznámý,Neznámý,Středočeský kraj,4,0,0,0.0,0.03
2026-08-21,ProTety.cz,context,Tablet,Android,Neznámý,Neznámý,Jihočeský kraj,34,0,0,0.0,0.25
2026-08-21,ProTety.cz,context,Tablet,Android,Neznámý,Neznámý,Plzeňský kraj,132,0,0,0.0,0.96
2026-08-21,ProTety.cz,context,Tablet,Android,Neznámý,Neznámý,Karlovarský kraj,31,0,0,0.0,0.22
2026-08-21,ProTety.cz,context,Tablet,Android,Neznámý,Neznámý,Ústecký kraj,105,1,0,0.0,0.76
2026-08-21,ProTety.cz,context,Tablet,Android,Neznámý,Neznámý,Liberecký kraj,38,0,0,0.0,0.28
2026-08-21,ProTety.cz,context,Tablet,Android,Neznámý,Neznámý,Královéhradecký kraj,59,1,0,0.0,0.43
2026-08-21,ProTety.cz,context,Tablet,Android,Neznámý,Neznámý,Pardubický kraj,132,0,0,0.0,0.96
2026-08-21,ProTety.cz,context,Tablet,Android,Neznámý,Neznámý,Kraj Vysočina,2,0,0,0.0,0.01
2026-08-21,ProTety.cz,context,Tablet,Android,Neznámý,Neznámý,Jihomoravský kraj,62,0,0,0.0,0.45
2026-08-21,ProTety.cz,context,Tablet,Android,Neznámý,Neznámý,Olomoucký kraj,63,0,0,0.0,0.46
2026-08-21,ProTety.cz,context,Tablet,Android,Neznámý,Neznámý,Zlínský kraj,51,0,0,0.0,0.37
2026-08-21,ProTety.cz,context,Tablet,Android,Neznámý,Neznámý,Moravskoslezský kraj,35,0,0,0.0,0.25
2026-08-21,ProTety.cz,context,Mobile,iOS,Muž,60+,Hlavní město Praha,1,0,0,0.0,0.0
2026-08-21,ProTety.cz,context,Mobile,iOS,Muž,60+,Středočeský kraj,1,0,0,0.0,0.0
2026-08-21,ProTety.cz,context,Mobile,iOS,Muž,60+,Jihočeský kraj,1,0,0,0.0,0.0
2026-08-21,ProTety.cz,context,Mobile,iOS,Muž,60+,Plzeňský kraj,1,0,0,0.0,0.0
2026-08-21,ProTety.cz,context,Mobile,iOS,Muž,60+,Karlovarský kraj,1,0,0,0.0,0.0
2026-08-21,ProTety.cz,context,Mobile,iOS,Muž,60+,Ústecký kraj,1,0,0,0.0,0.0
2026-08-21,ProTety.cz,context,Mobile,iOS,Muž,60+,Liberecký kraj,1,0,0,0.0,0.0
2026-08-21,ProTety.cz,context,Mobile,iOS,Muž,60+,Královéhradecký kraj,1,0,0,0.0,0.0
2026-08-21,ProTety.cz,context,Mobile,iOS,Muž,60+,Pardubický kraj,1,0,0,0.0,0.0
2026-08-21,ProTety.cz,context,Mobile,iOS,Muž,60+,Kraj Vysočina,1,0,0,0.0,0.0
2026-08-21,ProTety.cz,context,Mobile,iOS,Muž,60+,Jihomoravský kraj,1,0,0,0.0,0.0
2026-08-21,ProTety.cz,context,Mobile,iOS,Muž,60+,Olomoucký kraj,1,0,0,0.0,0.0
2026-08-21,ProTety.cz,context,Mobile,iOS,Muž,60+,Zlínský kraj,1,0,0,0.0,0.0
2026-08-21,ProTety.cz,context,Mobile,iOS,Muž,60+,Moravskoslezský kraj,1,0,0,0.0,0.0
2026-08-21,ProTety.cz,context,SmallScreen,Android,Neznámý,Neznámý,Hlavní město Praha,1,0,0,0.0,0.0
2026-08-21,ProTety.cz,context,SmallScreen,Android,Neznámý,Neznámý,Středočeský kraj,1,0,0,0.0,0.0
2026-08-21,ProTety.cz,context,SmallScreen,Android,Neznámý,Neznámý,Jihočeský kraj,1,0,0,0.0,0.0
2026-08-21,ProTety.cz,context,SmallScreen,Android,Neznámý,Neznámý,Plzeňský kraj,1,0,0,0.0,0.0
2026-08-21,ProTety.cz,context,SmallScreen,Android,Neznámý,Neznámý,Karlovarský kraj,1,0,0,0.0,0.0
2026-08-21,ProTety.cz,context,SmallScreen,Android,Neznámý,Neznámý,Ústecký kraj,1,0,0,0.0,0.0
2026-08-21,ProTety.cz,context,SmallScreen,Android,Neznámý,Neznámý,Liberecký kraj,1,0,0,0.0,0.0
2026-08-21,ProTety.cz,context,SmallScreen,Android,Neznámý,Neznámý,Královéhradecký kraj,1,0,0,0.0,0.0
2026-08-21,ProTety.cz,context,SmallScreen,Android,Neznámý,Neznámý,Pardubický kraj,1,0,0,0.0,0.0
2026-08-21,ProTety.cz,context,SmallScreen,Android,Neznámý,Neznámý,Kraj Vysočina,1,0,0,0.0,0.0
2026-08-21,ProTety.cz,context,SmallScreen,Android,Neznámý,Neznámý,Jihomoravský kraj,1,0,0,0.0,0.0
2026-08-21,ProTety.cz,context,SmallScreen,Android,Neznámý,Neznámý,Olomoucký kraj,1,0,0,0.0,0.0
2026-08-21,ProTety.cz,context,SmallScreen,Android,Neznámý,Neznámý,Zlínský kraj,1,0,0,0.0,0.0
2026-08-21,ProTety.cz,context,SmallScreen,Android,Neznámý,Neznámý,Moravskoslezský kraj,1,0,0,0.0,0.0
2026-08-22,Aktualitky.cz,context,Desktop,Windows,Muž,Neznámý,Hlavní město Praha,56,1,0,0.0,0.67
2026-08-22,Aktualitky.cz,context,Desktop,Windows,Muž,Neznámý,Středočeský kraj,3995,9,1,31.43,47.86
2026-08-22,Aktualitky.cz,context,Desktop,Windows,Muž,Neznámý,Jihočeský kraj,896,0,0,0.0,10.73
2026-08-22,Aktualitky.cz,context,Desktop,Windows,Muž,Neznámý,Plzeňský kraj,4104,10,0,0.0,49.17
2026-08-22,Aktualitky.cz,context,Desktop,Windows,Muž,Neznámý,Karlovarský kraj,543,1,0,0.0,6.51
2026-08-22,Aktualitky.cz,context,Desktop,Windows,Muž,Neznámý,Ústecký kraj,127,0,0,0.0,1.52
2026-08-22,Aktualitky.cz,context,Desktop,Windows,Muž,Neznámý,Liberecký kraj,7834,22,0,0.0,93.86
2026-08-22,Aktualitky.cz,context,Desktop,Windows,Muž,Neznámý,Královéhradecký kraj,21088,65,1,31.43,252.65
2026-08-22,Aktualitky.cz,context,Desktop,Windows,Muž,Neznámý,Pardubický kraj,886,1,0,0.0,10.62
2026-08-22,Aktualitky.cz,context,Desktop,Windows,Muž,Neznámý,Kraj Vysočina,144,1,0,0.0,1.73
2026-08-22,Aktualitky.cz,context,Desktop,Windows,Muž,Neznámý,Jihomoravský kraj,633,1,0,0.0,7.58
2026-08-22,Aktualitky.cz,context,Desktop,Windows,Muž,Neznámý,Olomoucký kraj,19159,59,2,62.85,229.54
2026-08-22,Aktualitky.cz,context,Desktop,Windows,Muž,Neznámý,Zlínský kraj,4449,5,0,0.0,53.3
2026-08-22,Aktualitky.cz,context,Desktop,Windows,Muž,Neznámý,Moravskoslezský kraj,142,0,0,0.0,1.7
2026-08-22,Aktualitky.cz,context,Desktop,Android,Muž,40 - 59,Hlavní město Praha,1,0,0,0.0,0.0
2026-08-22,Aktualitky.cz,context,Desktop,Android,Muž,40 - 59,Středočeský kraj,1,0,0,0.0,0.0
2026-08-22,Aktualitky.cz,context,Desktop,Android,Muž,40 - 59,Jihočeský kraj,1,0,0,0.0,0.0
2026-08-22,Aktualitky.cz,context,Desktop,Android,Muž,40 - 59,Plzeňský kraj,1,0,0,0.0,0.0
2026-08-22,Aktualitky.cz,context,Desktop,Android,Muž,40 - 59,Karlovarský kraj,1,0,0,0.0,0.0
2026-08-22,Aktualitky.cz,context,Desktop,Android,Muž,40 - 59,Ústecký kraj,1,0,0,0.0,0.0
2026-08-22,Aktualitky.cz,context,Desktop,Android,Muž,40 - 59,Liberecký kraj,1,0,0,0.0,0.0
2026-08-22,Aktualitky.cz,context,Desktop,Android,Muž,40 - 59,Královéhradecký kraj,1,0,0,0.0,0.0
2026-08-22,Aktualitky.cz,context,Desktop,Android,Muž,40 - 59,Pardubický kraj,1,0,0,0.0,0.0
2026-08-22,Aktualitky.cz,context,Desktop,Android,Muž,40 - 59,Kraj Vysočina,1,0,0,0.0,0.0
2026-08-22,Aktualitky.cz,context,Desktop,Android,Muž,40 - 59,Jihomoravský kraj,1,0,0,0.0,0.0
2026-08-22,Aktualitky.cz,context,Desktop,Android,Muž,40 - 59,Olomoucký kraj,1,0,0,0.0,0.0
2026-08-22,Aktualitky.cz,context,Desktop,Android,Muž,40 - 59,Zlínský kraj,1,0,0,0.0,0.0
2026-08-22,Aktualitky.cz,context,Desktop,Android,Muž,40 - 59,Moravskoslezský kraj,1,0,0,0.0,0.0
2026-08-22,Baráky.cz,context,SmartPhone,iOS,Muž,25 - 39,Hlavní město Praha,9041,163,0,0.0,583.12
2026-08-22,Baráky.cz,context,SmartPhone,iOS,Muž,25 - 39,Středočeský kraj,10375,205,0,0.0,669.16
2026-08-22,Baráky.cz,context,SmartPhone,iOS,Muž,25 - 39,Jihočeský kraj,2765,49,0,0.0,178.33
2026-08-22,Baráky.cz,context,SmartPhone,iOS,Muž,25 - 39,Plzeňský kraj,11872,227,0,0.0,765.71
2026-08-22,Baráky.cz,context,SmartPhone,iOS,Muž,25 - 39,Karlovarský kraj,4750,114,3,3.42,306.36
2026-08-22,Baráky.cz,context,SmartPhone,iOS,Muž,25 - 39,Ústecký kraj,3522,67,0,0.0,227.16
2026-08-22,Baráky.cz,context,SmartPhone,iOS,Muž,25 - 39,Liberecký kraj,16625,354,0,0.0,1072.27
2026-08-22,Baráky.cz,context,SmartPhone,iOS,Muž,25 - 39,Královéhradecký kraj,30931,622,0,0.0,1994.96
2026-08-22,Baráky.cz,context,SmartPhone,iOS,Muž,25 - 39,Pardubický kraj,29443,593,0,0.0,1898.99
2026-08-22,Baráky.cz,context,SmartPhone,iOS,Muž,25 - 39,Kraj Vysočina,1310,27,0,0.0,84.49
2026-08-22,Baráky.cz,context,SmartPhone,iOS,Muž,25 - 39,Jihomoravský kraj,2199,53,1,1.14,141.83
2026-08-22,Baráky.cz,context,SmartPhone,iOS,Muž,25 - 39,Olomoucký kraj,7872,189,0,0.0,507.72
2026-08-22,Baráky.cz,context,SmartPhone,iOS,Muž,25 - 39,Zlínský kraj,19171,425,3,3.42,1236.48
2026-08-22,Baráky.cz,context,SmartPhone,iOS,Muž,25 - 39,Moravskoslezský kraj,448,12,0,0.0,28.89
2026-08-22,Drbárna.cz,context,Tv,,Muž,40 - 59,Hlavní město Praha,118,0,0,0.0,1.38
2026-08-22,Drbárna.cz,context,Tv,,Muž,40 - 59,Středočeský kraj,210,0,0,0.0,2.45
2026-08-22,Drbárna.cz,context,Tv,,Muž,40 - 59,Jihočeský kraj,19,0,0,0.0,0.22
2026-08-22,Drbárna.cz,context,Tv,,Muž,40 - 59,Plzeňský kraj,175,1,0,0.0,2.04
2026-08-22,Drbárna.cz,context,Tv,,Muž,40 - 59,Karlovarský kraj,35,0,0,0.0,0.41
2026-08-22,Drbárna.cz,context,Tv,,Muž,40 - 59,Ústecký kraj,118,2,0,0.0,1.38
2026-08-22,Drbárna.cz,context,Tv,,Muž,40 - 59,Liberecký kraj,18,0,0,0.0,0.21
2026-08-22,Drbárna.cz,context,Tv,,Muž,40 - 59,Královéhradecký kraj,150,0,0,0.0,1.75
2026-08-22,Drbárna.cz,context,Tv,,Muž,40 - 59,Pardubický kraj,15,0,0,0.0,0.17
2026-08-22,Drbárna.cz,context,Tv,,Muž,40 - 59,Kraj Vysočina,58,0,0,0.0,0.68
2026-08-22,Drbárna.cz,context,Tv,,Muž,40 - 59,Jihomoravský kraj,296,0,0,0.0,3.45
2026-08-22,Drbárna.cz,context,Tv,,Muž,40 - 59,Olomoucký kraj,299,1,0,0.0,3.49
2026-08-22,Drbárna.cz,context,Tv,,Muž,40 - 59,Zlínský kraj,16,0,0,0.0,0.19
2026-08-22,Drbárna.cz,context,Tv,,Muž,40 - 59,Moravskoslezský kraj,1,0,0,0.0,0.01
2026-08-22,Drbárna.cz,context,Desktop,macOS,Žena,18 - 24,Hlavní město Praha,569,1,0,0.0,2.99
2026-08-22,Drbárna.cz,context,Desktop,macOS,Žena,18 - 24,Středočeský kraj,120,0,0,0.0,0.63
2026-08-22,Drbárna.cz,context,Desktop,macOS,Žena,18 - 24,Jihočeský kraj,249,1,0,0.0,1.31
2026-08-22,Drbárna.cz,context,Desktop,macOS,Žena,18 - 24,Plzeňský kraj,67,0,0,0.0,0.35
2026-08-22,Drbárna.cz,context,Desktop,macOS,Žena,18 - 24,Karlovarský kraj,162,0,0,0.0,0.85
2026-08-22,Drbárna.cz,context,Desktop,macOS,Žena,18 - 24,Ústecký kraj,320,0,0,0.0,1.68
2026-08-22,Drbárna.cz,context,Desktop,macOS,Žena,18 - 24,Liberecký kraj,44,0,0,0.0,0.23
2026-08-22,Drbárna.cz,context,Desktop,macOS,Žena,18 - 24,Královéhradecký kraj,1,0,0,0.0,0.01
2026-08-22,Drbárna.cz,context,Desktop,macOS,Žena,18 - 24,Pardubický kraj,28,0,0,0.0,0.15
2026-08-22,Drbárna.cz,context,Desktop,macOS,Žena,18 - 24,Kraj Vysočina,5,0,0,0.0,0.03
2026-08-22,Drbárna.cz,context,Desktop,macOS,Žena,18 - 24,Jihomoravský kraj,6,0,0,0.0,0.03
2026-08-22,Drbárna.cz,context,Desktop,macOS,Žena,18 - 24,Olomoucký kraj,105,0,0,0.0,0.55
2026-08-22,Drbárna.cz,context,Desktop,macOS,Žena,18 - 24,Zlínský kraj,115,0,0,0.0,0.6
2026-08-22,Drbárna.cz,context,Desktop,macOS,Žena,18 - 24,Moravskoslezský kraj,66,0,0,0.0,0.35
2026-08-22,Drbárna.cz,context,Desktop,,Žena,40 - 59,Hlavní město Praha,1847,4,0,0.0,38.91
2026-08-22,Drbárna.cz,context,Desktop,,Žena,40 - 59,Středočeský kraj,83,0,0,0.0,1.75
2026-08-22,Drbárna.cz,context,Desktop,,Žena,40 - 59,Jihočeský kraj,67,0,0,0.0,1.41
2026-08-22,Drbárna.cz,context,Desktop,,Žena,40 - 59,Plzeňský kraj,334,1,0,0.0,7.04
2026-08-22,Drbárna.cz,context,Desktop,,Žena,40 - 59,Karlovarský kraj,4306,8,2,0.0,90.71
2026-08-22,Drbárna.cz,context,Desktop,,Žena,40 - 59,Ústecký kraj,369,0,0,0.0,7.77
2026-08-22,Drbárna.cz,context,Desktop,,Žena,40 - 59,Liberecký kraj,2982,8,1,0.0,62.82
2026-08-22,Drbárna.cz,context,Desktop,,Žena,40 - 59,Královéhradecký kraj,1072,2,0,0.0,22.58
2026-08-22,Drbárna.cz,context,Desktop,,Žena,40 - 59,Pardubický kraj,2233,2,0,0.0,47.04
2026-08-22,Drbárna.cz,context,Desktop,,Žena,40 - 59,Kraj Vysočina,12937,30,2,0.0,272.54
2026-08-22,Drbárna.cz,context,Desktop,,Žena,40 - 59,Jihomoravský kraj,2639,9,1,0.0,55.59
2026-08-22,Drbárna.cz,context,Desktop,,Žena,40 - 59,Olomoucký kraj,6,0,0,0.0,0.13
2026-08-22,Drbárna.cz,context,Desktop,,Žena,40 - 59,Zlínský kraj,1176,2,0,0.0,24.77
2026-08-22,Drbárna.cz,context,Desktop,,Žena,40 - 59,Moravskoslezský kraj,7,0,0,0.0,0.15
2026-08-22,Drbárna.cz,context,MediaHub,Android,Žena,40 - 59,Hlavní město Praha,22,1,0,0.0,0.9
2026-08-22,Drbárna.cz,context,MediaHub,Android,Žena,40 - 59,Středočeský kraj,17,0,0,0.0,0.7
2026-08-22,Drbárna.cz,context,MediaHub,Android,Žena,40 - 59,Jihočeský kraj,1,0,0,0.0,0.04
2026-08-22,Drbárna.cz,context,MediaHub,Android,Žena,40 - 59,Plzeňský kraj,1,0,0,0.0,0.04
2026-08-22,Drbárna.cz,context,MediaHub,Android,Žena,40 - 59,Karlovarský kraj,7,0,0,0.0,0.29
2026-08-22,Drbárna.cz,context,MediaHub,Android,Žena,40 - 59,Ústecký kraj,1,0,0,0.0,0.04
2026-08-22,Drbárna.cz,context,MediaHub,Android,Žena,40 - 59,Liberecký kraj,2,0,0,0.0,0.08
2026-08-22,Drbárna.cz,context,MediaHub,Android,Žena,40 - 59,Královéhradecký kraj,2,0,0,0.0,0.08
2026-08-22,Drbárna.cz,context,MediaHub,Android,Žena,40 - 59,Pardubický kraj,3,0,0,0.0,0.12
2026-08-22,Drbárna.cz,context,MediaHub,Android,Žena,40 - 59,Kraj Vysočina,9,0,0,0.0,0.37
2026-08-22,Drbárna.cz,context,MediaHub,Android,Žena,40 - 59,Jihomoravský kraj,3,0,0,0.0,0.12
2026-08-22,Drbárna.cz,context,MediaHub,Android,Žena,40 - 59,Olomoucký kraj,6,0,0,0.0,0.25
2026-08-22,Drbárna.cz,context,MediaHub,Android,Žena,40 - 59,Zlínský kraj,3,0,0,0.0,0.12
2026-08-22,Drbárna.cz,context,MediaHub,Android,Žena,40 - 59,Moravskoslezský kraj,3,0,0,0.0,0.12
2026-08-22,Kliknito.cz,context,Desktop,macOS,Neznámý,25 - 39,Hlavní město Praha,1,0,0,0.0,0.0
2026-08-22,Kliknito.cz,context,Desktop,macOS,Neznámý,25 - 39,Středočeský kraj,1,0,0,0.0,0.0
2026-08-22,Kliknito.cz,context,Desktop,macOS,Neznámý,25 - 39,Jihočeský kraj,1,0,0,0.0,0.0
2026-08-22,Kliknito.cz,context,Desktop,macOS,Neznámý,25 - 39,Plzeňský kraj,1,0,0,0.0,0.0
2026-08-22,Kliknito.cz,context,Desktop,macOS,Neznámý,25 - 39,Karlovarský kraj,1,0,0,0.0,0.0
2026-08-22,Kliknito.cz,context,Desktop,macOS,Neznámý,25 - 39,Ústecký kraj,1,0,0,0.0,0.0
2026-08-22,Kliknito.cz,context,Desktop,macOS,Neznámý,25 - 39,Liberecký kraj,1,0,0,0.0,0.0
2026-08-22,Kliknito.cz,context,Desktop,macOS,Neznámý,25 - 39,Královéhradecký kraj,1,0,0,0.0,0.0
2026-08-22,Kliknito.cz,context,Desktop,macOS,Neznámý,25 - 39,Pardubický kraj,1,0,0,0.0,0.0
2026-08-22,Kliknito.cz,context,Desktop,macOS,Neznámý,25 - 39,Kraj Vysočina,1,0,0,0.0,0.0
2026-08-22,Kliknito.cz,context,Desktop,macOS,Neznámý,25 - 39,Jihomoravský kraj,1,0,0,0.0,0.0
2026-08-22,Kliknito.cz,context,Desktop,macOS,Neznámý,25 - 39,Olomoucký kraj,1,0,0,0.0,0.0
2026-08-22,Kliknito.cz,context,Desktop,macOS,Neznámý,25 - 39,Zlínský kraj,1,0,0,0.0,0.0
2026-08-22,Kliknito.cz,context,Desktop,macOS,Neznámý,25 - 39,Moravskoslezský kraj,1,0,0,0.0,0.0
2026-08-22,Kliknito.cz,context,Tv,Tizen,Muž,25 - 39,Hlavní město Praha,8,0,0,0.0,0.02
2026-08-22,Kliknito.cz,context,Tv,Tizen,Muž,25 - 39,Středočeský kraj,2,0,0,0.0,0.0
2026-08-22,Kliknito.cz,context,Tv,Tizen,Muž,25 - 39,Jihočeský kraj,1,0,0,0.0,0.0
2026-08-22,Kliknito.cz,context,Tv,Tizen,Muž,25 - 39,Plzeňský kraj,1,0,0,0.0,0.0
2026-08-22,Kliknito.cz,context,Tv,Tizen,Muž,25 - 39,Karlovarský kraj,7,0,0,0.0,0.01
2026-08-22,Kliknito.cz,context,Tv,Tizen,Muž,25 - 39,Ústecký kraj,4,0,0,0.0,0.01
2026-08-22,Kliknito.cz,context,Tv,Tizen,Muž,25 - 39,Liberecký kraj,9,0,0,0.0,0.02
2026-08-22,Kliknito.cz,context,Tv,Tizen,Muž,25 - 39,Královéhradecký kraj,2,0,0,0.0,0.0
2026-08-22,Kliknito.cz,context,Tv,Tizen,Muž,25 - 39,Pardubický kraj,4,0,0,0.0,0.01
2026-08-22,Kliknito.cz,context,Tv,Tizen,Muž,25 - 39,Kraj Vysočina,8,0,0,0.0,0.02
2026-08-22,Kliknito.cz,context,Tv,Tizen,Muž,25 - 39,Jihomoravský kraj,5,0,0,0.0,0.01
2026-08-22,Kliknito.cz,context,Tv,Tizen,Muž,25 - 39,Olomoucký kraj,1,0,0,0.0,0.0
2026-08-22,Kliknito.cz,context,Tv,Tizen,Muž,25 - 39,Zlínský kraj,5,0,0,0.0,0.01
2026-08-22,Kliknito.cz,context,Tv,Tizen,Muž,25 - 39,Moravskoslezský kraj,1,0,0,0.0,0.0
2026-08-22,Kliknito.cz,context,Desktop,,Neznámý,40 - 59,Hlavní město Praha,1,0,0,0.0,0.0
2026-08-22,Kliknito.cz,context,Desktop,,Neznámý,40 - 59,Středočeský kraj,1,0,0,0.0,0.0
2026-08-22,Kliknito.cz,context,Desktop,,Neznámý,40 - 59,Jihočeský kraj,1,0,0,0.0,0.0
2026-08-22,Kliknito.cz,context,Desktop,,Neznámý,40 - 59,Plzeňský kraj,1,0,0,0.0,0.0
2026-08-22,Kliknito.cz,context,Desktop,,Neznámý,40 - 59,Karlovarský kraj,1,0,0,0.0,0.0
2026-08-22,Kliknito.cz,context,Desktop,,Neznámý,40 - 59,Ústecký kraj,1,0,0,0.0,0.0
2026-08-22,Kliknito.cz,context,Desktop,,Neznámý,40 - 59,Liberecký kraj,1,0,0,0.0,0.0
2026-08-22,Kliknito.cz,context,Desktop,,Neznámý,40 - 59,Královéhradecký kraj,1,0,0,0.0,0.0
2026-08-22,Kliknito.cz,context,Desktop,,Neznámý,40 - 59,Pardubický kraj,1,0,0,0.0,0.0
2026-08-22,Kliknito.cz,context,Desktop,,Neznámý,40 - 59,Kraj Vysočina,1,0,0,0.0,0.0
2026-08-22,Kliknito.cz,context,Desktop,,Neznámý,40 - 59,Jihomoravský kraj,1,0,0,0.0,0.0
2026-08-22,Kliknito.cz,context,Desktop,,Neznámý,40 - 59,Olomoucký kraj,1,0,0,0.0,0.0
2026-08-22,Kliknito.cz,context,Desktop,,Neznámý,40 - 59,Zlínský kraj,1,0,0,0.0,0.0
2026-08-22,Kliknito.cz,context,Desktop,,Neznámý,40 - 59,Moravskoslezský kraj,1,0,0,0.0,0.0
2026-08-22,Kliknito.cz,context,,,Neznámý,Neznámý,Hlavní město Praha,1,0,0,0.0,0.0
2026-08-22,Kliknito.cz,context,,,Neznámý,Neznámý,Středočeský kraj,1,0,0,0.0,0.0
2026-08-22,Kliknito.cz,context,,,Neznámý,Neznámý,Jihočeský kraj,1,0,0,0.0,0.0
2026-08-22,Kliknito.cz,context,,,Neznámý,Neznámý,Plzeňský kraj,1,0,0,0.0,0.0
2026-08-22,Kliknito.cz,context,,,Neznámý,Neznámý,Karlovarský kraj,1,0,0,0.0,0.0
2026-08-22,Kliknito.cz,context,,,Neznámý,Neznámý,Ústecký kraj,1,0,0,0.0,0.0
2026-08-22,Kliknito.cz,context,,,Neznámý,Neznámý,Liberecký kraj,3,0,0,0.0,0.01
2026-08-22,Kliknito.cz,context,,,Neznámý,Neznámý,Královéhradecký kraj,1,0,0,0.0,0.0
2026-08-22,Kliknito.cz,context,,,Neznámý,Neznámý,Pardubický kraj,1,0,0,0.0,0.0
2026-08-22,Kliknito.cz,context,,,Neznámý,Neznámý,Kraj Vysočina,2,0,0,0.0,0.01
2026-08-22,Kliknito.cz,context,,,Neznámý,Neznámý,Jihomoravský kraj,1,0,0,0.0,0.0
2026-08-22,Kliknito.cz,context,,,Neznámý,Neznámý,Olomoucký kraj,1,0,0,0.0,0.0
2026-08-22,Kliknito.cz,context,,,Neznámý,Neznámý,Zlínský kraj,1,0,0,0.0,0.0
2026-08-22,Kliknito.cz,context,,,Neznámý,Neznámý,Moravskoslezský kraj,1,0,0,0.0,0.0
2026-08-22,Kliknito.cz,context,SmartPhone,Android,Žena,60+,Hlavní město Praha,3400,27,1,289.83,101.7
2026-08-22,Kliknito.cz,context,SmartPhone,Android,Žena,60+,Středočeský kraj,92481,745,20,5796.63,2766.23
2026-08-22,Kliknito.cz,context,SmartPhone,Android,Žena,60+,Jihočeský kraj,649896,5119,206,59705.31,19439.22
2026-08-22,Kliknito.cz,context,SmartPhone,Android,Žena,60+,Plzeňský kraj,143241,1147,32,9274.61,4284.52
2026-08-22,Kliknito.cz,context,SmartPhone,Android,Žena,60+,Karlovarský kraj,438738,3466,125,36228.95,13123.22
2026-08-22,Kliknito.cz,context,SmartPhone,Android,Žena,60+,Ústecký kraj,156571,1180,39,11303.43,4683.24
2026-08-22,Kliknito.cz,context,SmartPhone,Android,Žena,60+,Liberecký kraj,122087,961,39,11303.43,3651.78
2026-08-22,Kliknito.cz,context,SmartPhone,Android,Žena,60+,Královéhradecký kraj,418513,3350,138,39996.76,12518.26
2026-08-22,Kliknito.cz,context,SmartPhone,Android,Žena,60+,Pardubický kraj,254413,2007,87,25215.35,7609.82
2026-08-22,Kliknito.cz,context,SmartPhone,Android,Žena,60+,Kraj Vysočina,118946,973,30,8694.95,3557.83
2026-08-22,Kliknito.cz,context,SmartPhone,Android,Žena,60+,Jihomoravský kraj,178838,1425,50,14491.58,5349.27
2026-08-22,Kliknito.cz,context,SmartPhone,Android,Žena,60+,Olomoucký kraj,74120,556,19,5506.8,2217.02
2026-08-22,Kliknito.cz,context,SmartPhone,Android,Žena,60+,Zlínský kraj,458573,3614,137,39706.93,13716.51
2026-08-22,Kliknito.cz,context,SmartPhone,Android,Žena,60+,Moravskoslezský kraj,623243,4972,171,49561.2,18642.0
2026-08-22,Kopačka.cz,context,SmartPhone,Android,Žena,40 - 59,Hlavní město Praha,4253,10,0,0.0,41.65
2026-08-22,Kopačka.cz,context,SmartPhone,Android,Žena,40 - 59,Středočeský kraj,17698,30,2,251.84,173.3
2026-08-22,Kopačka.cz,context,SmartPhone,Android,Žena,40 - 59,Jihočeský kraj,38485,68,2,251.84,376.84
2026-08-22,Kopačka.cz,context,SmartPhone,Android,Žena,40 - 59,Plzeňský kraj,9334,21,0,0.0,91.4
2026-08-22,Kopačka.cz,context,SmartPhone,Android,Žena,40 - 59,Karlovarský kraj,3142,6,1,125.92,30.77
2026-08-22,Kopačka.cz,context,SmartPhone,Android,Žena,40 - 59,Ústecký kraj,5840,18,2,251.84,57.18
2026-08-22,Kopačka.cz,context,SmartPhone,Android,Žena,40 - 59,Liberecký kraj,19597,36,1,125.92,191.89
2026-08-22,Kopačka.cz,context,SmartPhone,Android,Žena,40 - 59,Královéhradecký kraj,9667,22,1,125.92,94.66
2026-08-22,Kopačka.cz,context,SmartPhone,Android,Žena,40 - 59,Pardubický kraj,418,3,0,0.0,4.09
2026-08-22,Kopačka.cz,context,SmartPhone,Android,Žena,40 - 59,Kraj Vysočina,16700,33,0,0.0,163.53
2026-08-22,Kopačka.cz,context,SmartPhone,Android,Žena,40 - 59,Jihomoravský kraj,25706,49,0,0.0,251.71
2026-08-22,Kopačka.cz,context,SmartPhone,Android,Žena,40 - 59,Olomoucký kraj,13131,24,0,0.0,128.58
2026-08-22,Kopačka.cz,context,SmartPhone,Android,Žena,40 - 59,Zlínský kraj,15881,21,0,0.0,155.51
2026-08-22,Kopačka.cz,context,SmartPhone,Android,Žena,40 - 59,Moravskoslezský kraj,70403,111,6,755.52,689.38
2026-08-22,Kopačka.cz,context,Desktop,ChromeOS,Muž,25 - 39,Hlavní město Praha,2,0,0,0.0,0.01
2026-08-22,Kopačka.cz,context,Desktop,ChromeOS,Muž,25 - 39,Středočeský kraj,103,0,0,0.0,0.37
2026-08-22,Kopačka.cz,context,Desktop,ChromeOS,Muž,25 - 39,Jihočeský kraj,3,0,0,0.0,0.01
2026-08-22,Kopačka.cz,context,Desktop,ChromeOS,Muž,25 - 39,Plzeňský kraj,2,0,0,0.0,0.01
2026-08-22,Kopačka.cz,context,Desktop,ChromeOS,Muž,25 - 39,Karlovarský kraj,4,0,0,0.0,0.01
2026-08-22,Kopačka.cz,context,Desktop,ChromeOS,Muž,25 - 39,Ústecký kraj,10,0,0,0.0,0.04
2026-08-22,Kopačka.cz,context,Desktop,ChromeOS,Muž,25 - 39,Liberecký kraj,9,0,0,0.0,0.03
2026-08-22,Kopačka.cz,context,Desktop,ChromeOS,Muž,25 - 39,Královéhradecký kraj,14,0,0,0.0,0.05
2026-08-22,Kopačka.cz,context,Desktop,ChromeOS,Muž,25 - 39,Pardubický kraj,14,0,0,0.0,0.05
2026-08-22,Kopačka.cz,context,Desktop,ChromeOS,Muž,25 - 39,Kraj Vysočina,9,0,0,0.0,0.03
2026-08-22,Kopačka.cz,context,Desktop,ChromeOS,Muž,25 - 39,Jihomoravský kraj,6,0,0,0.0,0.02
2026-08-22,Kopačka.cz,context,Desktop,ChromeOS,Muž,25 - 39,Olomoucký kraj,24,0,0,0.0,0.09
2026-08-22,Kopačka.cz,context,Desktop,ChromeOS,Muž,25 - 39,Zlínský kraj,35,0,0,0.0,0.12
2026-08-22,Kopačka.cz,context,Desktop,ChromeOS,Muž,25 - 39,Moravskoslezský kraj,29,0,0,0.0,0.1
2026-08-22,Kopačka.cz,context,SmartPhone,iOS,Muž,25 - 39,Hlavní město Praha,1923,4,0,0.0,13.04
2026-08-22,Kopačka.cz,context,SmartPhone,iOS,Muž,25 - 39,Středočeský kraj,14445,11,2,0.0,97.94
2026-08-22,Kopačka.cz,context,SmartPhone,iOS,Muž,25 - 39,Jihočeský kraj,11298,13,0,0.0,76.61
2026-08-22,Kopačka.cz,context,SmartPhone,iOS,Muž,25 - 39,Plzeňský kraj,171,0,0,0.0,1.16
2026-08-22,Kopačka.cz,context,SmartPhone,iOS,Muž,25 - 39,Karlovarský kraj,13475,10,0,0.0,91.37
2026-08-22,Kopačka.cz,context,SmartPhone,iOS,Muž,25 - 39,Ústecký kraj,9671,7,0,0.0,65.57
2026-08-22,Kopačka.cz,context,SmartPhone,iOS,Muž,25 - 39,Liberecký kraj,7426,14,0,0.0,50.35
2026-08-22,Kopačka.cz,context,SmartPhone,iOS,Muž,25 - 39,Královéhradecký kraj,19748,12,1,0.0,133.9
2026-08-22,Kopačka.cz,context,SmartPhone,iOS,Muž,25 - 39,Pardubický kraj,4936,3,0,0.0,33.47
2026-08-22,Kopačka.cz,context,SmartPhone,iOS,Muž,25 - 39,Kraj Vysočina,2475,1,0,0.0,16.78
2026-08-22,Kopačka.cz,context,SmartPhone,iOS,Muž,25 - 39,Jihomoravský kraj,25052,29,2,0.0,169.87
2026-08-22,Kopačka.cz,context,SmartPhone,iOS,Muž,25 - 39,Olomoucký kraj,30427,36,4,0.0,206.31
2026-08-22,Kopačka.cz,context,SmartPhone,iOS,Muž,25 - 39,Zlínský kraj,34421,30,0,0.0,233.39
2026-08-22,Kopačka.cz,context,SmartPhone,iOS,Muž,25 - 39,Moravskoslezský kraj,8971,5,0,0.0,60.83
2026-08-22,Kámoši.net,context,Desktop,macOS,Žena,Neznámý,Hlavní město Praha,104,0,0,0.0,0.1
2026-08-22,Kámoši.net,context,Desktop,macOS,Žena,Neznámý,Středočeský kraj,68,0,0,0.0,0.06
2026-08-22,Kámoši.net,context,Desktop,macOS,Žena,Neznámý,Jihočeský kraj,537,1,0,0.0,0.51
2026-08-22,Kámoši.net,context,Desktop,macOS,Žena,Neznámý,Plzeňský kraj,96,0,0,0.0,0.09
2026-08-22,Kámoši.net,context,Desktop,macOS,Žena,Neznámý,Karlovarský kraj,177,0,0,0.0,0.17
2026-08-22,Kámoši.net,context,Desktop,macOS,Žena,Neznámý,Ústecký kraj,68,0,0,0.0,0.06
2026-08-22,Kámoši.net,context,Desktop,macOS,Žena,Neznámý,Liberecký kraj,136,0,0,0.0,0.13
2026-08-22,Kámoši.net,context,Desktop,macOS,Žena,Neznámý,Královéhradecký kraj,92,0,0,0.0,0.09
2026-08-22,Kámoši.net,context,Desktop,macOS,Žena,Neznámý,Pardubický kraj,143,0,0,0.0,0.14
2026-08-22,Kámoši.net,context,Desktop,macOS,Žena,Neznámý,Kraj Vysočina,58,0,0,0.0,0.06
2026-08-22,Kámoši.net,context,Desktop,macOS,Žena,Neznámý,Jihomoravský kraj,429,0,0,0.0,0.41
2026-08-22,Kámoši.net,context,Desktop,macOS,Žena,Neznámý,Olomoucký kraj,21,0,0,0.0,0.02
2026-08-22,Kámoši.net,context,Desktop,macOS,Žena,Neznámý,Zlínský kraj,151,0,0,0.0,0.14
2026-08-22,Kámoši.net,context,Desktop,macOS,Žena,Neznámý,Moravskoslezský kraj,53,0,0,0.0,0.05
2026-08-22,Pozdní Zprávy,context,MediaHub,,Žena,60+,Hlavní město Praha,14,0,0,0.0,0.0
2026-08-22,Pozdní Zprávy,context,MediaHub,,Žena,60+,Středočeský kraj,1,0,0,0.0,0.0
2026-08-22,Pozdní Zprávy,context,MediaHub,,Žena,60+,Jihočeský kraj,7,0,0,0.0,0.0
2026-08-22,Pozdní Zprávy,context,MediaHub,,Žena,60+,Plzeňský kraj,1,0,0,0.0,0.0
2026-08-22,Pozdní Zprávy,context,MediaHub,,Žena,60+,Karlovarský kraj,6,0,0,0.0,0.0
2026-08-22,Pozdní Zprávy,context,MediaHub,,Žena,60+,Ústecký kraj,2,0,0,0.0,0.0
2026-08-22,Pozdní Zprávy,context,MediaHub,,Žena,60+,Liberecký kraj,3,0,0,0.0,0.0
2026-08-22,Pozdní Zprávy,context,MediaHub,,Žena,60+,Královéhradecký kraj,4,0,0,0.0,0.0
2026-08-22,Pozdní Zprávy,context,MediaHub,,Žena,60+,Pardubický kraj,10,0,0,0.0,0.0
2026-08-22,Pozdní Zprávy,context,MediaHub,,Žena,60+,Kraj Vysočina,14,0,0,0.0,0.0
2026-08-22,Pozdní Zprávy,context,MediaHub,,Žena,60+,Jihomoravský kraj,3,0,0,0.0,0.0
2026-08-22,Pozdní Zprávy,context,MediaHub,,Žena,60+,Olomoucký kraj,4,0,0,0.0,0.0
2026-08-22,Pozdní Zprávy,context,MediaHub,,Žena,60+,Zlínský kraj,2,0,0,0.0,0.0
2026-08-22,Pozdní Zprávy,context,MediaHub,,Žena,60+,Moravskoslezský kraj,2,0,0,0.0,0.0
2026-08-22,Pozdní Zprávy,context,,,Žena,60+,Hlavní město Praha,2,0,0,0.0,0.01
2026-08-22,Pozdní Zprávy,context,,,Žena,60+,Středočeský kraj,2,0,0,0.0,0.01
2026-08-22,Pozdní Zprávy,context,,,Žena,60+,Jihočeský kraj,3,0,0,0.0,0.01
2026-08-22,Pozdní Zprávy,context,,,Žena,60+,Plzeňský kraj,4,0,0,0.0,0.02
2026-08-22,Pozdní Zprávy,context,,,Žena,60+,Karlovarský kraj,1,0,0,0.0,0.0
2026-08-22,Pozdní Zprávy,context,,,Žena,60+,Ústecký kraj,4,0,0,0.0,0.02
2026-08-22,Pozdní Zprávy,context,,,Žena,60+,Liberecký kraj,4,0,0,0.0,0.02
2026-08-22,Pozdní Zprávy,context,,,Žena,60+,Královéhradecký kraj,3,0,0,0.0,0.01
2026-08-22,Pozdní Zprávy,context,,,Žena,60+,Pardubický kraj,4,0,0,0.0,0.02
2026-08-22,Pozdní Zprávy,context,,,Žena,60+,Kraj Vysočina,8,0,0,0.0,0.03
2026-08-22,Pozdní Zprávy,context,,,Žena,60+,Jihomoravský kraj,7,0,0,0.0,0.03
2026-08-22,Pozdní Zprávy,context,,,Žena,60+,Olomoucký kraj,3,0,0,0.0,0.01
2026-08-22,Pozdní Zprávy,context,,,Žena,60+,Zlínský kraj,2,0,0,0.0,0.01
2026-08-22,Pozdní Zprávy,context,,,Žena,60+,Moravskoslezský kraj,6,0,0,0.0,0.02
2026-08-22,Pozdní Zprávy,context,SmartPhone,Android,Muž,25 - 39,Hlavní město Praha,46944,100,4,80.51,608.27
2026-08-22,Pozdní Zprávy,context,SmartPhone,Android,Muž,25 - 39,Středočeský kraj,83620,207,7,140.89,1083.5
2026-08-22,Pozdní Zprávy,context,SmartPhone,Android,Muž,25 - 39,Jihočeský kraj,1839,6,0,0.0,23.83
2026-08-22,Pozdní Zprávy,context,SmartPhone,Android,Muž,25 - 39,Plzeňský kraj,19792,60,2,40.25,256.45
2026-08-22,Pozdní Zprávy,context,SmartPhone,Android,Muž,25 - 39,Karlovarský kraj,28999,84,2,40.25,375.75
2026-08-22,Pozdní Zprávy,context,SmartPhone,Android,Muž,25 - 39,Ústecký kraj,40918,107,5,100.64,530.19
2026-08-22,Pozdní Zprávy,context,SmartPhone,Android,Muž,25 - 39,Liberecký kraj,21917,54,4,80.51,283.99
2026-08-22,Pozdní Zprávy,context,SmartPhone,Android,Muž,25 - 39,Královéhradecký kraj,30117,73,2,40.25,390.24
2026-08-22,Pozdní Zprávy,context,SmartPhone,Android,Muž,25 - 39,Pardubický kraj,112789,279,6,120.76,1461.45
2026-08-22,Pozdní Zprávy,context,SmartPhone,Android,Muž,25 - 39,Kraj Vysočina,21831,50,4,80.51,282.87
2026-08-22,Pozdní Zprávy,context,SmartPhone,Android,Muž,25 - 39,Jihomoravský kraj,17877,40,3,60.38,231.64
2026-08-22,Pozdní Zprávy,context,SmartPhone,Android,Muž,25 - 39,Olomoucký kraj,25013,56,2,40.25,324.1
2026-08-22,Pozdní Zprávy,context,SmartPhone,Android,Muž,25 - 39,Zlínský kraj,1117,5,1,20.13,14.47
2026-08-22,Pozdní Zprávy,context,SmartPhone,Android,Muž,25 - 39,Moravskoslezský kraj,62175,156,8,161.02,805.62
2026-08-22,Pozdní Zprávy,context,Tv,Android,Muž,60+,Hlavní město Praha,2,0,0,0.0,0.0
2026-08-22,Pozdní Zprávy,context,Tv,Android,Muž,60+,Středočeský kraj,1,0,0,0.0,0.0
2026-08-22,Pozdní Zprávy,context,Tv,Android,Muž,60+,Jihočeský kraj,5,0,0,0.0,0.0
2026-08-22,Pozdní Zprávy,context,Tv,Android,Muž,60+,Plzeňský kraj,2,0,0,0.0,0.0
2026-08-22,Pozdní Zprávy,context,Tv,Android,Muž,60+,Karlovarský kraj,2,0,0,0.0,0.0
2026-08-22,Pozdní Zprávy,context,Tv,Android,Muž,60+,Ústecký kraj,11,0,0,0.0,0.0
2026-08-22,Pozdní Zprávy,context,Tv,Android,Muž,60+,Liberecký kraj,5,0,0,0.0,0.0
2026-08-22,Pozdní Zprávy,context,Tv,Android,Muž,60+,Královéhradecký kraj,9,0,0,0.0,0.0
2026-08-22,Pozdní Zprávy,context,Tv,Android,Muž,60+,Pardubický kraj,2,0,0,0.0,0.0
2026-08-22,Pozdní Zprávy,context,Tv,Android,Muž,60+,Kraj Vysočina,10,0,0,0.0,0.0
2026-08-22,Pozdní Zprávy,context,Tv,Android,Muž,60+,Jihomoravský kraj,4,0,0,0.0,0.0
2026-08-22,Pozdní Zprávy,context,Tv,Android,Muž,60+,Olomoucký kraj,5,0,0,0.0,0.0
2026-08-22,Pozdní Zprávy,context,Tv,Android,Muž,60+,Zlínský kraj,10,0,0,0.0,0.0
2026-08-22,Pozdní Zprávy,context,Tv,Android,Muž,60+,Moravskoslezský kraj,10,0,0,0.0,0.0
2026-08-22,Pozdní Zprávy,context,Tv,Android,Neznámý,Neznámý,Hlavní město Praha,2,0,0,0.0,0.0
2026-08-22,Pozdní Zprávy,context,Tv,Android,Neznámý,Neznámý,Středočeský kraj,2,0,0,0.0,0.0
2026-08-22,Pozdní Zprávy,context,Tv,Android,Neznámý,Neznámý,Jihočeský kraj,3,0,0,0.0,0.0
2026-08-22,Pozdní Zprávy,context,Tv,Android,Neznámý,Neznámý,Plzeňský kraj,1,0,0,0.0,0.0
2026-08-22,Pozdní Zprávy,context,Tv,Android,Neznámý,Neznámý,Karlovarský kraj,5,0,0,0.0,0.0
2026-08-22,Pozdní Zprávy,context,Tv,Android,Neznámý,Neznámý,Ústecký kraj,2,0,0,0.0,0.0
2026-08-22,Pozdní Zprávy,context,Tv,Android,Neznámý,Neznámý,Liberecký kraj,4,0,0,0.0,0.0
2026-08-22,Pozdní Zprávy,context,Tv,Android,Neznámý,Neznámý,Královéhradecký kraj,2,0,0,0.0,0.0
2026-08-22,Pozdní Zprávy,context,Tv,Android,Neznámý,Neznámý,Pardubický kraj,17,0,0,0.0,0.0
2026-08-22,Pozdní Zprávy,context,Tv,Android,Neznámý,Neznámý,Kraj Vysočina,4,0,0,0.0,0.0
2026-08-22,Pozdní Zprávy,context,Tv,Android,Neznámý,Neznámý,Jihomoravský kraj,2,0,0,0.0,0.0
2026-08-22,Pozdní Zprávy,context,Tv,Android,Neznámý,Neznámý,Olomoucký kraj,2,0,0,0.0,0.0
2026-08-22,Pozdní Zprávy,context,Tv,Android,Neznámý,Neznámý,Zlínský kraj,1,0,0,0.0,0.0
2026-08-22,Pozdní Zprávy,context,Tv,Android,Neznámý,Neznámý,Moravskoslezský kraj,8,0,0,0.0,0.0
2026-08-22,Pozdní Zprávy,context,SmallScreen,Android,Žena,40 - 59,Hlavní město Praha,1,0,0,0.0,0.0
2026-08-22,Pozdní Zprávy,context,SmallScreen,Android,Žena,40 - 59,Středočeský kraj,1,0,0,0.0,0.0
2026-08-22,Pozdní Zprávy,context,SmallScreen,Android,Žena,40 - 59,Jihočeský kraj,1,0,0,0.0,0.0
2026-08-22,Pozdní Zprávy,context,SmallScreen,Android,Žena,40 - 59,Plzeňský kraj,1,0,0,0.0,0.0
2026-08-22,Pozdní Zprávy,context,SmallScreen,Android,Žena,40 - 59,Karlovarský kraj,1,0,0,0.0,0.0
2026-08-22,Pozdní Zprávy,context,SmallScreen,Android,Žena,40 - 59,Ústecký kraj,1,0,0,0.0,0.0
2026-08-22,Pozdní Zprávy,context,SmallScreen,Android,Žena,40 - 59,Liberecký kraj,1,0,0,0.0,0.0
2026-08-22,Pozdní Zprávy,context,SmallScreen,Android,Žena,40 - 59,Královéhradecký kraj,1,0,0,0.0,0.0
2026-08-22,Pozdní Zprávy,context,SmallScreen,Android,Žena,40 - 59,Pardubický kraj,1,0,0,0.0,0.0
2026-08-22,Pozdní Zprávy,context,SmallScreen,Android,Žena,40 - 59,Kraj Vysočina,1,0,0,0.0,0.0
2026-08-22,Pozdní Zprávy,context,SmallScreen,Android,Žena,40 - 59,Jihomoravský kraj,1,0,0,0.0,0.0
2026-08-22,Pozdní Zprávy,context,SmallScreen,Android,Žena,40 - 59,Olomoucký kraj,1,0,0,0.0,0.0
2026-08-22,Pozdní Zprávy,context,SmallScreen,Android,Žena,40 - 59,Zlínský kraj,1,0,0,0.0,0.0
2026-08-22,Pozdní Zprávy,context,SmallScreen,Android,Žena,40 - 59,Moravskoslezský kraj,1,0,0,0.0,0.0
2026-08-22,Poštovna.cz,context,Tablet,,Muž,Neznámý,Hlavní město Praha,1,0,0,0.0,0.0
2026-08-22,Poštovna.cz,context,Tablet,,Muž,Neznámý,Středočeský kraj,1,0,0,0.0,0.0
2026-08-22,Poštovna.cz,context,Tablet,,Muž,Neznámý,Jihočeský kraj,1,0,0,0.0,0.0
2026-08-22,Poštovna.cz,context,Tablet,,Muž,Neznámý,Plzeňský kraj,1,0,0,0.0,0.0
2026-08-22,Poštovna.cz,context,Tablet,,Muž,Neznámý,Karlovarský kraj,1,0,0,0.0,0.0
2026-08-22,Poštovna.cz,context,Tablet,,Muž,Neznámý,Ústecký kraj,1,0,0,0.0,0.0
2026-08-22,Poštovna.cz,context,Tablet,,Muž,Neznámý,Liberecký kraj,1,0,0,0.0,0.0
2026-08-22,Poštovna.cz,context,Tablet,,Muž,Neznámý,Královéhradecký kraj,1,0,0,0.0,0.0
2026-08-22,Poštovna.cz,context,Tablet,,Muž,Neznámý,Pardubický kraj,1,0,0,0.0,0.0
2026-08-22,Poštovna.cz,context,Tablet,,Muž,Neznámý,Kraj Vysočina,1,0,0,0.0,0.0
2026-08-22,Poštovna.cz,context,Tablet,,Muž,Neznámý,Jihomoravský kraj,1,0,0,0.0,0.0
2026-08-22,Poštovna.cz,context,Tablet,,Muž,Neznámý,Olomoucký kraj,1,0,0,0.0,0.0
2026-08-22,Poštovna.cz,context,Tablet,,Muž,Neznámý,Zlínský kraj,1,0,0,0.0,0.0
2026-08-22,Poštovna.cz,context,Tablet,,Muž,Neznámý,Moravskoslezský kraj,1,0,0,0.0,0.0
2026-08-23,Aktualitky.cz,context,SmallScreen,Android,Muž,Neznámý,Hlavní město Praha,1,0,0,0.0,0.0
2026-08-23,Aktualitky.cz,context,SmallScreen,Android,Muž,Neznámý,Středočeský kraj,1,0,0,0.0,0.0
2026-08-23,Aktualitky.cz,context,SmallScreen,Android,Muž,Neznámý,Jihočeský kraj,1,0,0,0.0,0.0
2026-08-23,Aktualitky.cz,context,SmallScreen,Android,Muž,Neznámý,Plzeňský kraj,1,0,0,0.0,0.0
2026-08-23,Aktualitky.cz,context,SmallScreen,Android,Muž,Neznámý,Karlovarský kraj,1,0,0,0.0,0.0
2026-08-23,Aktualitky.cz,context,SmallScreen,Android,Muž,Neznámý,Ústecký kraj,1,0,0,0.0,0.0
2026-08-23,Aktualitky.cz,context,SmallScreen,Android,Muž,Neznámý,Liberecký kraj,1,0,0,0.0,0.0
2026-08-23,Aktualitky.cz,context,SmallScreen,Android,Muž,Neznámý,Královéhradecký kraj,1,0,0,0.0,0.0
2026-08-23,Aktualitky.cz,context,SmallScreen,Android,Muž,Neznámý,Pardubický kraj,1,0,0,0.0,0.0
2026-08-23,Aktualitky.cz,context,SmallScreen,Android,Muž,Neznámý,Kraj Vysočina,1,0,0,0.0,0.0
2026-08-23,Aktualitky.cz,context,SmallScreen,Android,Muž,Neznámý,Jihomoravský kraj,1,0,0,0.0,0.0
2026-08-23,Aktualitky.cz,context,SmallScreen,Android,Muž,Neznámý,Olomoucký kraj,1,0,0,0.0,0.0
2026-08-23,Aktualitky.cz,context,SmallScreen,Android,Muž,Neznámý,Zlínský kraj,1,0,0,0.0,0.0
2026-08-23,Aktualitky.cz,context,SmallScreen,Android,Muž,Neznámý,Moravskoslezský kraj,1,0,0,0.0,0.0
2026-08-23,Aktualitky.cz,context,Desktop,ChromeOS,Žena,60+,Hlavní město Praha,91,0,0,0.0,1.46
2026-08-23,Aktualitky.cz,context,Desktop,ChromeOS,Žena,60+,Středočeský kraj,10,0,0,0.0,0.16
2026-08-23,Aktualitky.cz,context,Desktop,ChromeOS,Žena,60+,Jihočeský kraj,69,0,0,0.0,1.11
2026-08-23,Aktualitky.cz,context,Desktop,ChromeOS,Žena,60+,Plzeňský kraj,220,0,0,0.0,3.53
2026-08-23,Aktualitky.cz,context,Desktop,ChromeOS,Žena,60+,Karlovarský kraj,88,1,0,0.0,1.41
2026-08-23,Aktualitky.cz,context,Desktop,ChromeOS,Žena,60+,Ústecký kraj,196,1,0,0.0,3.14
2026-08-23,Aktualitky.cz,context,Desktop,ChromeOS,Žena,60+,Liberecký kraj,79,0,0,0.0,1.27
2026-08-23,Aktualitky.cz,context,Desktop,ChromeOS,Žena,60+,Královéhradecký kraj,92,0,0,0.0,1.48
2026-08-23,Aktualitky.cz,context,Desktop,ChromeOS,Žena,60+,Pardubický kraj,44,0,0,0.0,0.71
2026-08-23,Aktualitky.cz,context,Desktop,ChromeOS,Žena,60+,Kraj Vysočina,30,0,0,0.0,0.48
2026-08-23,Aktualitky.cz,context,Desktop,ChromeOS,Žena,60+,Jihomoravský kraj,74,0,0,0.0,1.19
2026-08-23,Aktualitky.cz,context,Desktop,ChromeOS,Žena,60+,Olomoucký kraj,263,0,0,0.0,4.22
2026-08-23,Aktualitky.cz,context,Desktop,ChromeOS,Žena,60+,Zlínský kraj,277,3,0,0.0,4.44
2026-08-23,Aktualitky.cz,context,Desktop,ChromeOS,Žena,60+,Moravskoslezský kraj,47,1,0,0.0,0.75
2026-08-23,Aktualitky.cz,context,Tv,Tizen,Muž,60+,Hlavní město Praha,105,0,0,0.0,0.44
2026-08-23,Aktualitky.cz,context,Tv,Tizen,Muž,60+,Středočeský kraj,23,0,0,0.0,0.1
2026-08-23,Aktualitky.cz,context,Tv,Tizen,Muž,60+,Jihočeský kraj,87,1,0,0.0,0.37
2026-08-23,Aktualitky.cz,context,Tv,Tizen,Muž,60+,Plzeňský kraj,53,0,0,0.0,0.22
2026-08-23,Aktualitky.cz,context,Tv,Tizen,Muž,60+,Karlovarský kraj,78,0,0,0.0,0.33
2026-08-23,Aktualitky.cz,context,Tv,Tizen,Muž,60+,Ústecký kraj,64,0,0,0.0,0.27
2026-08-23,Aktualitky.cz,context,Tv,Tizen,Muž,60+,Liberecký kraj,1,0,0,0.0,0.0
2026-08-23,Aktualitky.cz,context,Tv,Tizen,Muž,60+,Královéhradecký kraj,27,0,0,0.0,0.11
2026-08-23,Aktualitky.cz,context,Tv,Tizen,Muž,60+,Pardubický kraj,154,0,0,0.0,0.65
2026-08-23,Aktualitky.cz,context,Tv,Tizen,Muž,60+,Kraj Vysočina,5,0,0,0.0,0.02
2026-08-23,Aktualitky.cz,context,Tv,Tizen,Muž,60+,Jihomoravský kraj,56,0,0,0.0,0.24
2026-08-23,Aktualitky.cz,context,Tv,Tizen,Muž,60+,Olomoucký kraj,27,0,0,0.0,0.11
2026-08-23,Aktualitky.cz,context,Tv,Tizen,Muž,60+,Zlínský kraj,79,0,0,0.0,0.33
2026-08-23,Aktualitky.cz,context,Tv,Tizen,Muž,60+,Moravskoslezský kraj,129,0,0,0.0,0.55
2026-08-23,Aktualitky.cz,context,Desktop,,Neznámý,Neznámý,Hlavní město Praha,2064,1,0,0.0,15.78
2026-08-23,Aktualitky.cz,context,Desktop,,Neznámý,Neznámý,Středočeský kraj,1226,0,0,0.0,9.38
2026-08-23,Aktualitky.cz,context,Desktop,,Neznámý,Neznámý,Jihočeský kraj,685,0,0,0.0,5.24
2026-08-23,Aktualitky.cz,context,Desktop,,Neznámý,Neznámý,Plzeňský kraj,64,0,0,0.0,0.49
2026-08-23,Aktualitky.cz,context,Desktop,,Neznámý,Neznámý,Karlovarský kraj,235,0,0,0.0,1.8
2026-08-23,Aktualitky.cz,context,Desktop,,Neznámý,Neznámý,Ústecký kraj,186,0,0,0.0,1.42
2026-08-23,Aktualitky.cz,context,Desktop,,Neznámý,Neznámý,Liberecký kraj,340,1,0,0.0,2.6
2026-08-23,Aktualitky.cz,context,Desktop,,Neznámý,Neznámý,Královéhradecký kraj,372,0,0,0.0,2.84
2026-08-23,Aktualitky.cz,context,Desktop,,Neznámý,Neznámý,Pardubický kraj,946,0,0,0.0,7.23
2026-08-23,Aktualitky.cz,context,Desktop,,Neznámý,Neznámý,Kraj Vysočina,3377,7,0,0.0,25.83
2026-08-23,Aktualitky.cz,context,Desktop,,Neznámý,Neznámý,Jihomoravský kraj,42,0,0,0.0,0.32
2026-08-23,Aktualitky.cz,context,Desktop,,Neznámý,Neznámý,Olomoucký kraj,4555,6,0,0.0,34.83
2026-08-23,Aktualitky.cz,context,Desktop,,Neznámý,Neznámý,Zlínský kraj,1061,1,0,0.0,8.11
2026-08-23,Aktualitky.cz,context,Desktop,,Neznámý,Neznámý,Moravskoslezský kraj,295,0,0,0.0,2.26
2026-08-23,Aktualitky.cz,context,Tv,,Muž,60+,Hlavní město Praha,533,3,0,0.0,6.65
2026-08-23,Aktualitky.cz,context,Tv,,Muž,60+,Středočeský kraj,292,2,0,0.0,3.64
2026-08-23,Aktualitky.cz,context,Tv,,Muž,60+,Jihočeský kraj,218,0,0,0.0,2.72
2026-08-23,Aktualitky.cz,context,Tv,,Muž,60+,Plzeňský kraj,95,1,0,0.0,1.18
2026-08-23,Aktualitky.cz,context,Tv,,Muž,60+,Karlovarský kraj,19,0,0,0.0,0.24
2026-08-23,Aktualitky.cz,context,Tv,,Muž,60+,Ústecký kraj,154,0,0,0.0,1.92
2026-08-23,Aktualitky.cz,context,Tv,,Muž,60+,Liberecký kraj,31,0,0,0.0,0.39
2026-08-23,Aktualitky.cz,context,Tv,,Muž,60+,Královéhradecký kraj,7,0,0,0.0,0.09
2026-08-23,Aktualitky.cz,context,Tv,,Muž,60+,Pardubický kraj,512,2,0,0.0,6.39
2026-08-23,Aktualitky.cz,context,Tv,,Muž,60+,Kraj Vysočina,810,3,0,0.0,10.1
2026-08-23,Aktualitky.cz,context,Tv,,Muž,60+,Jihomoravský kraj,79,0,0,0.0,0.99
2026-08-23,Aktualitky.cz,context,Tv,,Muž,60+,Olomoucký kraj,287,2,0,0.0,3.58
2026-08-23,Aktualitky.cz,context,Tv,,Muž,60+,Zlínský kraj,1110,3,0,0.0,13.85
2026-08-23,Aktualitky.cz,context,Tv,,Muž,60+,Moravskoslezský kraj,75,0,0,0.0,0.94
2026-08-23,Aktualitky.cz,context,EReader,Android,Žena,40 - 59,Hlavní město Praha,1,0,0,0.0,0.0
2026-08-23,Aktualitky.cz,context,EReader,Android,Žena,40 - 59,Středočeský kraj,1,0,0,0.0,0.0
2026-08-23,Aktualitky.cz,context,EReader,Android,Žena,40 - 59,Jihočeský kraj,1,0,0,0.0,0.0
2026-08-23,Aktualitky.cz,context,EReader,Android,Žena,40 - 59,Plzeňský kraj,1,0,0,0.0,0.0
2026-08-23,Aktualitky.cz,context,EReader,Android,Žena,40 - 59,Karlovarský kraj,1,0,0,0.0,0.0
2026-08-23,Aktualitky.cz,context,EReader,Android,Žena,40 - 59,Ústecký kraj,1,0,0,0.0,0.0
2026-08-23,Aktualitky.cz,context,EReader,Android,Žena,40 - 59,Liberecký kraj,1,0,0,0.0,0.0
2026-08-23,Aktualitky.cz,context,EReader,Android,Žena,40 - 59,Královéhradecký kraj,1,0,0,0.0,0.0
2026-08-23,Aktualitky.cz,context,EReader,Android,Žena,40 - 59,Pardubický kraj,1,0,0,0.0,0.0
2026-08-23,Aktualitky.cz,context,EReader,Android,Žena,40 - 59,Kraj Vysočina,1,0,0,0.0,0.0
2026-08-23,Aktualitky.cz,context,EReader,Android,Žena,40 - 59,Jihomoravský kraj,1,0,0,0.0,0.0
2026-08-23,Aktualitky.cz,context,EReader,Android,Žena,40 - 59,Olomoucký kraj,1,0,0,0.0,0.0
2026-08-23,Aktualitky.cz,context,EReader,Android,Žena,40 - 59,Zlínský kraj,1,0,0,0.0,0.0
2026-08-23,Aktualitky.cz,context,EReader,Android,Žena,40 - 59,Moravskoslezský kraj,1,0,0,0.0,0.0
2026-08-23,Baráky.cz,context,SmartPhone,iOS,Neznámý,Neznámý,Hlavní město Praha,6082,96,0,0.0,205.61
2026-08-23,Baráky.cz,context,SmartPhone,iOS,Neznámý,Neznámý,Středočeský kraj,3405,52,1,0.0,115.11
2026-08-23,Baráky.cz,context,SmartPhone,iOS,Neznámý,Neznámý,Jihočeský kraj,9659,171,0,0.0,326.53
2026-08-23,Baráky.cz,context,SmartPhone,iOS,Neznámý,Neznámý,Plzeňský kraj,46977,841,0,0.0,1588.12
2026-08-23,Baráky.cz,context,SmartPhone,iOS,Neznámý,Neznámý,Karlovarský kraj,27687,439,0,0.0,935.99
2026-08-23,Baráky.cz,context,SmartPhone,iOS,Neznámý,Neznámý,Ústecký kraj,6898,130,0,0.0,233.2
2026-08-23,Baráky.cz,context,SmartPhone,iOS,Neznámý,Neznámý,Liberecký kraj,8867,156,0,0.0,299.76
2026-08-23,Baráky.cz,context,SmartPhone,iOS,Neznámý,Neznámý,Královéhradecký kraj,1956,45,0,0.0,66.13
2026-08-23,Baráky.cz,context,SmartPhone,iOS,Neznámý,Neznámý,Pardubický kraj,8512,147,0,0.0,287.76
2026-08-23,Baráky.cz,context,SmartPhone,iOS,Neznámý,Neznámý,Kraj Vysočina,1338,16,0,0.0,45.23
2026-08-23,Baráky.cz,context,SmartPhone,iOS,Neznámý,Neznámý,Jihomoravský kraj,15070,269,0,0.0,509.46
2026-08-23,Baráky.cz,context,SmartPhone,iOS,Neznámý,Neznámý,Olomoucký kraj,5013,93,0,0.0,169.47
2026-08-23,Baráky.cz,context,SmartPhone,iOS,Neznámý,Neznámý,Zlínský kraj,1510,20,0,0.0,51.05
2026-08-23,Baráky.cz,context,SmartPhone,iOS,Neznámý,Neznámý,Moravskoslezský kraj,46096,781,1,0.0,1558.33
2026-08-23,Blogeria.cz,context,Tablet,iPadOS,Neznámý,Neznámý,Hlavní město Praha,96,0,0,0.0,1.34
2026-08-23,Blogeria.cz,context,Tablet,iPadOS,Neznámý,Neznámý,Středočeský kraj,275,1,0,0.0,3.85
2026-08-23,Blogeria.cz,context,Tablet,iPadOS,Neznámý,Neznámý,Jihočeský kraj,30,1,0,0.0,0.42
2026-08-23,Blogeria.cz,context,Tablet,iPadOS,Neznámý,Neznámý,Plzeňský kraj,91,0,0,0.0,1.27
2026-08-23,Blogeria.cz,context,Tablet,iPadOS,Neznámý,Neznámý,Karlovarský kraj,111,1,0,0.0,1.56
2026-08-23,Blogeria.cz,context,Tablet,iPadOS,Neznámý,Neznámý,Ústecký kraj,121,0,0,0.0,1.7
2026-08-23,Blogeria.cz,context,Tablet,iPadOS,Neznámý,Neznámý,Liberecký kraj,231,0,0,0.0,3.24
2026-08-23,Blogeria.cz,context,Tablet,iPadOS,Neznámý,Neznámý,Královéhradecký kraj,331,1,0,0.0,4.64
2026-08-23,Blogeria.cz,context,Tablet,iPadOS,Neznámý,Neznámý,Pardubický kraj,94,0,0,0.0,1.32
2026-08-23,Blogeria.cz,context,Tablet,iPadOS,Neznámý,Neznámý,Kraj Vysočina,246,1,0,0.0,3.45
2026-08-23,Blogeria.cz,context,Tablet,iPadOS,Neznámý,Neznámý,Jihomoravský kraj,87,0,0,0.0,1.22
2026-08-23,Blogeria.cz,context,Tablet,iPadOS,Neznámý,Neznámý,Olomoucký kraj,105,1,0,0.0,1.47
2026-08-23,Blogeria.cz,context,Tablet,iPadOS,Neznámý,Neznámý,Zlínský kraj,27,0,0,0.0,0.38
2026-08-23,Blogeria.cz,context,Tablet,iPadOS,Neznámý,Neznámý,Moravskoslezský kraj,284,2,0,0.0,3.98
2026-08-23,Blogeria.cz,context,Tablet,iPadOS,Žena,40 - 59,Hlavní město Praha,167,0,0,0.0,1.37
2026-08-23,Blogeria.cz,context,Tablet,iPadOS,Žena,40 - 59,Středočeský kraj,24,0,0,0.0,0.2
2026-08-23,Blogeria.cz,context,Tablet,iPadOS,Žena,40 - 59,Jihočeský kraj,665,3,0,0.0,5.47
2026-08-23,Blogeria.cz,context,Tablet,iPadOS,Žena,40 - 59,Plzeňský kraj,287,1,0,0.0,2.36
2026-08-23,Blogeria.cz,context,Tablet,iPadOS,Žena,40 - 59,Karlovarský kraj,9,0,0,0.0,0.07
2026-08-23,Blogeria.cz,context,Tablet,iPadOS,Žena,40 - 59,Ústecký kraj,40,0,0,0.0,0.33
2026-08-23,Blogeria.cz,context,Tablet,iPadOS,Žena,40 - 59,Liberecký kraj,115,1,0,0.0,0.95
2026-08-23,Blogeria.cz,context,Tablet,iPadOS,Žena,40 - 59,Královéhradecký kraj,498,0,0,0.0,4.1
2026-08-23,Blogeria.cz,context,Tablet,iPadOS,Žena,40 - 59,Pardubický kraj,269,1,0,0.0,2.21
2026-08-23,Blogeria.cz,context,Tablet,iPadOS,Žena,40 - 59,Kraj Vysočina,515,0,0,0.0,4.24
2026-08-23,Blogeria.cz,context,Tablet,iPadOS,Žena,40 - 59,Jihomoravský kraj,485,1,0,0.0,3.99
2026-08-23,Blogeria.cz,context,Tablet,iPadOS,Žena,40 - 59,Olomoucký kraj,106,0,0,0.0,0.87
2026-08-23,Blogeria.cz,context,Tablet,iPadOS,Žena,40 - 59,Zlínský kraj,3,0,0,0.0,0.02
2026-08-23,Blogeria.cz,context,Tablet,iPadOS,Žena,40 - 59,Moravskoslezský kraj,98,0,0,0.0,0.81
2026-08-23,Drbárna.cz,context,Desktop,macOS,Žena,25 - 39,Hlavní město Praha,3528,2,0,0.0,31.04
2026-08-23,Drbárna.cz,context,Desktop,macOS,Žena,25 - 39,Středočeský kraj,213,0,0,0.0,1.87
2026-08-23,Drbárna.cz,context,Desktop,macOS,Žena,25 - 39,Jihočeský kraj,605,1,0,0.0,5.32
2026-08-23,Drbárna.cz,context,Desktop,macOS,Žena,25 - 39,Plzeňský kraj,976,0,0,0.0,8.59
2026-08-23,Drbárna.cz,context,Desktop,macOS,Žena,25 - 39,Karlovarský kraj,394,0,0,0.0,3.47
2026-08-23,Drbárna.cz,context,Desktop,macOS,Žena,25 - 39,Ústecký kraj,4346,5,0,0.0,38.24
2026-08-23,Drbárna.cz,context,Desktop,macOS,Žena,25 - 39,Liberecký kraj,915,1,0,0.0,8.05
2026-08-23,Drbárna.cz,context,Desktop,macOS,Žena,25 - 39,Královéhradecký kraj,3795,6,1,178.79,33.39
2026-08-23,Drbárna.cz,context,Desktop,macOS,Žena,25 - 39,Pardubický kraj,1166,1,0,0.0,10.26
2026-08-23,Drbárna.cz,context,Desktop,macOS,Žena,25 - 39,Kraj Vysočina,1197,0,0,0.0,10.53
2026-08-23,Drbárna.cz,context,Desktop,macOS,Žena,25 - 39,Jihomoravský kraj,1907,4,0,0.0,16.78
2026-08-23,Drbárna.cz,context,Desktop,macOS,Žena,25 - 39,Olomoucký kraj,530,3,2,357.59,4.66
2026-08-23,Drbárna.cz,context,Desktop,macOS,Žena,25 - 39,Zlínský kraj,112,0,0,0.0,0.99
2026-08-23,Drbárna.cz,context,Desktop,macOS,Žena,25 - 39,Moravskoslezský kraj,710,0,0,0.0,6.25
2026-08-23,Drbárna.cz,context,Tablet,,Žena,Neznámý,Hlavní město Praha,1,0,0,0.0,0.08
2026-08-23,Drbárna.cz,context,Tablet,,Žena,Neznámý,Středočeský kraj,1,1,0,0.0,0.08
2026-08-23,Drbárna.cz,context,Tablet,,Žena,Neznámý,Jihočeský kraj,1,0,0,0.0,0.08
2026-08-23,Drbárna.cz,context,Tablet,,Žena,Neznámý,Plzeňský kraj,1,0,0,0.0,0.08
2026-08-23,Drbárna.cz,context,Tablet,,Žena,Neznámý,Karlovarský kraj,1,0,0,0.0,0.08
2026-08-23,Drbárna.cz,context,Tablet,,Žena,Neznámý,Ústecký kraj,1,0,0,0.0,0.08
2026-08-23,Drbárna.cz,context,Tablet,,Žena,Neznámý,Liberecký kraj,1,0,0,0.0,0.08
2026-08-23,Drbárna.cz,context,Tablet,,Žena,Neznámý,Královéhradecký kraj,1,0,0,0.0,0.08
2026-08-23,Drbárna.cz,context,Tablet,,Žena,Neznámý,Pardubický kraj,1,0,0,0.0,0.08
2026-08-23,Drbárna.cz,context,Tablet,,Žena,Neznámý,Kraj Vysočina,1,0,0,0.0,0.08
2026-08-23,Drbárna.cz,context,Tablet,,Žena,Neznámý,Jihomoravský kraj,1,0,0,0.0,0.08
2026-08-23,Drbárna.cz,context,Tablet,,Žena,Neznámý,Olomoucký kraj,1,0,0,0.0,0.08
2026-08-23,Drbárna.cz,context,Tablet,,Žena,Neznámý,Zlínský kraj,1,0,0,0.0,0.08
2026-08-23,Drbárna.cz,context,Tablet,,Žena,Neznámý,Moravskoslezský kraj,1,0,0,0.0,0.08
2026-08-23,Drbárna.cz,context,Tablet,iPadOS,Žena,40 - 59,Hlavní město Praha,1066,1,0,0.0,9.03
2026-08-23,Drbárna.cz,context,Tablet,iPadOS,Žena,40 - 59,Středočeský kraj,561,2,0,0.0,4.75
2026-08-23,Drbárna.cz,context,Tablet,iPadOS,Žena,40 - 59,Jihočeský kraj,2828,6,0,0.0,23.96
2026-08-23,Drbárna.cz,context,Tablet,iPadOS,Žena,40 - 59,Plzeňský kraj,63,0,0,0.0,0.53
2026-08-23,Drbárna.cz,context,Tablet,iPadOS,Žena,40 - 59,Karlovarský kraj,1237,0,0,0.0,10.48
2026-08-23,Drbárna.cz,context,Tablet,iPadOS,Žena,40 - 59,Ústecký kraj,83,1,0,0.0,0.7
2026-08-23,Drbárna.cz,context,Tablet,iPadOS,Žena,40 - 59,Liberecký kraj,753,1,0,0.0,6.38
2026-08-23,Drbárna.cz,context,Tablet,iPadOS,Žena,40 - 59,Královéhradecký kraj,128,0,0,0.0,1.08
2026-08-23,Drbárna.cz,context,Tablet,iPadOS,Žena,40 - 59,Pardubický kraj,1225,3,0,0.0,10.38
2026-08-23,Drbárna.cz,context,Tablet,iPadOS,Žena,40 - 59,Kraj Vysočina,289,0,0,0.0,2.45
2026-08-23,Drbárna.cz,context,Tablet,iPadOS,Žena,40 - 59,Jihomoravský kraj,5292,9,1,1151.86,44.83
2026-08-23,Drbárna.cz,context,Tablet,iPadOS,Žena,40 - 59,Olomoucký kraj,977,2,0,0.0,8.28
2026-08-23,Drbárna.cz,context,Tablet,iPadOS,Žena,40 - 59,Zlínský kraj,1035,0,0,0.0,8.77
2026-08-23,Drbárna.cz,context,Tablet,iPadOS,Žena,40 - 59,Moravskoslezský kraj,456,2,0,0.0,3.86
2026-08-23,Kliknito.cz,context,Console,Android,Muž,40 - 59,Hlavní město Praha,3,0,0,0.0,0.4
2026-08-23,Kliknito.cz,context,Console,Android,Muž,40 - 59,Středočeský kraj,12,0,0,0.0,1.59
2026-08-23,Kliknito.cz,context,Console,Android,Muž,40 - 59,Jihočeský kraj,9,0,0,0.0,1.19
2026-08-23,Kliknito.cz,context,Console,Android,Muž,40 - 59,Plzeňský kraj,11,1,0,0.0,1.46
2026-08-23,Kliknito.cz,context,Console,Android,Muž,40 - 59,Karlovarský kraj,14,0,0,0.0,1.86
2026-08-23,Kliknito.cz,context,Console,Android,Muž,40 - 59,Ústecký kraj,28,0,0,0.0,3.72
2026-08-23,Kliknito.cz,context,Console,Android,Muž,40 - 59,Liberecký kraj,15,0,0,0.0,1.99
2026-08-23,Kliknito.cz,context,Console,Android,Muž,40 - 59,Královéhradecký kraj,13,0,0,0.0,1.73
2026-08-23,Kliknito.cz,context,Console,Android,Muž,40 - 59,Pardubický kraj,34,0,0,0.0,4.51
2026-08-23,Kliknito.cz,context,Console,Android,Muž,40 - 59,Kraj Vysočina,14,0,0,0.0,1.86
2026-08-23,Kliknito.cz,context,Console,Android,Muž,40 - 59,Jihomoravský kraj,27,0,0,0.0,3.58
2026-08-23,Kliknito.cz,context,Console,Android,Muž,40 - 59,Olomoucký kraj,3,0,0,0.0,0.4
2026-08-23,Kliknito.cz,context,Console,Android,Muž,40 - 59,Zlínský kraj,3,0,0,0.0,0.4
2026-08-23,Kliknito.cz,context,Console,Android,Muž,40 - 59,Moravskoslezský kraj,4,1,0,0.0,0.53
2026-08-23,Kliknito.cz,context,MediaHub,Android,Žena,40 - 59,Hlavní město Praha,10,0,0,0.0,0.0
2026-08-23,Kliknito.cz,context,MediaHub,Android,Žena,40 - 59,Středočeský kraj,2,0,0,0.0,0.0
2026-08-23,Kliknito.cz,context,MediaHub,Android,Žena,40 - 59,Jihočeský kraj,4,0,0,0.0,0.0
2026-08-23,Kliknito.cz,context,MediaHub,Android,Žena,40 - 59,Plzeňský kraj,5,0,0,0.0,0.0
2026-08-23,Kliknito.cz,context,MediaHub,Android,Žena,40 - 59,Karlovarský kraj,1,0,0,0.0,0.0
2026-08-23,Kliknito.cz,context,MediaHub,Android,Žena,40 - 59,Ústecký kraj,4,0,0,0.0,0.0
2026-08-23,Kliknito.cz,context,MediaHub,Android,Žena,40 - 59,Liberecký kraj,8,0,0,0.0,0.0
2026-08-23,Kliknito.cz,context,MediaHub,Android,Žena,40 - 59,Královéhradecký kraj,1,0,0,0.0,0.0
2026-08-23,Kliknito.cz,context,MediaHub,Android,Žena,40 - 59,Pardubický kraj,14,0,0,0.0,0.0
2026-08-23,Kliknito.cz,context,MediaHub,Android,Žena,40 - 59,Kraj Vysočina,1,0,0,0.0,0.0
2026-08-23,Kliknito.cz,context,MediaHub,Android,Žena,40 - 59,Jihomoravský kraj,4,0,0,0.0,0.0
2026-08-23,Kliknito.cz,context,MediaHub,Android,Žena,40 - 59,Olomoucký kraj,1,0,0,0.0,0.0
2026-08-23,Kliknito.cz,context,MediaHub,Android,Žena,40 - 59,Zlínský kraj,1,0,0,0.0,0.0
2026-08-23,Kliknito.cz,context,MediaHub,Android,Žena,40 - 59,Moravskoslezský kraj,4,0,0,0.0,0.0
2026-08-23,Kliknito.cz,context,Tv,,Muž,40 - 59,Hlavní město Praha,184,1,0,0.0,2.81
2026-08-23,Kliknito.cz,context,Tv,,Muž,40 - 59,Středočeský kraj,73,1,0,0.0,1.11
2026-08-23,Kliknito.cz,context,Tv,,Muž,40 - 59,Jihočeský kraj,45,0,0,0.0,0.69
2026-08-23,Kliknito.cz,context,Tv,,Muž,40 - 59,Plzeňský kraj,163,1,0,0.0,2.49
2026-08-23,Kliknito.cz,context,Tv,,Muž,40 - 59,Karlovarský kraj,141,0,0,0.0,2.15
2026-08-23,Kliknito.cz,context,Tv,,Muž,40 - 59,Ústecký kraj,63,0,0,0.0,0.96
2026-08-23,Kliknito.cz,context,Tv,,Muž,40 - 59,Liberecký kraj,67,1,0,0.0,1.02
2026-08-23,Kliknito.cz,context,Tv,,Muž,40 - 59,Královéhradecký kraj,46,0,0,0.0,0.7
2026-08-23,Kliknito.cz,context,Tv,,Muž,40 - 59,Pardubický kraj,39,0,0,0.0,0.6
2026-08-23,Kliknito.cz,context,Tv,,Muž,40 - 59,Kraj Vysočina,22,0,0,0.0,0.34
2026-08-23,Kliknito.cz,context,Tv,,Muž,40 - 59,Jihomoravský kraj,321,1,0,0.0,4.9
2026-08-23,Kliknito.cz,context,Tv,,Muž,40 - 59,Olomoucký kraj,160,1,0,0.0,2.44
2026-08-23,Kliknito.cz,context,Tv,,Muž,40 - 59,Zlínský kraj,136,2,1,0.0,2.08
2026-08-23,Kliknito.cz,context,Tv,,Muž,40 - 59,Moravskoslezský kraj,45,0,0,0.0,0.69
2026-08-23,Kliknito.cz,context,SmartPhone,Android,Muž,40 - 59,Hlavní město Praha,1003652,5870,402,167159.72,25316.43
2026-08-23,Kliknito.cz,context,SmartPhone,Android,Muž,40 - 59,Středočeský kraj,315547,1890,130,54056.63,7959.45
2026-08-23,Kliknito.cz,context,SmartPhone,Android,Muž,40 - 59,Jihočeský kraj,386147,2293,185,76926.74,9740.29
2026-08-23,Kliknito.cz,context,SmartPhone,Android,Muž,40 - 59,Plzeňský kraj,170518,988,76,31602.34,4301.2
2026-08-23,Kliknito.cz,context,SmartPhone,Android,Muž,40 - 59,Karlovarský kraj,389465,2231,177,73600.18,9823.99
2026-08-23,Kliknito.cz,context,SmartPhone,Android,Muž,40 - 59,Ústecký kraj,153433,866,64,26612.49,3870.24
2026-08-23,Kliknito.cz,context,SmartPhone,Android,Muž,40 - 59,Liberecký kraj,274797,1563,119,49482.6,6931.56
2026-08-23,Kliknito.cz,context,SmartPhone,Android,Muž,40 - 59,Královéhradecký kraj,617777,3544,269,111855.64,15583.0
2026-08-23,Kliknito.cz,context,SmartPhone,Android,Muž,40 - 59,Pardubický kraj,134773,773,49,20375.19,3399.56
2026-08-23,Kliknito.cz,context,SmartPhone,Android,Muž,40 - 59,Kraj Vysočina,390305,2367,162,67362.87,9845.17
2026-08-23,Kliknito.cz,context,SmartPhone,Android,Muž,40 - 59,Jihomoravský kraj,88199,536,45,18711.91,2224.76
2026-08-23,Kliknito.cz,context,SmartPhone,Android,Muž,40 - 59,Olomoucký kraj,518723,3098,224,93143.73,13084.43
2026-08-23,Kliknito.cz,context,SmartPhone,Android,Muž,40 - 59,Zlínský kraj,41722,266,20,8316.4,1052.41
2026-08-23,Kliknito.cz,context,SmartPhone,Android,Muž,40 - 59,Moravskoslezský kraj,58385,335,26,10811.33,1472.72
2026-08-23,Kliknito.cz,context,Desktop,Windows,Neznámý,25 - 39,Hlavní město Praha,1,0,0,0.0,0.0
2026-08-23,Kliknito.cz,context,Desktop,Windows,Neznámý,25 - 39,Středočeský kraj,1,0,0,0.0,0.0
2026-08-23,Kliknito.cz,context,Desktop,Windows,Neznámý,25 - 39,Jihočeský kraj,1,0,0,0.0,0.0
2026-08-23,Kliknito.cz,context,Desktop,Windows,Neznámý,25 - 39,Plzeňský kraj,5,0,0,0.0,0.01
2026-08-23,Kliknito.cz,context,Desktop,Windows,Neznámý,25 - 39,Karlovarský kraj,4,0,0,0.0,0.01
2026-08-23,Kliknito.cz,context,Desktop,Windows,Neznámý,25 - 39,Ústecký kraj,1,0,0,0.0,0.0
2026-08-23,Kliknito.cz,context,Desktop,Windows,Neznámý,25 - 39,Liberecký kraj,2,0,0,0.0,0.01
2026-08-23,Kliknito.cz,context,Desktop,Windows,Neznámý,25 - 39,Královéhradecký kraj,1,0,0,0.0,0.0
2026-08-23,Kliknito.cz,context,Desktop,Windows,Neznámý,25 - 39,Pardubický kraj,1,0,0,0.0,0.0
2026-08-23,Kliknito.cz,context,Desktop,Windows,Neznámý,25 - 39,Kraj Vysočina,1,0,0,0.0,0.0
2026-08-23,Kliknito.cz,context,Desktop,Windows,Neznámý,25 - 39,Jihomoravský kraj,3,0,0,0.0,0.01
2026-08-23,Kliknito.cz,context,Desktop,Windows,Neznámý,25 - 39,Olomoucký kraj,1,0,0,0.0,0.0
2026-08-23,Kliknito.cz,context,Desktop,Windows,Neznámý,25 - 39,Zlínský kraj,2,0,0,0.0,0.01
2026-08-23,Kliknito.cz,context,Desktop,Windows,Neznámý,25 - 39,Moravskoslezský kraj,1,0,0,0.0,0.0
2026-08-23,Kopačka.cz,context,Tablet,Android,Neznámý,60+,Hlavní město Praha,1,0,0,0.0,0.0
2026-08-23,Kopačka.cz,context,Tablet,Android,Neznámý,60+,Středočeský kraj,1,0,0,0.0,0.0
2026-08-23,Kopačka.cz,context,Tablet,Android,Neznámý,60+,Jihočeský kraj,1,0,0,0.0,0.0
2026-08-23,Kopačka.cz,context,Tablet,Android,Neznámý,60+,Plzeňský kraj,1,0,0,0.0,0.0
2026-08-23,Kopačka.cz,context,Tablet,Android,Neznámý,60+,Karlovarský kraj,1,0,0,0.0,0.0
2026-08-23,Kopačka.cz,context,Tablet,Android,Neznámý,60+,Ústecký kraj,1,0,0,0.0,0.0
2026-08-23,Kopačka.cz,context,Tablet,Android,Neznámý,60+,Liberecký kraj,1,0,0,0.0,0.0
2026-08-23,Kopačka.cz,context,Tablet,Android,Neznámý,60+,Královéhradecký kraj,1,0,0,0.0,0.0
2026-08-23,Kopačka.cz,context,Tablet,Android,Neznámý,60+,Pardubický kraj,1,0,0,0.0,0.0
2026-08-23,Kopačka.cz,context,Tablet,Android,Neznámý,60+,Kraj Vysočina,1,0,0,0.0,0.0
2026-08-23,Kopačka.cz,context,Tablet,Android,Neznámý,60+,Jihomoravský kraj,1,0,0,0.0,0.0
2026-08-23,Kopačka.cz,context,Tablet,Android,Neznámý,60+,Olomoucký kraj,1,0,0,0.0,0.0
2026-08-23,Kopačka.cz,context,Tablet,Android,Neznámý,60+,Zlínský kraj,1,0,0,0.0,0.0
2026-08-23,Kopačka.cz,context,Tablet,Android,Neznámý,60+,Moravskoslezský kraj,1,0,0,0.0,0.0
2026-08-23,Kopačka.cz,context,Tv,,Žena,40 - 59,Hlavní město Praha,2,0,0,0.0,0.01
2026-08-23,Kopačka.cz,context,Tv,,Žena,40 - 59,Středočeský kraj,48,0,0,0.0,0.35
2026-08-23,Kopačka.cz,context,Tv,,Žena,40 - 59,Jihočeský kraj,37,0,0,0.0,0.27
2026-08-23,Kopačka.cz,context,Tv,,Žena,40 - 59,Plzeňský kraj,6,0,0,0.0,0.04
2026-08-23,Kopačka.cz,context,Tv,,Žena,40 - 59,Karlovarský kraj,30,0,0,0.0,0.22
2026-08-23,Kopačka.cz,context,Tv,,Žena,40 - 59,Ústecký kraj,2,0,0,0.0,0.01
2026-08-23,Kopačka.cz,context,Tv,,Žena,40 - 59,Liberecký kraj,28,0,0,0.0,0.21
2026-08-23,Kopačka.cz,context,Tv,,Žena,40 - 59,Královéhradecký kraj,5,0,0,0.0,0.04
2026-08-23,Kopačka.cz,context,Tv,,Žena,40 - 59,Pardubický kraj,26,0,0,0.0,0.19
2026-08-23,Kopačka.cz,context,Tv,,Žena,40 - 59,Kraj Vysočina,4,0,0,0.0,0.03
2026-08-23,Kopačka.cz,context,Tv,,Žena,40 - 59,Jihomoravský kraj,1,0,0,0.0,0.01
2026-08-23,Kopačka.cz,context,Tv,,Žena,40 - 59,Olomoucký kraj,6,0,0,0.0,0.04
2026-08-23,Kopačka.cz,context,Tv,,Žena,40 - 59,Zlínský kraj,16,0,0,0.0,0.12
2026-08-23,Kopačka.cz,context,Tv,,Žena,40 - 59,Moravskoslezský kraj,4,0,0,0.0,0.03
2026-08-23,Kopačka.cz,context,Desktop,Windows,Muž,18 - 24,Hlavní město Praha,1216,2,0,0.0,12.2
2026-08-23,Kopačka.cz,context,Desktop,Windows,Muž,18 - 24,Středočeský kraj,1143,4,0,0.0,11.47
2026-08-23,Kopačka.cz,context,Desktop,Windows,Muž,18 - 24,Jihočeský kraj,635,0,0,0.0,6.37
2026-08-23,Kopačka.cz,context,Desktop,Windows,Muž,18 - 24,Plzeňský kraj,641,0,0,0.0,6.43
2026-08-23,Kopačka.cz,context,Desktop,Windows,Muž,18 - 24,Karlovarský kraj,937,1,0,0.0,9.4
2026-08-23,Kopačka.cz,context,Desktop,Windows,Muž,18 - 24,Ústecký kraj,240,0,0,0.0,2.41
2026-08-23,Kopačka.cz,context,Desktop,Windows,Muž,18 - 24,Liberecký kraj,994,2,0,0.0,9.97
2026-08-23,Kopačka.cz,context,Desktop,Windows,Muž,18 - 24,Královéhradecký kraj,70,0,0,0.0,0.7
2026-08-23,Kopačka.cz,context,Desktop,Windows,Muž,18 - 24,Pardubický kraj,6,0,0,0.0,0.06
2026-08-23,Kopačka.cz,context,Desktop,Windows,Muž,18 - 24,Kraj Vysočina,110,0,0,0.0,1.1
2026-08-23,Kopačka.cz,context,Desktop,Windows,Muž,18 - 24,Jihomoravský kraj,424,0,0,0.0,4.25
2026-08-23,Kopačka.cz,context,Desktop,Windows,Muž,18 - 24,Olomoucký kraj,902,0,0,0.0,9.05
2026-08-23,Kopačka.cz,context,Desktop,Windows,Muž,18 - 24,Zlínský kraj,887,0,0,0.0,8.9
2026-08-23,Kopačka.cz,context,Desktop,Windows,Muž,18 - 24,Moravskoslezský kraj,1141,1,0,0.0,11.45
2026-08-23,Kopačka.cz,context,Desktop,macOS,Žena,40 - 59,Hlavní město Praha,1002,0,0,0.0,12.47
2026-08-23,Kopačka.cz,context,Desktop,macOS,Žena,40 - 59,Středočeský kraj,2419,3,0,0.0,30.11
2026-08-23,Kopačka.cz,context,Desktop,macOS,Žena,40 - 59,Jihočeský kraj,3127,4,0,0.0,38.92
2026-08-23,Kopačka.cz,context,Desktop,macOS,Žena,40 - 59,Plzeňský kraj,705,1,0,0.0,8.77
2026-08-23,Kopačka.cz,context,Desktop,macOS,Žena,40 - 59,Karlovarský kraj,1024,2,0,0.0,12.74
2026-08-23,Kopačka.cz,context,Desktop,macOS,Žena,40 - 59,Ústecký kraj,1548,3,0,0.0,19.27
2026-08-23,Kopačka.cz,context,Desktop,macOS,Žena,40 - 59,Liberecký kraj,1537,4,0,0.0,19.13
2026-08-23,Kopačka.cz,context,Desktop,macOS,Žena,40 - 59,Královéhradecký kraj,709,1,0,0.0,8.82
2026-08-23,Kopačka.cz,context,Desktop,macOS,Žena,40 - 59,Pardubický kraj,424,1,0,0.0,5.28
2026-08-23,Kopačka.cz,context,Desktop,macOS,Žena,40 - 59,Kraj Vysočina,140,0,0,0.0,1.74
2026-08-23,Kopačka.cz,context,Desktop,macOS,Žena,40 - 59,Jihomoravský kraj,735,2,0,0.0,9.15
2026-08-23,Kopačka.cz,context,Desktop,macOS,Žena,40 - 59,Olomoucký kraj,417,2,0,0.0,5.19
2026-08-23,Kopačka.cz,context,Desktop,macOS,Žena,40 - 59,Zlínský kraj,1049,2,0,0.0,13.06
2026-08-23,Kopačka.cz,context,Desktop,macOS,Žena,40 - 59,Moravskoslezský kraj,102,0,0,0.0,1.27
2026-08-23,Kopačka.cz,context,Desktop,ChromeOS,Neznámý,Neznámý,Hlavní město Praha,5,0,0,0.0,0.03
2026-08-23,Kopačka.cz,context,Desktop,ChromeOS,Neznámý,Neznámý,Středočeský kraj,2,0,0,0.0,0.01
2026-08-23,Kopačka.cz,context,Desktop,ChromeOS,Neznámý,Neznámý,Jihočeský kraj,2,0,0,0.0,0.01
2026-08-23,Kopačka.cz,context,Desktop,ChromeOS,Neznámý,Neznámý,Plzeňský kraj,1,0,0,0.0,0.01
2026-08-23,Kopačka.cz,context,Desktop,ChromeOS,Neznámý,Neznámý,Karlovarský kraj,4,0,0,0.0,0.03
2026-08-23,Kopačka.cz,context,Desktop,ChromeOS,Neznámý,Neznámý,Ústecký kraj,1,0,0,0.0,0.01
2026-08-23,Kopačka.cz,context,Desktop,ChromeOS,Neznámý,Neznámý,Liberecký kraj,6,0,0,0.0,0.04
2026-08-23,Kopačka.cz,context,Desktop,ChromeOS,Neznámý,Neznámý,Královéhradecký kraj,5,0,0,0.0,0.03
2026-08-23,Kopačka.cz,context,Desktop,ChromeOS,Neznámý,Neznámý,Pardubický kraj,6,0,0,0.0,0.04
2026-08-23,Kopačka.cz,context,Desktop,ChromeOS,Neznámý,Neznámý,Kraj Vysočina,2,0,0,0.0,0.01
2026-08-23,Kopačka.cz,context,Desktop,ChromeOS,Neznámý,Neznámý,Jihomoravský kraj,4,0,0,0.0,0.03
2026-08-23,Kopačka.cz,context,Desktop,ChromeOS,Neznámý,Neznámý,Olomoucký kraj,4,0,0,0.0,0.03
2026-08-23,Kopačka.cz,context,Desktop,ChromeOS,Neznámý,Neznámý,Zlínský kraj,1,0,0,0.0,0.01
2026-08-23,Kopačka.cz,context,Desktop,ChromeOS,Neznámý,Neznámý,Moravskoslezský kraj,1,0,0,0.0,0.01
2026-08-23,Pozdní Zprávy,context,Tv,Android,Neznámý,Neznámý,Hlavní město Praha,1,0,0,0.0,0.0
2026-08-23,Pozdní Zprávy,context,Tv,Android,Neznámý,Neznámý,Středočeský kraj,1,0,0,0.0,0.0
2026-08-23,Pozdní Zprávy,context,Tv,Android,Neznámý,Neznámý,Jihočeský kraj,1,0,0,0.0,0.0
2026-08-23,Pozdní Zprávy,context,Tv,Android,Neznámý,Neznámý,Plzeňský kraj,3,0,0,0.0,0.0
2026-08-23,Pozdní Zprávy,context,Tv,Android,Neznámý,Neznámý,Karlovarský kraj,1,0,0,0.0,0.0
2026-08-23,Pozdní Zprávy,context,Tv,Android,Neznámý,Neznámý,Ústecký kraj,4,0,0,0.0,0.0
2026-08-23,Pozdní Zprávy,context,Tv,Android,Neznámý,Neznámý,Liberecký kraj,2,0,0,0.0,0.0
2026-08-23,Pozdní Zprávy,context,Tv,Android,Neznámý,Neznámý,Královéhradecký kraj,1,0,0,0.0,0.0
2026-08-23,Pozdní Zprávy,context,Tv,Android,Neznámý,Neznámý,Pardubický kraj,1,0,0,0.0,0.0
2026-08-23,Pozdní Zprávy,context,Tv,Android,Neznámý,Neznámý,Kraj Vysočina,4,0,0,0.0,0.0
2026-08-23,Pozdní Zprávy,context,Tv,Android,Neznámý,Neznámý,Jihomoravský kraj,2,0,0,0.0,0.0
2026-08-23,Pozdní Zprávy,context,Tv,Android,Neznámý,Neznámý,Olomoucký kraj,1,0,0,0.0,0.0
2026-08-23,Pozdní Zprávy,context,Tv,Android,Neznámý,Neznámý,Zlínský kraj,2,0,0,0.0,0.0
2026-08-23,Pozdní Zprávy,context,Tv,Android,Neznámý,Neznámý,Moravskoslezský kraj,3,0,0,0.0,0.0
2026-08-23,Pozdní Zprávy,context,Tablet,iPadOS,Muž,60+,Hlavní město Praha,943,3,1,0.0,16.04
2026-08-23,Pozdní Zprávy,context,Tablet,iPadOS,Muž,60+,Středočeský kraj,886,6,0,0.0,15.07
2026-08-23,Pozdní Zprávy,context,Tablet,iPadOS,Muž,60+,Jihočeský kraj,8793,21,1,0.0,149.56
2026-08-23,Pozdní Zprávy,context,Tablet,iPadOS,Muž,60+,Plzeňský kraj,1333,5,0,0.0,22.67
2026-08-23,Pozdní Zprávy,context,Tablet,iPadOS,Muž,60+,Karlovarský kraj,1280,3,0,0.0,21.77
2026-08-23,Pozdní Zprávy,context,Tablet,iPadOS,Muž,60+,Ústecký kraj,4480,15,0,0.0,76.2
2026-08-23,Pozdní Zprávy,context,Tablet,iPadOS,Muž,60+,Liberecký kraj,3612,17,0,0.0,61.43
2026-08-23,Pozdní Zprávy,context,Tablet,iPadOS,Muž,60+,Královéhradecký kraj,505,2,0,0.0,8.59
2026-08-23,Pozdní Zprávy,context,Tablet,iPadOS,Muž,60+,Pardubický kraj,1055,2,0,0.0,17.94
2026-08-23,Pozdní Zprávy,context,Tablet,iPadOS,Muž,60+,Kraj Vysočina,2322,10,0,0.0,39.49
2026-08-23,Pozdní Zprávy,context,Tablet,iPadOS,Muž,60+,Jihomoravský kraj,290,1,0,0.0,4.93
2026-08-23,Pozdní Zprávy,context,Tablet,iPadOS,Muž,60+,Olomoucký kraj,3165,21,0,0.0,53.83
2026-08-23,Pozdní Zprávy,context,Tablet,iPadOS,Muž,60+,Zlínský kraj,17016,82,3,0.0,289.42
2026-08-23,Pozdní Zprávy,context,Tablet,iPadOS,Muž,60+,Moravskoslezský kraj,5224,17,1,0.0,88.85
2026-08-23,Pozdní Zprávy,context,Tv,Tizen,Muž,25 - 39,Hlavní město Praha,2,0,0,0.0,0.01
2026-08-23,Pozdní Zprávy,context,Tv,Tizen,Muž,25 - 39,Středočeský kraj,12,0,0,0.0,0.07
2026-08-23,Pozdní Zprávy,context,Tv,Tizen,Muž,25 - 39,Jihočeský kraj,5,0,0,0.0,0.03
2026-08-23,Pozdní Zprávy,context,Tv,Tizen,Muž,25 - 39,Plzeňský kraj,1,0,0,0.0,0.01
2026-08-23,Pozdní Zprávy,context,Tv,Tizen,Muž,25 - 39,Karlovarský kraj,1,0,0,0.0,0.01
2026-08-23,Pozdní Zprávy,context,Tv,Tizen,Muž,25 - 39,Ústecký kraj,10,0,0,0.0,0.06
2026-08-23,Pozdní Zprávy,context,Tv,Tizen,Muž,25 - 39,Liberecký kraj,1,0,0,0.0,0.01
2026-08-23,Pozdní Zprávy,context,Tv,Tizen,Muž,25 - 39,Královéhradecký kraj,6,0,0,0.0,0.04
2026-08-23,Pozdní Zprávy,context,Tv,Tizen,Muž,25 - 39,Pardubický kraj,7,0,0,0.0,0.04
2026-08-23,Pozdní Zprávy,context,Tv,Tizen,Muž,25 - 39,Kraj Vysočina,8,0,0,0.0,0.05
2026-08-23,Pozdní Zprávy,context,Tv,Tizen,Muž,25 - 39,Jihomoravský kraj,8,0,0,0.0,0.05
2026-08-23,Pozdní Zprávy,context,Tv,Tizen,Muž,25 - 39,Olomoucký kraj,1,0,0,0.0,0.01
2026-08-23,Pozdní Zprávy,context,Tv,Tizen,Muž,25 - 39,Zlínský kraj,2,0,0,0.0,0.01
2026-08-23,Pozdní Zprávy,context,Tv,Tizen,Muž,25 - 39,Moravskoslezský kraj,2,0,0,0.0,0.01
2026-08-23,Pozdní Zprávy,context,,,Muž,40 - 59,Hlavní město Praha,1,0,0,0.0,0.0
2026-08-23,Pozdní Zprávy,context,,,Muž,40 - 59,Středočeský kraj,5,0,0,0.0,0.0
2026-08-23,Pozdní Zprávy,context,,,Muž,40 - 59,Jihočeský kraj,10,0,0,0.0,0.01
2026-08-23,Pozdní Zprávy,context,,,Muž,40 - 59,Plzeňský kraj,6,0,0,0.0,0.01
2026-08-23,Pozdní Zprávy,context,,,Muž,40 - 59,Karlovarský kraj,2,0,0,0.0,0.0
2026-08-23,Pozdní Zprávy,context,,,Muž,40 - 59,Ústecký kraj,11,0,0,0.0,0.01
2026-08-23,Pozdní Zprávy,context,,,Muž,40 - 59,Liberecký kraj,3,0,0,0.0,0.0
2026-08-23,Pozdní Zprávy,context,,,Muž,40 - 59,Královéhradecký kraj,7,0,0,0.0,0.01
2026-08-23,Pozdní Zprávy,context,,,Muž,40 - 59,Pardubický kraj,7,0,0,0.0,0.01
2026-08-23,Pozdní Zprávy,context,,,Muž,40 - 59,Kraj Vysočina,5,0,0,0.0,0.0
2026-08-23,Pozdní Zprávy,context,,,Muž,40 - 59,Jihomoravský kraj,1,0,0,0.0,0.0
2026-08-23,Pozdní Zprávy,context,,,Muž,40 - 59,Olomoucký kraj,4,0,0,0.0,0.0
2026-08-23,Pozdní Zprávy,context,,,Muž,40 - 59,Zlínský kraj,9,0,0,0.0,0.01
2026-08-23,Pozdní Zprávy,context,,,Muž,40 - 59,Moravskoslezský kraj,11,0,0,0.0,0.01
2026-08-23,Pozdní Zprávy,context,SmartPhone,,Neznámý,Neznámý,Hlavní město Praha,545,1,0,0.0,5.82
2026-08-23,Pozdní Zprávy,context,SmartPhone,,Neznámý,Neznámý,Středočeský kraj,1647,7,0,0.0,17.57
2026-08-23,Pozdní Zprávy,context,SmartPhone,,Neznámý,Neznámý,Jihočeský kraj,1718,3,0,0.0,18.33
2026-08-23,Pozdní Zprávy,context,SmartPhone,,Neznámý,Neznámý,Plzeňský kraj,1532,6,0,0.0,16.35
2026-08-23,Pozdní Zprávy,context,SmartPhone,,Neznámý,Neznámý,Karlovarský kraj,4831,18,0,0.0,51.55
2026-08-23,Pozdní Zprávy,context,SmartPhone,,Neznámý,Neznámý,Ústecký kraj,1101,3,0,0.0,11.75
2026-08-23,Pozdní Zprávy,context,SmartPhone,,Neznámý,Neznámý,Liberecký kraj,68,1,0,0.0,0.73
2026-08-23,Pozdní Zprávy,context,SmartPhone,,Neznámý,Neznámý,Královéhradecký kraj,3686,11,0,0.0,39.33
2026-08-23,Pozdní Zprávy,context,SmartPhone,,Neznámý,Neznámý,Pardubický kraj,6204,15,0,0.0,66.2
2026-08-23,Pozdní Zprávy,context,SmartPhone,,Neznámý,Neznámý,Kraj Vysočina,744,3,0,0.0,7.94
2026-08-23,Pozdní Zprávy,context,SmartPhone,,Neznámý,Neznámý,Jihomoravský kraj,1551,5,0,0.0,16.55
2026-08-23,Pozdní Zprávy,context,SmartPhone,,Neznámý,Neznámý,Olomoucký kraj,4283,11,0,0.0,45.7
2026-08-23,Pozdní Zprávy,context,SmartPhone,,Neznámý,Neznámý,Zlínský kraj,277,0,0,0.0,2.96
2026-08-23,Pozdní Zprávy,context,SmartPhone,,Neznámý,Neznámý,Moravskoslezský kraj,2214,10,0,0.0,23.62
2026-08-23,Poštovna.cz,context,Console,Android,Žena,60+,Hlavní město Praha,1,0,0,0.0,0.0
2026-08-23,Poštovna.cz,context,Console,Android,Žena,60+,Středočeský kraj,1,0,0,0.0,0.0
2026-08-23,Poštovna.cz,context,Console,Android,Žena,60+,Jihočeský kraj,1,0,0,0.0,0.0
2026-08-23,Poštovna.cz,context,Console,Android,Žena,60+,Plzeňský kraj,1,0,0,0.0,0.0
2026-08-23,Poštovna.cz,context,Console,Android,Žena,60+,Karlovarský kraj,1,0,0,0.0,0.0
2026-08-23,Poštovna.cz,context,Console,Android,Žena,60+,Ústecký kraj,1,0,0,0.0,0.0
2026-08-23,Poštovna.cz,context,Console,Android,Žena,60+,Liberecký kraj,1,0,0,0.0,0.0
2026-08-23,Poštovna.cz,context,Console,Android,Žena,60+,Královéhradecký kraj,1,0,0,0.0,0.0
2026-08-23,Poštovna.cz,context,Console,Android,Žena,60+,Pardubický kraj,1,0,0,0.0,0.0
2026-08-23,Poštovna.cz,context,Console,Android,Žena,60+,Kraj Vysočina,1,0,0,0.0,0.0
2026-08-23,Poštovna.cz,context,Console,Android,Žena,60+,Jihomoravský kraj,1,0,0,0.0,0.0
2026-08-23,Poštovna.cz,context,Console,Android,Žena,60+,Olomoucký kraj,1,0,0,0.0,0.0
2026-08-23,Poštovna.cz,context,Console,Android,Žena,60+,Zlínský kraj,1,0,0,0.0,0.0
2026-08-23,Poštovna.cz,context,Console,Android,Žena,60+,Moravskoslezský kraj,1,0,0,0.0,0.0
2026-08-24,Aktualitky.cz,context,Tv,,Žena,40 - 59,Hlavní město Praha,18,1,0,0.0,0.66
2026-08-24,Aktualitky.cz,context,Tv,,Žena,40 - 59,Středočeský kraj,10,0,0,0.0,0.36
2026-08-24,Aktualitky.cz,context,Tv,,Žena,40 - 59,Jihočeský kraj,56,0,0,0.0,2.04
2026-08-24,Aktualitky.cz,context,Tv,,Žena,40 - 59,Plzeňský kraj,5,0,0,0.0,0.18
2026-08-24,Aktualitky.cz,context,Tv,,Žena,40 - 59,Karlovarský kraj,5,0,0,0.0,0.18
2026-08-24,Aktualitky.cz,context,Tv,,Žena,40 - 59,Ústecký kraj,24,0,0,0.0,0.87
2026-08-24,Aktualitky.cz,context,Tv,,Žena,40 - 59,Liberecký kraj,2,0,0,0.0,0.07
2026-08-24,Aktualitky.cz,context,Tv,,Žena,40 - 59,Královéhradecký kraj,34,0,0,0.0,1.24
2026-08-24,Aktualitky.cz,context,Tv,,Žena,40 - 59,Pardubický kraj,5,0,0,0.0,0.18
2026-08-24,Aktualitky.cz,context,Tv,,Žena,40 - 59,Kraj Vysočina,1,0,0,0.0,0.04
2026-08-24,Aktualitky.cz,context,Tv,,Žena,40 - 59,Jihomoravský kraj,52,1,0,0.0,1.89
2026-08-24,Aktualitky.cz,context,Tv,,Žena,40 - 59,Olomoucký kraj,18,0,0,0.0,0.66
2026-08-24,Aktualitky.cz,context,Tv,,Žena,40 - 59,Zlínský kraj,31,0,0,0.0,1.13
2026-08-24,Aktualitky.cz,context,Tv,,Žena,40 - 59,Moravskoslezský kraj,13,0,0,0.0,0.47
2026-08-24,Baráky.cz,context,SmartPhone,iOS,Žena,18 - 24,Hlavní město Praha,1820,24,0,0.0,97.5
2026-08-24,Baráky.cz,context,SmartPhone,iOS,Žena,18 - 24,Středočeský kraj,1208,19,0,0.0,64.72
2026-08-24,Baráky.cz,context,SmartPhone,iOS,Žena,18 - 24,Jihočeský kraj,5527,98,0,0.0,296.1
2026-08-24,Baráky.cz,context,SmartPhone,iOS,Žena,18 - 24,Plzeňský kraj,2911,59,0,0.0,155.95
2026-08-24,Baráky.cz,context,SmartPhone,iOS,Žena,18 - 24,Karlovarský kraj,2394,42,0,0.0,128.25
2026-08-24,Baráky.cz,context,SmartPhone,iOS,Žena,18 - 24,Ústecký kraj,252,4,0,0.0,13.5
2026-08-24,Baráky.cz,context,SmartPhone,iOS,Žena,18 - 24,Liberecký kraj,7163,114,0,0.0,383.74
2026-08-24,Baráky.cz,context,SmartPhone,iOS,Žena,18 - 24,Královéhradecký kraj,2459,40,0,0.0,131.73
2026-08-24,Baráky.cz,context,SmartPhone,iOS,Žena,18 - 24,Pardubický kraj,952,18,0,0.0,51.0
2026-08-24,Baráky.cz,context,SmartPhone,iOS,Žena,18 - 24,Kraj Vysočina,1451,30,0,0.0,77.73
2026-08-24,Baráky.cz,context,SmartPhone,iOS,Žena,18 - 24,Jihomoravský kraj,848,14,0,0.0,45.43
2026-08-24,Baráky.cz,context,SmartPhone,iOS,Žena,18 - 24,Olomoucký kraj,209,10,0,0.0,11.2
2026-08-24,Baráky.cz,context,SmartPhone,iOS,Žena,18 - 24,Zlínský kraj,6488,93,0,0.0,347.58
2026-08-24,Baráky.cz,context,SmartPhone,iOS,Žena,18 - 24,Moravskoslezský kraj,6214,133,0,0.0,332.9
2026-08-24,Baráky.cz,context,Desktop,ChromeOS,Muž,25 - 39,Hlavní město Praha,7,0,0,0.0,0.0
2026-08-24,Baráky.cz,context,Desktop,ChromeOS,Muž,25 - 39,Středočeský kraj,1,0,0,0.0,0.0
2026-08-24,Baráky.cz,context,Desktop,ChromeOS,Muž,25 - 39,Jihočeský kraj,2,0,0,0.0,0.0
2026-08-24,Baráky.cz,context,Desktop,ChromeOS,Muž,25 - 39,Plzeňský kraj,5,0,0,0.0,0.0
2026-08-24,Baráky.cz,context,Desktop,ChromeOS,Muž,25 - 39,Karlovarský kraj,4,0,0,0.0,0.0
2026-08-24,Baráky.cz,context,Desktop,ChromeOS,Muž,25 - 39,Ústecký kraj,1,0,0,0.0,0.0
2026-08-24,Baráky.cz,context,Desktop,ChromeOS,Muž,25 - 39,Liberecký kraj,11,0,0,0.0,0.0
2026-08-24,Baráky.cz,context,Desktop,ChromeOS,Muž,25 - 39,Královéhradecký kraj,5,0,0,0.0,0.0
2026-08-24,Baráky.cz,context,Desktop,ChromeOS,Muž,25 - 39,Pardubický kraj,4,0,0,0.0,0.0
2026-08-24,Baráky.cz,context,Desktop,ChromeOS,Muž,25 - 39,Kraj Vysočina,15,0,0,0.0,0.0
2026-08-24,Baráky.cz,context,Desktop,ChromeOS,Muž,25 - 39,Jihomoravský kraj,11,0,0,0.0,0.0
2026-08-24,Baráky.cz,context,Desktop,ChromeOS,Muž,25 - 39,Olomoucký kraj,14,0,0,0.0,0.0
2026-08-24,Baráky.cz,context,Desktop,ChromeOS,Muž,25 - 39,Zlínský kraj,1,0,0,0.0,0.0
2026-08-24,Baráky.cz,context,Desktop,ChromeOS,Muž,25 - 39,Moravskoslezský kraj,2,0,0,0.0,0.0
2026-08-24,Baráky.cz,context,Desktop,Windows,Muž,25 - 39,Hlavní město Praha,2168,1,0,0.0,13.63
2026-08-24,Baráky.cz,context,Desktop,Windows,Muž,25 - 39,Středočeský kraj,17266,8,0,0.0,108.55
2026-08-24,Baráky.cz,context,Desktop,Windows,Muž,25 - 39,Jihočeský kraj,1398,1,0,0.0,8.79
2026-08-24,Baráky.cz,context,Desktop,Windows,Muž,25 - 39,Plzeňský kraj,1400,0,0,0.0,8.8
2026-08-24,Baráky.cz,context,Desktop,Windows,Muž,25 - 39,Karlovarský kraj,11530,2,0,0.0,72.49
2026-08-24,Baráky.cz,context,Desktop,Windows,Muž,25 - 39,Ústecký kraj,2697,5,0,0.0,16.96
2026-08-24,Baráky.cz,context,Desktop,Windows,Muž,25 - 39,Liberecký kraj,1919,1,0,0.0,12.06
2026-08-24,Baráky.cz,context,Desktop,Windows,Muž,25 - 39,Královéhradecký kraj,9717,3,0,0.0,61.09
2026-08-24,Baráky.cz,context,Desktop,Windows,Muž,25 - 39,Pardubický kraj,35747,22,1,0.0,224.74
2026-08-24,Baráky.cz,context,Desktop,Windows,Muž,25 - 39,Kraj Vysočina,9651,6,0,0.0,60.68
2026-08-24,Baráky.cz,context,Desktop,Windows,Muž,25 - 39,Jihomoravský kraj,1220,4,0,0.0,7.67
2026-08-24,Baráky.cz,context,Desktop,Windows,Muž,25 - 39,Olomoucký kraj,16334,12,0,0.0,102.69
2026-08-24,Baráky.cz,context,Desktop,Windows,Muž,25 - 39,Zlínský kraj,7508,4,0,0.0,47.2
2026-08-24,Baráky.cz,context,Desktop,Windows,Muž,25 - 39,Moravskoslezský kraj,10469,9,0,0.0,65.82
2026-08-24,Baráky.cz,context,,,Muž,40 - 59,Hlavní město Praha,1,0,0,0.0,0.0
2026-08-24,Baráky.cz,context,,,Muž,40 - 59,Středočeský kraj,1,0,0,0.0,0.0
2026-08-24,Baráky.cz,context,,,Muž,40 - 59,Jihočeský kraj,1,0,0,0.0,0.0
2026-08-24,Baráky.cz,context,,,Muž,40 - 59,Plzeňský kraj,1,0,0,0.0,0.0
2026-08-24,Baráky.cz,context,,,Muž,40 - 59,Karlovarský kraj,1,0,0,0.0,0.0
2026-08-24,Baráky.cz,context,,,Muž,40 - 59,Ústecký kraj,1,0,0,0.0,0.0
2026-08-24,Baráky.cz,context,,,Muž,40 - 59,Liberecký kraj,1,0,0,0.0,0.0
2026-08-24,Baráky.cz,context,,,Muž,40 - 59,Královéhradecký kraj,1,0,0,0.0,0.0
2026-08-24,Baráky.cz,context,,,Muž,40 - 59,Pardubický kraj,1,0,0,0.0,0.0
2026-08-24,Baráky.cz,context,,,Muž,40 - 59,Kraj Vysočina,1,0,0,0.0,0.0
2026-08-24,Baráky.cz,context,,,Muž,40 - 59,Jihomoravský kraj,1,0,0,0.0,0.0
2026-08-24,Baráky.cz,context,,,Muž,40 - 59,Olomoucký kraj,1,0,0,0.0,0.0
2026-08-24,Baráky.cz,context,,,Muž,40 - 59,Zlínský kraj,1,0,0,0.0,0.0
2026-08-24,Baráky.cz,context,,,Muž,40 - 59,Moravskoslezský kraj,1,0,0,0.0,0.0
2026-08-24,Baráky.cz,context,SmartPhone,Android,Žena,40 - 59,Hlavní město Praha,3365,5,0,0.0,21.47
2026-08-24,Baráky.cz,context,SmartPhone,Android,Žena,40 - 59,Středočeský kraj,8223,12,0,0.0,52.47
2026-08-24,Baráky.cz,context,SmartPhone,Android,Žena,40 - 59,Jihočeský kraj,12625,15,0,0.0,80.56
2026-08-24,Baráky.cz,context,SmartPhone,Android,Žena,40 - 59,Plzeňský kraj,10040,9,0,0.0,64.06
2026-08-24,Baráky.cz,context,SmartPhone,Android,Žena,40 - 59,Karlovarský kraj,21078,17,0,0.0,134.49
2026-08-24,Baráky.cz,context,SmartPhone,Android,Žena,40 - 59,Ústecký kraj,10234,11,0,0.0,65.3
2026-08-24,Baráky.cz,context,SmartPhone,Android,Žena,40 - 59,Liberecký kraj,3444,4,0,0.0,21.97
2026-08-24,Baráky.cz,context,SmartPhone,Android,Žena,40 - 59,Královéhradecký kraj,2370,1,0,0.0,15.12
2026-08-24,Baráky.cz,context,SmartPhone,Android,Žena,40 - 59,Pardubický kraj,37951,50,3,980.49,242.15
2026-08-24,Baráky.cz,context,SmartPhone,Android,Žena,40 - 59,Kraj Vysočina,36559,46,2,653.66,233.27
2026-08-24,Baráky.cz,context,SmartPhone,Android,Žena,40 - 59,Jihomoravský kraj,10088,19,0,0.0,64.37
2026-08-24,Baráky.cz,context,SmartPhone,Android,Žena,40 - 59,Olomoucký kraj,111,0,0,0.0,0.71
2026-08-24,Baráky.cz,context,SmartPhone,Android,Žena,40 - 59,Zlínský kraj,21619,29,1,326.83,137.94
2026-08-24,Baráky.cz,context,SmartPhone,Android,Žena,40 - 59,Moravskoslezský kraj,35100,39,0,0.0,223.96
2026-08-24,Baráky.cz,context,SmartPhone,,Žena,40 - 59,Hlavní město Praha,124,0,0,0.0,0.68
2026-08-24,Baráky.cz,context,SmartPhone,,Žena,40 - 59,Středočeský kraj,52,0,0,0.0,0.28
2026-08-24,Baráky.cz,context,SmartPhone,,Žena,40 - 59,Jihočeský kraj,328,1,0,0.0,1.8
2026-08-24,Baráky.cz,context,SmartPhone,,Žena,40 - 59,Plzeňský kraj,20,0,0,0.0,0.11
2026-08-24,Baráky.cz,context,SmartPhone,,Žena,40 - 59,Karlovarský kraj,18,0,0,0.0,0.1
2026-08-24,Baráky.cz,context,SmartPhone,,Žena,40 - 59,Ústecký kraj,312,0,0,0.0,1.71
2026-08-24,Baráky.cz,context,SmartPhone,,Žena,40 - 59,Liberecký kraj,9,0,0,0.0,0.05
2026-08-24,Baráky.cz,context,SmartPhone,,Žena,40 - 59,Královéhradecký kraj,37,0,0,0.0,0.2
2026-08-24,Baráky.cz,context,SmartPhone,,Žena,40 - 59,Pardubický kraj,199,0,0,0.0,1.09
2026-08-24,Baráky.cz,context,SmartPhone,,Žena,40 - 59,Kraj Vysočina,210,1,0,0.0,1.15
2026-08-24,Baráky.cz,context,SmartPhone,,Žena,40 - 59,Jihomoravský kraj,71,0,0,0.0,0.39
2026-08-24,Baráky.cz,context,SmartPhone,,Žena,40 - 59,Olomoucký kraj,109,1,0,0.0,0.6
2026-08-24,Baráky.cz,context,SmartPhone,,Žena,40 - 59,Zlínský kraj,30,0,0,0.0,0.16
2026-08-24,Baráky.cz,context,SmartPhone,,Žena,40 - 59,Moravskoslezský kraj,12,0,0,0.0,0.07
2026-08-24,Blogeria.cz,context,SmartPhone,,Neznámý,Neznámý,Hlavní město Praha,487,3,0,0.0,5.56
2026-08-24,Blogeria.cz,context,SmartPhone,,Neznámý,Neznámý,Středočeský kraj,76,0,0,0.0,0.87
2026-08-24,Blogeria.cz,context,SmartPhone,,Neznámý,Neznámý,Jihočeský kraj,1758,2,0,0.0,20.06
2026-08-24,Blogeria.cz,context,SmartPhone,,Neznámý,Neznámý,Plzeňský kraj,246,1,0,0.0,2.81
2026-08-24,Blogeria.cz,context,SmartPhone,,Neznámý,Neznámý,Karlovarský kraj,294,1,0,0.0,3.36
2026-08-24,Blogeria.cz,context,SmartPhone,,Neznámý,Neznámý,Ústecký kraj,253,3,0,0.0,2.89
2026-08-24,Blogeria.cz,context,SmartPhone,,Neznámý,Neznámý,Liberecký kraj,24,0,0,0.0,0.27
2026-08-24,Blogeria.cz,context,SmartPhone,,Neznámý,Neznámý,Královéhradecký kraj,469,0,0,0.0,5.35
2026-08-24,Blogeria.cz,context,SmartPhone,,Neznámý,Neznámý,Pardubický kraj,41,0,0,0.0,0.47
2026-08-24,Blogeria.cz,context,SmartPhone,,Neznámý,Neznámý,Kraj Vysočina,515,1,0,0.0,5.88
2026-08-24,Blogeria.cz,context,SmartPhone,,Neznámý,Neznámý,Jihomoravský kraj,553,1,0,0.0,6.31
2026-08-24,Blogeria.cz,context,SmartPhone,,Neznámý,Neznámý,Olomoucký kraj,565,3,0,0.0,6.45
2026-08-24,Blogeria.cz,context,SmartPhone,,Neznámý,Neznámý,Zlínský kraj,74,0,0,0.0,0.84
2026-08-24,Blogeria.cz,context,SmartPhone,,Neznámý,Neznámý,Moravskoslezský kraj,106,0,0,0.0,1.21
2026-08-24,Blogeria.cz,context,SmartPhone,iOS,Muž,25 - 39,Hlavní město Praha,4053,7,0,0.0,29.8
2026-08-24,Blogeria.cz,context,SmartPhone,iOS,Muž,25 - 39,Středočeský kraj,751,1,0,0.0,5.52
2026-08-24,Blogeria.cz,context,SmartPhone,iOS,Muž,25 - 39,Jihočeský kraj,128,0,0,0.0,0.94
2026-08-24,Blogeria.cz,context,SmartPhone,iOS,Muž,25 - 39,Plzeňský kraj,3903,3,0,0.0,28.7
2026-08-24,Blogeria.cz,context,SmartPhone,iOS,Muž,25 - 39,Karlovarský kraj,799,0,0,0.0,5.87
2026-08-24,Blogeria.cz,context,SmartPhone,iOS,Muž,25 - 39,Ústecký kraj,60,0,0,0.0,0.44
2026-08-24,Blogeria.cz,context,SmartPhone,iOS,Muž,25 - 39,Liberecký kraj,3677,5,0,0.0,27.03
2026-08-24,Blogeria.cz,context,SmartPhone,iOS,Muž,25 - 39,Královéhradecký kraj,2349,1,0,0.0,17.27
2026-08-24,Blogeria.cz,context,SmartPhone,iOS,Muž,25 - 39,Pardubický kraj,3180,5,0,0.0,23.38
2026-08-24,Blogeria.cz,context,SmartPhone,iOS,Muž,25 - 39,Kraj Vysočina,5868,5,0,0.0,43.14
2026-08-24,Blogeria.cz,context,SmartPhone,iOS,Muž,25 - 39,Jihomoravský kraj,1372,2,0,0.0,10.09
2026-08-24,Blogeria.cz,context,SmartPhone,iOS,Muž,25 - 39,Olomoucký kraj,349,1,0,0.0,2.57
2026-08-24,Blogeria.cz,context,SmartPhone,iOS,Muž,25 - 39,Zlínský kraj,2583,3,0,0.0,18.99
2026-08-24,Blogeria.cz,context,SmartPhone,iOS,Muž,25 - 39,Moravskoslezský kraj,96,0,0,0.0,0.71
2026-08-24,Blogeria.cz,context,SmallScreen,Android,Muž,25 - 39,Hlavní město Praha,1,0,0,0.0,0.0
2026-08-24,Blogeria.cz,context,SmallScreen,Android,Muž,25 - 39,Středočeský kraj,1,0,0,0.0,0.0
2026-08-24,Blogeria.cz,context,SmallScreen,Android,Muž,25 - 39,Jihočeský kraj,1,0,0,0.0,0.0
2026-08-24,Blogeria.cz,context,SmallScreen,Android,Muž,25 - 39,Plzeňský kraj,1,0,0,0.0,0.0
2026-08-24,Blogeria.cz,context,SmallScreen,Android,Muž,25 - 39,Karlovarský kraj,1,0,0,0.0,0.0
2026-08-24,Blogeria.cz,context,SmallScreen,Android,Muž,25 - 39,Ústecký kraj,1,0,0,0.0,0.0
2026-08-24,Blogeria.cz,context,SmallScreen,Android,Muž,25 - 39,Liberecký kraj,1,0,0,0.0,0.0
2026-08-24,Blogeria.cz,context,SmallScreen,Android,Muž,25 - 39,Královéhradecký kraj,1,0,0,0.0,0.0
2026-08-24,Blogeria.cz,context,SmallScreen,Android,Muž,25 - 39,Pardubický kraj,1,0,0,0.0,0.0
2026-08-24,Blogeria.cz,context,SmallScreen,Android,Muž,25 - 39,Kraj Vysočina,1,0,0,0.0,0.0
2026-08-24,Blogeria.cz,context,SmallScreen,Android,Muž,25 - 39,Jihomoravský kraj,1,0,0,0.0,0.0
2026-08-24,Blogeria.cz,context,SmallScreen,Android,Muž,25 - 39,Olomoucký kraj,1,0,0,0.0,0.0
2026-08-24,Blogeria.cz,context,SmallScreen,Android,Muž,25 - 39,Zlínský kraj,1,0,0,0.0,0.0
2026-08-24,Blogeria.cz,context,SmallScreen,Android,Muž,25 - 39,Moravskoslezský kraj,1,0,0,0.0,0.0
2026-08-24,Drbárna.cz,context,MediaHub,Android,Muž,Neznámý,Hlavní město Praha,10,0,0,0.0,0.0
2026-08-24,Drbárna.cz,context,MediaHub,Android,Muž,Neznámý,Středočeský kraj,2,0,0,0.0,0.0
2026-08-24,Drbárna.cz,context,MediaHub,Android,Muž,Neznámý,Jihočeský kraj,1,0,0,0.0,0.0
2026-08-24,Drbárna.cz,context,MediaHub,Android,Muž,Neznámý,Plzeňský kraj,3,0,0,0.0,0.0
2026-08-24,Drbárna.cz,context,MediaHub,Android,Muž,Neznámý,Karlovarský kraj,1,0,0,0.0,0.0
2026-08-24,Drbárna.cz,context,MediaHub,Android,Muž,Neznámý,Ústecký kraj,1,0,0,0.0,0.0
2026-08-24,Drbárna.cz,context,MediaHub,Android,Muž,Neznámý,Liberecký kraj,1,0,0,0.0,0.0
2026-08-24,Drbárna.cz,context,MediaHub,Android,Muž,Neznámý,Královéhradecký kraj,1,0,0,0.0,0.0
2026-08-24,Drbárna.cz,context,MediaHub,Android,Muž,Neznámý,Pardubický kraj,2,0,0,0.0,0.0
2026-08-24,Drbárna.cz,context,MediaHub,Android,Muž,Neznámý,Kraj Vysočina,1,0,0,0.0,0.0
2026-08-24,Drbárna.cz,context,MediaHub,Android,Muž,Neznámý,Jihomoravský kraj,1,0,0,0.0,0.0
2026-08-24,Drbárna.cz,context,MediaHub,Android,Muž,Neznámý,Olomoucký kraj,2,0,0,0.0,0.0
2026-08-24,Drbárna.cz,context,MediaHub,Android,Muž,Neznámý,Zlínský kraj,2,0,0,0.0,0.0
2026-08-24,Drbárna.cz,context,MediaHub,Android,Muž,Neznámý,Moravskoslezský kraj,4,0,0,0.0,0.0
2026-08-24,Drbárna.cz,context,Tablet,,Žena,18 - 24,Hlavní město Praha,2,0,0,0.0,0.0
2026-08-24,Drbárna.cz,context,Tablet,,Žena,18 - 24,Středočeský kraj,1,0,0,0.0,0.0
2026-08-24,Drbárna.cz,context,Tablet,,Žena,18 - 24,Jihočeský kraj,1,0,0,0.0,0.0
2026-08-24,Drbárna.cz,context,Tablet,,Žena,18 - 24,Plzeňský kraj,1,0,0,0.0,0.0
2026-08-24,Drbárna.cz,context,Tablet,,Žena,18 - 24,Karlovarský kraj,2,0,0,0.0,0.0
2026-08-24,Drbárna.cz,context,Tablet,,Žena,18 - 24,Ústecký kraj,1,0,0,0.0,0.0
2026-08-24,Drbárna.cz,context,Tablet,,Žena,18 - 24,Liberecký kraj,2,0,0,0.0,0.0
2026-08-24,Drbárna.cz,context,Tablet,,Žena,18 - 24,Královéhradecký kraj,2,0,0,0.0,0.0
2026-08-24,Drbárna.cz,context,Tablet,,Žena,18 - 24,Pardubický kraj,1,0,0,0.0,0.0
2026-08-24,Drbárna.cz,context,Tablet,,Žena,18 - 24,Kraj Vysočina,1,0,0,0.0,0.0
2026-08-24,Drbárna.cz,context,Tablet,,Žena,18 - 24,Jihomoravský kraj,1,0,0,0.0,0.0
2026-08-24,Drbárna.cz,context,Tablet,,Žena,18 - 24,Olomoucký kraj,1,0,0,0.0,0.0
2026-08-24,Drbárna.cz,context,Tablet,,Žena,18 - 24,Zlínský kraj,1,0,0,0.0,0.0
2026-08-24,Drbárna.cz,context,Tablet,,Žena,18 - 24,Moravskoslezský kraj,1,0,0,0.0,0.0
2026-08-24,Kopačka.cz,context,Desktop,macOS,Žena,18 - 24,Hlavní město Praha,40,0,0,0.0,0.62
2026-08-24,Kopačka.cz,context,Desktop,macOS,Žena,18 - 24,Středočeský kraj,54,0,0,0.0,0.84
2026-08-24,Kopačka.cz,context,Desktop,macOS,Žena,18 - 24,Jihočeský kraj,1,0,0,0.0,0.02
2026-08-24,Kopačka.cz,context,Desktop,macOS,Žena,18 - 24,Plzeňský kraj,14,0,0,0.0,0.22
2026-08-24,Kopačka.cz,context,Desktop,macOS,Žena,18 - 24,Karlovarský kraj,6,0,0,0.0,0.09
2026-08-24,Kopačka.cz,context,Desktop,macOS,Žena,18 - 24,Ústecký kraj,13,0,0,0.0,0.2
2026-08-24,Kopačka.cz,context,Desktop,macOS,Žena,18 - 24,Liberecký kraj,14,0,0,0.0,0.22
2026-08-24,Kopačka.cz,context,Desktop,macOS,Žena,18 - 24,Královéhradecký kraj,78,0,0,0.0,1.22
2026-08-24,Kopačka.cz,context,Desktop,macOS,Žena,18 - 24,Pardubický kraj,38,0,0,0.0,0.59
2026-08-24,Kopačka.cz,context,Desktop,macOS,Žena,18 - 24,Kraj Vysočina,1,0,0,0.0,0.02
2026-08-24,Kopačka.cz,context,Desktop,macOS,Žena,18 - 24,Jihomoravský kraj,10,0,0,0.0,0.16
2026-08-24,Kopačka.cz,context,Desktop,macOS,Žena,18 - 24,Olomoucký kraj,5,0,0,0.0,0.08
2026-08-24,Kopačka.cz,context,Desktop,macOS,Žena,18 - 24,Zlínský kraj,104,1,0,0.0,1.62
2026-08-24,Kopačka.cz,context,Desktop,macOS,Žena,18 - 24,Moravskoslezský kraj,21,0,0,0.0,0.33
2026-08-24,Kopačka.cz,context,Desktop,Windows,Neznámý,40 - 59,Hlavní město Praha,1,0,0,0.0,0.01
2026-08-24,Kopačka.cz,context,Desktop,Windows,Neznámý,40 - 59,Středočeský kraj,1,0,0,0.0,0.01
2026-08-24,Kopačka.cz,context,Desktop,Windows,Neznámý,40 - 59,Jihočeský kraj,1,0,0,0.0,0.01
2026-08-24,Kopačka.cz,context,Desktop,Windows,Neznámý,40 - 59,Plzeňský kraj,1,0,0,0.0,0.01
2026-08-24,Kopačka.cz,context,Desktop,Windows,Neznámý,40 - 59,Karlovarský kraj,1,0,0,0.0,0.01
2026-08-24,Kopačka.cz,context,Desktop,Windows,Neznámý,40 - 59,Ústecký kraj,1,0,0,0.0,0.01
2026-08-24,Kopačka.cz,context,Desktop,Windows,Neznámý,40 - 59,Liberecký kraj,1,0,0,0.0,0.01
2026-08-24,Kopačka.cz,context,Desktop,Windows,Neznámý,40 - 59,Královéhradecký kraj,2,0,0,0.0,0.01
2026-08-24,Kopačka.cz,context,Desktop,Windows,Neznámý,40 - 59,Pardubický kraj,1,0,0,0.0,0.01
2026-08-24,Kopačka.cz,context,Desktop,Windows,Neznámý,40 - 59,Kraj Vysočina,2,0,0,0.0,0.01
2026-08-24,Kopačka.cz,context,Desktop,Windows,Neznámý,40 - 59,Jihomoravský kraj,1,0,0,0.0,0.01
2026-08-24,Kopačka.cz,context,Desktop,Windows,Neznámý,40 - 59,Olomoucký kraj,2,0,0,0.0,0.01
2026-08-24,Kopačka.cz,context,Desktop,Windows,Neznámý,40 - 59,Zlínský kraj,1,0,0,0.0,0.01
2026-08-24,Kopačka.cz,context,Desktop,Windows,Neznámý,40 - 59,Moravskoslezský kraj,1,0,0,0.0,0.01
2026-08-24,Kámoši.net,context,SmartPhone,Android,Muž,40 - 59,Hlavní město Praha,26883,46,1,717.64,312.31
2026-08-24,Kámoši.net,context,SmartPhone,Android,Muž,40 - 59,Středočeský kraj,80266,226,9,6458.72,932.48
2026-08-24,Kámoši.net,context,SmartPhone,Android,Muž,40 - 59,Jihočeský kraj,21877,66,4,2870.54,254.15
2026-08-24,Kámoši.net,context,SmartPhone,Android,Muž,40 - 59,Plzeňský kraj,123708,357,13,9329.27,1437.16
2026-08-24,Kámoši.net,context,SmartPhone,Android,Muž,40 - 59,Karlovarský kraj,73000,210,9,6458.72,848.07
2026-08-24,Kámoši.net,context,SmartPhone,Android,Muž,40 - 59,Ústecký kraj,55174,153,7,5023.45,640.98
2026-08-24,Kámoši.net,context,SmartPhone,Android,Muž,40 - 59,Liberecký kraj,3349,6,0,0.0,38.91
2026-08-24,Kámoši.net,context,SmartPhone,Android,Muž,40 - 59,Královéhradecký kraj,19927,48,3,2152.91,231.5
2026-08-24,Kámoši.net,context,SmartPhone,Android,Muž,40 - 59,Pardubický kraj,19870,69,3,2152.91,230.84
2026-08-24,Kámoši.net,context,SmartPhone,Android,Muž,40 - 59,Kraj Vysočina,63118,158,4,2870.54,733.27
2026-08-24,Kámoši.net,context,SmartPhone,Android,Muž,40 - 59,Jihomoravský kraj,24863,66,3,2152.91,288.84
2026-08-24,Kámoši.net,context,SmartPhone,Android,Muž,40 - 59,Olomoucký kraj,12053,27,1,717.64,140.02
2026-08-24,Kámoši.net,context,SmartPhone,Android,Muž,40 - 59,Zlínský kraj,31625,94,4,2870.54,367.4
2026-08-24,Kámoši.net,context,SmartPhone,Android,Muž,40 - 59,Moravskoslezský kraj,45450,123,3,2152.91,528.01
2026-08-24,Pozdní Zprávy,context,Tablet,Windows,Neznámý,Neznámý,Hlavní město Praha,1,0,0,0.0,0.0
2026-08-24,Pozdní Zprávy,context,Tablet,Windows,Neznámý,Neznámý,Středočeský kraj,1,0,0,0.0,0.0
2026-08-24,Pozdní Zprávy,context,Tablet,Windows,Neznámý,Neznámý,Jihočeský kraj,1,0,0,0.0,0.0
2026-08-24,Pozdní Zprávy,context,Tablet,Windows,Neznámý,Neznámý,Plzeňský kraj,1,0,0,0.0,0.0
2026-08-24,Pozdní Zprávy,context,Tablet,Windows,Neznámý,Neznámý,Karlovarský kraj,1,0,0,0.0,0.0
2026-08-24,Pozdní Zprávy,context,Tablet,Windows,Neznámý,Neznámý,Ústecký kraj,1,0,0,0.0,0.0
2026-08-24,Pozdní Zprávy,context,Tablet,Windows,Neznámý,Neznámý,Liberecký kraj,1,0,0,0.0,0.0
2026-08-24,Pozdní Zprávy,context,Tablet,Windows,Neznámý,Neznámý,Královéhradecký kraj,1,0,0,0.0,0.0
2026-08-24,Pozdní Zprávy,context,Tablet,Windows,Neznámý,Neznámý,Pardubický kraj,1,0,0,0.0,0.0
2026-08-24,Pozdní Zprávy,context,Tablet,Windows,Neznámý,Neznámý,Kraj Vysočina,1,0,0,0.0,0.0
2026-08-24,Pozdní Zprávy,context,Tablet,Windows,Neznámý,Neznámý,Jihomoravský kraj,1,0,0,0.0,0.0
2026-08-24,Pozdní Zprávy,context,Tablet,Windows,Neznámý,Neznámý,Olomoucký kraj,1,0,0,0.0,0.0
2026-08-24,Pozdní Zprávy,context,Tablet,Windows,Neznámý,Neznámý,Zlínský kraj,1,0,0,0.0,0.0
2026-08-24,Pozdní Zprávy,context,Tablet,Windows,Neznámý,Neznámý,Moravskoslezský kraj,1,0,0,0.0,0.0
2026-08-24,Pozdní Zprávy,context,SmallScreen,Android,Muž,40 - 59,Hlavní město Praha,18,0,0,0.0,0.29
2026-08-24,Pozdní Zprávy,context,SmallScreen,Android,Muž,40 - 59,Středočeský kraj,3,0,0,0.0,0.05
2026-08-24,Pozdní Zprávy,context,SmallScreen,Android,Muž,40 - 59,Jihočeský kraj,22,0,0,0.0,0.36
2026-08-24,Pozdní Zprávy,context,SmallScreen,Android,Muž,40 - 59,Plzeňský kraj,44,0,0,0.0,0.72
2026-08-24,Pozdní Zprávy,context,SmallScreen,Android,Muž,40 - 59,Karlovarský kraj,52,0,0,0.0,0.85
2026-08-24,Pozdní Zprávy,context,SmallScreen,Android,Muž,40 - 59,Ústecký kraj,42,1,1,0.0,0.69
2026-08-24,Pozdní Zprávy,context,SmallScreen,Android,Muž,40 - 59,Liberecký kraj,59,1,0,0.0,0.97
2026-08-24,Pozdní Zprávy,context,SmallScreen,Android,Muž,40 - 59,Královéhradecký kraj,82,0,0,0.0,1.34
2026-08-24,Pozdní Zprávy,context,SmallScreen,Android,Muž,40 - 59,Pardubický kraj,3,0,0,0.0,0.05
2026-08-24,Pozdní Zprávy,context,SmallScreen,Android,Muž,40 - 59,Kraj Vysočina,13,0,0,0.0,0.21
2026-08-24,Pozdní Zprávy,context,SmallScreen,Android,Muž,40 - 59,Jihomoravský kraj,11,0,0,0.0,0.18
2026-08-24,Pozdní Zprávy,context,SmallScreen,Android,Muž,40 - 59,Olomoucký kraj,1,0,0,0.0,0.02
2026-08-24,Pozdní Zprávy,context,SmallScreen,Android,Muž,40 - 59,Zlínský kraj,26,0,0,0.0,0.43
2026-08-24,Pozdní Zprávy,context,SmallScreen,Android,Muž,40 - 59,Moravskoslezský kraj,33,0,0,0.0,0.54
2026-08-24,Pozdní Zprávy,context,Desktop,macOS,Neznámý,25 - 39,Hlavní město Praha,1,0,0,0.0,0.0
2026-08-24,Pozdní Zprávy,context,Desktop,macOS,Neznámý,25 - 39,Středočeský kraj,1,0,0,0.0,0.0
2026-08-24,Pozdní Zprávy,context,Desktop,macOS,Neznámý,25 - 39,Jihočeský kraj,2,0,0,0.0,0.0
2026-08-24,Pozdní Zprávy,context,Desktop,macOS,Neznámý,25 - 39,Plzeňský kraj,1,0,0,0.0,0.0
2026-08-24,Pozdní Zprávy,context,Desktop,macOS,Neznámý,25 - 39,Karlovarský kraj,1,0,0,0.0,0.0
2026-08-24,Pozdní Zprávy,context,Desktop,macOS,Neznámý,25 - 39,Ústecký kraj,3,0,0,0.0,0.0
2026-08-24,Pozdní Zprávy,context,Desktop,macOS,Neznámý,25 - 39,Liberecký kraj,1,0,0,0.0,0.0
2026-08-24,Pozdní Zprávy,context,Desktop,macOS,Neznámý,25 - 39,Královéhradecký kraj,2,0,0,0.0,0.0
2026-08-24,Pozdní Zprávy,context,Desktop,macOS,Neznámý,25 - 39,Pardubický kraj,1,0,0,0.0,0.0
2026-08-24,Pozdní Zprávy,context,Desktop,macOS,Neznámý,25 - 39,Kraj Vysočina,2,0,0,0.0,0.0
2026-08-24,Pozdní Zprávy,context,Desktop,macOS,Neznámý,25 - 39,Jihomoravský kraj,3,0,0,0.0,0.0
2026-08-24,Pozdní Zprávy,context,Desktop,macOS,Neznámý,25 - 39,Olomoucký kraj,1,0,0,0.0,0.0
2026-08-24,Pozdní Zprávy,context,Desktop,macOS,Neznámý,25 - 39,Zlínský kraj,1,0,0,0.0,0.0
2026-08-24,Pozdní Zprávy,context,Desktop,macOS,Neznámý,25 - 39,Moravskoslezský kraj,4,0,0,0.0,0.0
2026-08-24,Pozdní Zprávy,context,Tablet,iPadOS,Neznámý,Neznámý,Hlavní město Praha,1358,2,0,0.0,8.84
2026-08-24,Pozdní Zprávy,context,Tablet,iPadOS,Neznámý,Neznámý,Středočeský kraj,363,1,0,0.0,2.36
2026-08-24,Pozdní Zprávy,context,Tablet,iPadOS,Neznámý,Neznámý,Jihočeský kraj,2388,5,0,0.0,15.54
2026-08-24,Pozdní Zprávy,context,Tablet,iPadOS,Neznámý,Neznámý,Plzeňský kraj,600,2,0,0.0,3.91
2026-08-24,Pozdní Zprávy,context,Tablet,iPadOS,Neznámý,Neznámý,Karlovarský kraj,3417,7,0,0.0,22.24
2026-08-24,Pozdní Zprávy,context,Tablet,iPadOS,Neznámý,Neznámý,Ústecký kraj,131,0,0,0.0,0.85
2026-08-24,Pozdní Zprávy,context,Tablet,iPadOS,Neznámý,Neznámý,Liberecký kraj,889,1,0,0.0,5.79
2026-08-24,Pozdní Zprávy,context,Tablet,iPadOS,Neznámý,Neznámý,Královéhradecký kraj,1297,0,0,0.0,8.44
2026-08-24,Pozdní Zprávy,context,Tablet,iPadOS,Neznámý,Neznámý,Pardubický kraj,1866,2,0,0.0,12.15
2026-08-24,Pozdní Zprávy,context,Tablet,iPadOS,Neznámý,Neznámý,Kraj Vysočina,909,1,0,0.0,5.92
2026-08-24,Pozdní Zprávy,context,Tablet,iPadOS,Neznámý,Neznámý,Jihomoravský kraj,1378,1,0,0.0,8.97
2026-08-24,Pozdní Zprávy,context,Tablet,iPadOS,Neznámý,Neznámý,Olomoucký kraj,927,1,0,0.0,6.03
2026-08-24,Pozdní Zprávy,context,Tablet,iPadOS,Neznámý,Neznámý,Zlínský kraj,939,2,0,0.0,6.11
2026-08-24,Pozdní Zprávy,context,Tablet,iPadOS,Neznámý,Neznámý,Moravskoslezský kraj,206,0,0,0.0,1.34
2026-08-24,Pozdní Zprávy,context,Desktop,,Žena,18 - 24,Hlavní město Praha,21,0,0,0.0,0.54
2026-08-24,Pozdní Zprávy,context,Desktop,,Žena,18 - 24,Středočeský kraj,184,0,0,0.0,4.77
2026-08-24,Pozdní Zprávy,context,Desktop,,Žena,18 - 24,Jihočeský kraj,79,0,0,0.0,2.05
2026-08-24,Pozdní Zprávy,context,Desktop,,Žena,18 - 24,Plzeňský kraj,72,0,0,0.0,1.87
2026-08-24,Pozdní Zprávy,context,Desktop,,Žena,18 - 24,Karlovarský kraj,77,0,0,0.0,1.99
2026-08-24,Pozdní Zprávy,context,Desktop,,Žena,18 - 24,Ústecký kraj,35,0,0,0.0,0.91
2026-08-24,Pozdní Zprávy,context,Desktop,,Žena,18 - 24,Liberecký kraj,4,0,0,0.0,0.1
2026-08-24,Pozdní Zprávy,context,Desktop,,Žena,18 - 24,Královéhradecký kraj,8,0,0,0.0,0.21
2026-08-24,Pozdní Zprávy,context,Desktop,,Žena,18 - 24,Pardubický kraj,177,0,0,0.0,4.59
2026-08-24,Pozdní Zprávy,context,Desktop,,Žena,18 - 24,Kraj Vysočina,35,0,0,0.0,0.91
2026-08-24,Pozdní Zprávy,context,Desktop,,Žena,18 - 24,Jihomoravský kraj,90,0,0,0.0,2.33
2026-08-24,Pozdní Zprávy,context,Desktop,,Žena,18 - 24,Olomoucký kraj,73,0,0,0.0,1.89
2026-08-24,Pozdní Zprávy,context,Desktop,,Žena,18 - 24,Zlínský kraj,54,1,0,0.0,1.4
2026-08-24,Pozdní Zprávy,context,Desktop,,Žena,18 - 24,Moravskoslezský kraj,54,0,0,0.0,1.4
2026-08-24,Pozdní Zprávy,context,SmartPhone,iOS,Muž,25 - 39,Hlavní město Praha,20482,47,0,0.0,191.87
2026-08-24,Pozdní Zprávy,context,SmartPhone,iOS,Muž,25 - 39,Středočeský kraj,78912,139,9,0.0,739.22
2026-08-24,Pozdní Zprávy,context,SmartPhone,iOS,Muž,25 - 39,Jihočeský kraj,21501,42,0,0.0,201.41
2026-08-24,Pozdní Zprávy,context,SmartPhone,iOS,Muž,25 - 39,Plzeňský kraj,18510,27,0,0.0,173.39
2026-08-24,Pozdní Zprávy,context,SmartPhone,iOS,Muž,25 - 39,Karlovarský kraj,17684,31,3,0.0,165.66
2026-08-24,Pozdní Zprávy,context,SmartPhone,iOS,Muž,25 - 39,Ústecký kraj,77236,129,11,0.0,723.52
2026-08-24,Pozdní Zprávy,context,SmartPhone,iOS,Muž,25 - 39,Liberecký kraj,27,0,0,0.0,0.25
2026-08-24,Pozdní Zprávy,context,SmartPhone,iOS,Muž,25 - 39,Královéhradecký kraj,50347,78,3,0.0,471.63
2026-08-24,Pozdní Zprávy,context,SmartPhone,iOS,Muž,25 - 39,Pardubický kraj,5025,5,0,0.0,47.07
2026-08-24,Pozdní Zprávy,context,SmartPhone,iOS,Muž,25 - 39,Kraj Vysočina,9735,18,4,0.0,91.19
2026-08-24,Pozdní Zprávy,context,SmartPhone,iOS,Muž,25 - 39,Jihomoravský kraj,3611,3,0,0.0,33.83
2026-08-24,Pozdní Zprávy,context,SmartPhone,iOS,Muž,25 - 39,Olomoucký kraj,5910,12,0,0.0,55.36
2026-08-24,Pozdní Zprávy,context,SmartPhone,iOS,Muž,25 - 39,Zlínský kraj,9331,10,1,0.0,87.41
2026-08-24,Pozdní Zprávy,context,SmartPhone,iOS,Muž,25 - 39,Moravskoslezský kraj,68203,107,4,0.0,638.9
2026-08-24,Poštovna.cz,context,,,Žena,25 - 39,Hlavní město Praha,1,0,0,0.0,0.0
2026-08-24,Poštovna.cz,context,,,Žena,25 - 39,Středočeský kraj,1,0,0,0.0,0.0
2026-08-24,Poštovna.cz,context,,,Žena,25 - 39,Jihočeský kraj,1,0,0,0.0,0.0
2026-08-24,Poštovna.cz,context,,,Žena,25 - 39,Plzeňský kraj,1,0,0,0.0,0.0
2026-08-24,Poštovna.cz,context,,,Žena,25 - 39,Karlovarský kraj,1,0,0,0.0,0.0
2026-08-24,Poštovna.cz,context,,,Žena,25 - 39,Ústecký kraj,1,0,0,0.0,0.0
2026-08-24,Poštovna.cz,context,,,Žena,25 - 39,Liberecký kraj,1,0,0,0.0,0.0
2026-08-24,Poštovna.cz,context,,,Žena,25 - 39,Královéhradecký kraj,1,0,0,0.0,0.0
2026-08-24,Poštovna.cz,context,,,Žena,25 - 39,Pardubický kraj,1,0,0,0.0,0.0
2026-08-24,Poštovna.cz,context,,,Žena,25 - 39,Kraj Vysočina,1,0,0,0.0,0.0
2026-08-24,Poštovna.cz,context,,,Žena,25 - 39,Jihomoravský kraj,1,0,0,0.0,0.0
2026-08-24,Poštovna.cz,context,,,Žena,25 - 39,Olomoucký kraj,1,0,0,0.0,0.0
2026-08-24,Poštovna.cz,context,,,Žena,25 - 39,Zlínský kraj,1,0,0,0.0,0.0
2026-08-24,Poštovna.cz,context,,,Žena,25 - 39,Moravskoslezský kraj,1,0,0,0.0,0.0
2026-08-24,Poštovna.cz,context,Tablet,iOS,Muž,60+,Hlavní město Praha,1,0,0,0.0,0.06
2026-08-24,Poštovna.cz,context,Tablet,iOS,Muž,60+,Středočeský kraj,9,0,0,0.0,0.52
2026-08-24,Poštovna.cz,context,Tablet,iOS,Muž,60+,Jihočeský kraj,4,0,0,0.0,0.23
2026-08-24,Poštovna.cz,context,Tablet,iOS,Muž,60+,Plzeňský kraj,11,1,0,0.0,0.63
2026-08-24,Poštovna.cz,context,Tablet,iOS,Muž,60+,Karlovarský kraj,1,0,0,0.0,0.06
2026-08-24,Poštovna.cz,context,Tablet,iOS,Muž,60+,Ústecký kraj,44,0,0,0.0,2.52
2026-08-24,Poštovna.cz,context,Tablet,iOS,Muž,60+,Liberecký kraj,13,1,0,0.0,0.75
2026-08-24,Poštovna.cz,context,Tablet,iOS,Muž,60+,Královéhradecký kraj,4,0,0,0.0,0.23
2026-08-24,Poštovna.cz,context,Tablet,iOS,Muž,60+,Pardubický kraj,6,0,0,0.0,0.34
2026-08-24,Poštovna.cz,context,Tablet,iOS,Muž,60+,Kraj Vysočina,24,0,0,0.0,1.38
2026-08-24,Poštovna.cz,context,Tablet,iOS,Muž,60+,Jihomoravský kraj,4,0,0,0.0,0.23
2026-08-24,Poštovna.cz,context,Tablet,iOS,Muž,60+,Olomoucký kraj,2,0,0,0.0,0.11
2026-08-24,Poštovna.cz,context,Tablet,iOS,Muž,60+,Zlínský kraj,10,0,0,0.0,0.57
2026-08-24,Poštovna.cz,context,Tablet,iOS,Muž,60+,Moravskoslezský kraj,16,0,0,0.0,0.92
2026-08-24,Poštovna.cz,context,Desktop,macOS,Neznámý,18 - 24,Hlavní město Praha,1,0,0,0.0,0.0
2026-08-24,Poštovna.cz,context,Desktop,macOS,Neznámý,18 - 24,Středočeský kraj,1,0,0,0.0,0.0
2026-08-24,Poštovna.cz,context,Desktop,macOS,Neznámý,18 - 24,Jihočeský kraj,1,0,0,0.0,0.0
2026-08-24,Poštovna.cz,context,Desktop,macOS,Neznámý,18 - 24,Plzeňský kraj,1,0,0,0.0,0.0
2026-08-24,Poštovna.cz,context,Desktop,macOS,Neznámý,18 - 24,Karlovarský kraj,1,0,0,0.0,0.0
2026-08-24,Poštovna.cz,context,Desktop,macOS,Neznámý,18 - 24,Ústecký kraj,1,0,0,0.0,0.0
2026-08-24,Poštovna.cz,context,Desktop,macOS,Neznámý,18 - 24,Liberecký kraj,1,0,0,0.0,0.0
2026-08-24,Poštovna.cz,context,Desktop,macOS,Neznámý,18 - 24,Královéhradecký kraj,1,0,0,0.0,0.0
2026-08-24,Poštovna.cz,context,Desktop,macOS,Neznámý,18 - 24,Pardubický kraj,1,0,0,0.0,0.0
2026-08-24,Poštovna.cz,context,Desktop,macOS,Neznámý,18 - 24,Kraj Vysočina,1,0,0,0.0,0.0
2026-08-24,Poštovna.cz,context,Desktop,macOS,Neznámý,18 - 24,Jihomoravský kraj,1,0,0,0.0,0.0
2026-08-24,Poštovna.cz,context,Desktop,macOS,Neznámý,18 - 24,Olomoucký kraj,1,0,0,0.0,0.0
2026-08-24,Poštovna.cz,context,Desktop,macOS,Neznámý,18 - 24,Zlínský kraj,1,0,0,0.0,0.0
2026-08-24,Poštovna.cz,context,Desktop,macOS,Neznámý,18 - 24,Moravskoslezský kraj,1,0,0,0.0,0.0
2026-08-24,Poštovna.cz,context,SmartPhone,Android,Neznámý,40 - 59,Hlavní město Praha,17,0,0,0.0,0.05
2026-08-24,Poštovna.cz,context,SmartPhone,Android,Neznámý,40 - 59,Středočeský kraj,4,0,0,0.0,0.01
2026-08-24,Poštovna.cz,context,SmartPhone,Android,Neznámý,40 - 59,Jihočeský kraj,6,0,0,0.0,0.02
2026-08-24,Poštovna.cz,context,SmartPhone,Android,Neznámý,40 - 59,Plzeňský kraj,4,0,0,0.0,0.01
2026-08-24,Poštovna.cz,context,SmartPhone,Android,Neznámý,40 - 59,Karlovarský kraj,1,0,0,0.0,0.0
2026-08-24,Poštovna.cz,context,SmartPhone,Android,Neznámý,40 - 59,Ústecký kraj,11,0,0,0.0,0.03
2026-08-24,Poštovna.cz,context,SmartPhone,Android,Neznámý,40 - 59,Liberecký kraj,9,0,0,0.0,0.03
2026-08-24,Poštovna.cz,context,SmartPhone,Android,Neznámý,40 - 59,Královéhradecký kraj,4,0,0,0.0,0.01
2026-08-24,Poštovna.cz,context,SmartPhone,Android,Neznámý,40 - 59,Pardubický kraj,3,0,0,0.0,0.01
2026-08-24,Poštovna.cz,context,SmartPhone,Android,Neznámý,40 - 59,Kraj Vysočina,1,0,0,0.0,0.0
2026-08-24,Poštovna.cz,context,SmartPhone,Android,Neznámý,40 - 59,Jihomoravský kraj,10,0,0,0.0,0.03
2026-08-24,Poštovna.cz,context,SmartPhone,Android,Neznámý,40 - 59,Olomoucký kraj,1,0,0,0.0,0.0
2026-08-24,Poštovna.cz,context,SmartPhone,Android,Neznámý,40 - 59,Zlínský kraj,3,0,0,0.0,0.01
2026-08-24,Poštovna.cz,context,SmartPhone,Android,Neznámý,40 - 59,Moravskoslezský kraj,15,0,0,0.0,0.04
2026-08-24,Poštovna.cz,context,Tv,Tizen,Žena,60+,Hlavní město Praha,1,0,0,0.0,0.0
2026-08-24,Poštovna.cz,context,Tv,Tizen,Žena,60+,Středočeský kraj,2,0,0,0.0,0.0
2026-08-24,Poštovna.cz,context,Tv,Tizen,Žena,60+,Jihočeský kraj,1,0,0,0.0,0.0
2026-08-24,Poštovna.cz,context,Tv,Tizen,Žena,60+,Plzeňský kraj,1,0,0,0.0,0.0
2026-08-24,Poštovna.cz,context,Tv,Tizen,Žena,60+,Karlovarský kraj,2,0,0,0.0,0.0
2026-08-24,Poštovna.cz,context,Tv,Tizen,Žena,60+,Ústecký kraj,1,0,0,0.0,0.0
2026-08-24,Poštovna.cz,context,Tv,Tizen,Žena,60+,Liberecký kraj,2,0,0,0.0,0.0
2026-08-24,Poštovna.cz,context,Tv,Tizen,Žena,60+,Královéhradecký kraj,1,0,0,0.0,0.0
2026-08-24,Poštovna.cz,context,Tv,Tizen,Žena,60+,Pardubický kraj,1,0,0,0.0,0.0
2026-08-24,Poštovna.cz,context,Tv,Tizen,Žena,60+,Kraj Vysočina,1,0,0,0.0,0.0
2026-08-24,Poštovna.cz,context,Tv,Tizen,Žena,60+,Jihomoravský kraj,1,0,0,0.0,0.0
2026-08-24,Poštovna.cz,context,Tv,Tizen,Žena,60+,Olomoucký kraj,1,0,0,0.0,0.0
2026-08-24,Poštovna.cz,context,Tv,Tizen,Žena,60+,Zlínský kraj,1,0,0,0.0,0.0
2026-08-24,Poštovna.cz,context,Tv,Tizen,Žena,60+,Moravskoslezský kraj,1,0,0,0.0,0.0
2026-08-24,ProTety.cz,context,Tv,,Žena,25 - 39,Hlavní město Praha,1,0,0,0.0,0.0
2026-08-24,ProTety.cz,context,Tv,,Žena,25 - 39,Středočeský kraj,1,0,0,0.0,0.0
2026-08-24,ProTety.cz,context,Tv,,Žena,25 - 39,Jihočeský kraj,1,0,0,0.0,0.0
2026-08-24,ProTety.cz,context,Tv,,Žena,25 - 39,Plzeňský kraj,1,0,0,0.0,0.0
2026-08-24,ProTety.cz,context,Tv,,Žena,25 - 39,Karlovarský kraj,1,0,0,0.0,0.0
2026-08-24,ProTety.cz,context,Tv,,Žena,25 - 39,Ústecký kraj,1,0,0,0.0,0.0
2026-08-24,ProTety.cz,context,Tv,,Žena,25 - 39,Liberecký kraj,1,0,0,0.0,0.0
2026-08-24,ProTety.cz,context,Tv,,Žena,25 - 39,Královéhradecký kraj,1,0,0,0.0,0.0
2026-08-24,ProTety.cz,context,Tv,,Žena,25 - 39,Pardubický kraj,1,0,0,0.0,0.0
2026-08-24,ProTety.cz,context,Tv,,Žena,25 - 39,Kraj Vysočina,1,0,0,0.0,0.0
2026-08-24,ProTety.cz,context,Tv,,Žena,25 - 39,Jihomoravský kraj,1,0,0,0.0,0.0
2026-08-24,ProTety.cz,context,Tv,,Žena,25 - 39,Olomoucký kraj,1,0,0,0.0,0.0
2026-08-24,ProTety.cz,context,Tv,,Žena,25 - 39,Zlínský kraj,1,0,0,0.0,0.0
2026-08-24,ProTety.cz,context,Tv,,Žena,25 - 39,Moravskoslezský kraj,1,0,0,0.0,0.0
2026-08-24,ProTety.cz,context,Tv,Tizen,Muž,Neznámý,Hlavní město Praha,1,0,0,0.0,0.0
2026-08-24,ProTety.cz,context,Tv,Tizen,Muž,Neznámý,Středočeský kraj,1,0,0,0.0,0.0
2026-08-24,ProTety.cz,context,Tv,Tizen,Muž,Neznámý,Jihočeský kraj,1,0,0,0.0,0.0
2026-08-24,ProTety.cz,context,Tv,Tizen,Muž,Neznámý,Plzeňský kraj,1,0,0,0.0,0.0
2026-08-24,ProTety.cz,context,Tv,Tizen,Muž,Neznámý,Karlovarský kraj,1,0,0,0.0,0.0
2026-08-24,ProTety.cz,context,Tv,Tizen,Muž,Neznámý,Ústecký kraj,1,0,0,0.0,0.0
2026-08-24,ProTety.cz,context,Tv,Tizen,Muž,Neznámý,Liberecký kraj,1,0,0,0.0,0.0
2026-08-24,ProTety.cz,context,Tv,Tizen,Muž,Neznámý,Královéhradecký kraj,1,0,0,0.0,0.0
2026-08-24,ProTety.cz,context,Tv,Tizen,Muž,Neznámý,Pardubický kraj,1,0,0,0.0,0.0
2026-08-24,ProTety.cz,context,Tv,Tizen,Muž,Neznámý,Kraj Vysočina,1,0,0,0.0,0.0
2026-08-24,ProTety.cz,context,Tv,Tizen,Muž,Neznámý,Jihomoravský kraj,1,0,0,0.0,0.0
2026-08-24,ProTety.cz,context,Tv,Tizen,Muž,Neznámý,Olomoucký kraj,1,0,0,0.0,0.0
2026-08-24,ProTety.cz,context,Tv,Tizen,Muž,Neznámý,Zlínský kraj,1,0,0,0.0,0.0
2026-08-24,ProTety.cz,context,Tv,Tizen,Muž,Neznámý,Moravskoslezský kraj,1,0,0,0.0,0.0
